/*--------------------------------*- C++ -*----------------------------------*\
| =========                 |                                                 |
| \\      /  F ield         | OpenFOAM: The Open Source CFD Toolbox           |
|  \\    /   O peration     | Version:  5.x                                   |
|   \\  /    A nd           | Web:      www.OpenFOAM.org                      |
|    \\/     M anipulation  |                                                 |
\*---------------------------------------------------------------------------*/
FoamFile
{
    version     2.0;
    format      ascii;
    class       labelList;
    note        "nPoints: 56088 nCells: 51000 nFaces: 157955 nInternalFaces: 148045";
    location    "constant/polyMesh";
    object      neighbour;
}
// * * * * * * * * * * * * * * * * * * * * * * * * * * * * * * * * * * * * * //


148045
(
1
75
300
2
76
301
3
77
302
4
78
303
5
79
304
6
80
305
7
81
306
8
82
307
9
83
308
10
84
309
11
85
310
12
86
311
13
87
312
14
88
313
15
89
314
16
90
315
17
91
316
18
92
317
19
93
318
20
94
319
21
95
320
22
96
321
23
97
322
24
98
323
25
99
324
26
100
325
27
101
326
28
102
327
29
103
328
30
104
329
31
105
330
32
106
331
33
107
332
34
108
333
35
109
334
36
110
335
37
111
336
38
112
337
39
113
338
40
114
339
41
115
340
42
116
341
43
117
342
44
118
343
45
119
344
46
120
345
47
121
346
48
122
347
49
123
348
50
124
349
51
125
350
52
126
351
53
127
352
54
128
353
55
129
354
56
130
355
57
131
356
58
132
357
59
133
358
60
134
359
61
135
360
62
136
361
63
137
362
64
138
363
65
139
364
66
140
365
67
141
366
68
142
367
69
143
368
70
144
369
71
145
370
72
146
371
73
147
372
74
148
373
149
374
76
150
375
77
151
376
78
152
377
79
153
378
80
154
379
81
155
380
82
156
381
83
157
382
84
158
383
85
159
384
86
160
385
87
161
386
88
162
387
89
163
388
90
164
389
91
165
390
92
166
391
93
167
392
94
168
393
95
169
394
96
170
395
97
171
396
98
172
397
99
173
398
100
174
399
101
175
400
102
176
401
103
177
402
104
178
403
105
179
404
106
180
405
107
181
406
108
182
407
109
183
408
110
184
409
111
185
410
112
186
411
113
187
412
114
188
413
115
189
414
116
190
415
117
191
416
118
192
417
119
193
418
120
194
419
121
195
420
122
196
421
123
197
422
124
198
423
125
199
424
126
200
425
127
201
426
128
202
427
129
203
428
130
204
429
131
205
430
132
206
431
133
207
432
134
208
433
135
209
434
136
210
435
137
211
436
138
212
437
139
213
438
140
214
439
141
215
440
142
216
441
143
217
442
144
218
443
145
219
444
146
220
445
147
221
446
148
222
447
149
223
448
224
449
151
225
450
152
226
451
153
227
452
154
228
453
155
229
454
156
230
455
157
231
456
158
232
457
159
233
458
160
234
459
161
235
460
162
236
461
163
237
462
164
238
463
165
239
464
166
240
465
167
241
466
168
242
467
169
243
468
170
244
469
171
245
470
172
246
471
173
247
472
174
248
473
175
249
474
176
250
475
177
251
476
178
252
477
179
253
478
180
254
479
181
255
480
182
256
481
183
257
482
184
258
483
185
259
484
186
260
485
187
261
486
188
262
487
189
263
488
190
264
489
191
265
490
192
266
491
193
267
492
194
268
493
195
269
494
196
270
495
197
271
496
198
272
497
199
273
498
200
274
499
201
275
500
202
276
501
203
277
502
204
278
503
205
279
504
206
280
505
207
281
506
208
282
507
209
283
508
210
284
509
211
285
510
212
286
511
213
287
512
214
288
513
215
289
514
216
290
515
217
291
516
218
292
517
219
293
518
220
294
519
221
295
520
222
296
521
223
297
522
224
298
523
299
524
226
525
1800
227
526
1801
228
527
1802
229
528
1803
230
529
1804
231
530
1805
232
531
1806
233
532
1807
234
533
1808
235
534
1809
236
535
1810
237
536
1811
238
537
1812
239
538
1813
240
539
1814
241
540
1815
242
541
1816
243
542
1817
244
543
1818
245
544
1819
246
545
1820
247
546
1821
248
547
1822
249
548
1823
250
549
1824
251
550
1825
252
551
1826
253
552
1827
254
553
1828
255
554
1829
256
555
1830
257
556
1831
258
557
1832
259
558
1833
260
559
1834
261
560
1835
262
561
1836
263
562
1837
264
563
1838
265
564
1839
266
565
1840
267
566
1841
268
567
1842
269
568
1843
270
569
1844
271
570
1845
272
571
1846
273
572
1847
274
573
1848
275
574
1849
276
575
1850
277
576
1851
278
577
1852
279
578
1853
280
579
1854
281
580
1855
282
581
1856
283
582
1857
284
583
1858
285
584
1859
286
585
1860
287
586
1861
288
587
1862
289
588
1863
290
589
1864
291
590
1865
292
591
1866
293
592
1867
294
593
1868
295
594
1869
296
595
1870
297
596
1871
298
597
1872
299
598
1873
599
1874
301
375
600
302
376
601
303
377
602
304
378
603
305
379
604
306
380
605
307
381
606
308
382
607
309
383
608
310
384
609
311
385
610
312
386
611
313
387
612
314
388
613
315
389
614
316
390
615
317
391
616
318
392
617
319
393
618
320
394
619
321
395
620
322
396
621
323
397
622
324
398
623
325
399
624
326
400
625
327
401
626
328
402
627
329
403
628
330
404
629
331
405
630
332
406
631
333
407
632
334
408
633
335
409
634
336
410
635
337
411
636
338
412
637
339
413
638
340
414
639
341
415
640
342
416
641
343
417
642
344
418
643
345
419
644
346
420
645
347
421
646
348
422
647
349
423
648
350
424
649
351
425
650
352
426
651
353
427
652
354
428
653
355
429
654
356
430
655
357
431
656
358
432
657
359
433
658
360
434
659
361
435
660
362
436
661
363
437
662
364
438
663
365
439
664
366
440
665
367
441
666
368
442
667
369
443
668
370
444
669
371
445
670
372
446
671
373
447
672
374
448
673
449
674
376
450
675
377
451
676
378
452
677
379
453
678
380
454
679
381
455
680
382
456
681
383
457
682
384
458
683
385
459
684
386
460
685
387
461
686
388
462
687
389
463
688
390
464
689
391
465
690
392
466
691
393
467
692
394
468
693
395
469
694
396
470
695
397
471
696
398
472
697
399
473
698
400
474
699
401
475
700
402
476
701
403
477
702
404
478
703
405
479
704
406
480
705
407
481
706
408
482
707
409
483
708
410
484
709
411
485
710
412
486
711
413
487
712
414
488
713
415
489
714
416
490
715
417
491
716
418
492
717
419
493
718
420
494
719
421
495
720
422
496
721
423
497
722
424
498
723
425
499
724
426
500
725
427
501
726
428
502
727
429
503
728
430
504
729
431
505
730
432
506
731
433
507
732
434
508
733
435
509
734
436
510
735
437
511
736
438
512
737
439
513
738
440
514
739
441
515
740
442
516
741
443
517
742
444
518
743
445
519
744
446
520
745
447
521
746
448
522
747
449
523
748
524
749
451
525
750
452
526
751
453
527
752
454
528
753
455
529
754
456
530
755
457
531
756
458
532
757
459
533
758
460
534
759
461
535
760
462
536
761
463
537
762
464
538
763
465
539
764
466
540
765
467
541
766
468
542
767
469
543
768
470
544
769
471
545
770
472
546
771
473
547
772
474
548
773
475
549
774
476
550
775
477
551
776
478
552
777
479
553
778
480
554
779
481
555
780
482
556
781
483
557
782
484
558
783
485
559
784
486
560
785
487
561
786
488
562
787
489
563
788
490
564
789
491
565
790
492
566
791
493
567
792
494
568
793
495
569
794
496
570
795
497
571
796
498
572
797
499
573
798
500
574
799
501
575
800
502
576
801
503
577
802
504
578
803
505
579
804
506
580
805
507
581
806
508
582
807
509
583
808
510
584
809
511
585
810
512
586
811
513
587
812
514
588
813
515
589
814
516
590
815
517
591
816
518
592
817
519
593
818
520
594
819
521
595
820
522
596
821
523
597
822
524
598
823
599
824
526
825
2775
527
826
2776
528
827
2777
529
828
2778
530
829
2779
531
830
2780
532
831
2781
533
832
2782
534
833
2783
535
834
2784
536
835
2785
537
836
2786
538
837
2787
539
838
2788
540
839
2789
541
840
2790
542
841
2791
543
842
2792
544
843
2793
545
844
2794
546
845
2795
547
846
2796
548
847
2797
549
848
2798
550
849
2799
551
850
2800
552
851
2801
553
852
2802
554
853
2803
555
854
2804
556
855
2805
557
856
2806
558
857
2807
559
858
2808
560
859
2809
561
860
2810
562
861
2811
563
862
2812
564
863
2813
565
864
2814
566
865
2815
567
866
2816
568
867
2817
569
868
2818
570
869
2819
571
870
2820
572
871
2821
573
872
2822
574
873
2823
575
874
2824
576
875
2825
577
876
2826
578
877
2827
579
878
2828
580
879
2829
581
880
2830
582
881
2831
583
882
2832
584
883
2833
585
884
2834
586
885
2835
587
886
2836
588
887
2837
589
888
2838
590
889
2839
591
890
2840
592
891
2841
593
892
2842
594
893
2843
595
894
2844
596
895
2845
597
896
2846
598
897
2847
599
898
2848
899
2849
601
675
900
602
676
901
603
677
902
604
678
903
605
679
904
606
680
905
607
681
906
608
682
907
609
683
908
610
684
909
611
685
910
612
686
911
613
687
912
614
688
913
615
689
914
616
690
915
617
691
916
618
692
917
619
693
918
620
694
919
621
695
920
622
696
921
623
697
922
624
698
923
625
699
924
626
700
925
627
701
926
628
702
927
629
703
928
630
704
929
631
705
930
632
706
931
633
707
932
634
708
933
635
709
934
636
710
935
637
711
936
638
712
937
639
713
938
640
714
939
641
715
940
642
716
941
643
717
942
644
718
943
645
719
944
646
720
945
647
721
946
648
722
947
649
723
948
650
724
949
651
725
950
652
726
951
653
727
952
654
728
953
655
729
954
656
730
955
657
731
956
658
732
957
659
733
958
660
734
959
661
735
960
662
736
961
663
737
962
664
738
963
665
739
964
666
740
965
667
741
966
668
742
967
669
743
968
670
744
969
671
745
970
672
746
971
673
747
972
674
748
973
749
974
676
750
975
677
751
976
678
752
977
679
753
978
680
754
979
681
755
980
682
756
981
683
757
982
684
758
983
685
759
984
686
760
985
687
761
986
688
762
987
689
763
988
690
764
989
691
765
990
692
766
991
693
767
992
694
768
993
695
769
994
696
770
995
697
771
996
698
772
997
699
773
998
700
774
999
701
775
1000
702
776
1001
703
777
1002
704
778
1003
705
779
1004
706
780
1005
707
781
1006
708
782
1007
709
783
1008
710
784
1009
711
785
1010
712
786
1011
713
787
1012
714
788
1013
715
789
1014
716
790
1015
717
791
1016
718
792
1017
719
793
1018
720
794
1019
721
795
1020
722
796
1021
723
797
1022
724
798
1023
725
799
1024
726
800
1025
727
801
1026
728
802
1027
729
803
1028
730
804
1029
731
805
1030
732
806
1031
733
807
1032
734
808
1033
735
809
1034
736
810
1035
737
811
1036
738
812
1037
739
813
1038
740
814
1039
741
815
1040
742
816
1041
743
817
1042
744
818
1043
745
819
1044
746
820
1045
747
821
1046
748
822
1047
749
823
1048
824
1049
751
825
1050
752
826
1051
753
827
1052
754
828
1053
755
829
1054
756
830
1055
757
831
1056
758
832
1057
759
833
1058
760
834
1059
761
835
1060
762
836
1061
763
837
1062
764
838
1063
765
839
1064
766
840
1065
767
841
1066
768
842
1067
769
843
1068
770
844
1069
771
845
1070
772
846
1071
773
847
1072
774
848
1073
775
849
1074
776
850
1075
777
851
1076
778
852
1077
779
853
1078
780
854
1079
781
855
1080
782
856
1081
783
857
1082
784
858
1083
785
859
1084
786
860
1085
787
861
1086
788
862
1087
789
863
1088
790
864
1089
791
865
1090
792
866
1091
793
867
1092
794
868
1093
795
869
1094
796
870
1095
797
871
1096
798
872
1097
799
873
1098
800
874
1099
801
875
1100
802
876
1101
803
877
1102
804
878
1103
805
879
1104
806
880
1105
807
881
1106
808
882
1107
809
883
1108
810
884
1109
811
885
1110
812
886
1111
813
887
1112
814
888
1113
815
889
1114
816
890
1115
817
891
1116
818
892
1117
819
893
1118
820
894
1119
821
895
1120
822
896
1121
823
897
1122
824
898
1123
899
1124
826
1125
3750
827
1126
3751
828
1127
3752
829
1128
3753
830
1129
3754
831
1130
3755
832
1131
3756
833
1132
3757
834
1133
3758
835
1134
3759
836
1135
3760
837
1136
3761
838
1137
3762
839
1138
3763
840
1139
3764
841
1140
3765
842
1141
3766
843
1142
3767
844
1143
3768
845
1144
3769
846
1145
3770
847
1146
3771
848
1147
3772
849
1148
3773
850
1149
3774
851
1150
3775
852
1151
3776
853
1152
3777
854
1153
3778
855
1154
3779
856
1155
3780
857
1156
3781
858
1157
3782
859
1158
3783
860
1159
3784
861
1160
3785
862
1161
3786
863
1162
3787
864
1163
3788
865
1164
3789
866
1165
3790
867
1166
3791
868
1167
3792
869
1168
3793
870
1169
3794
871
1170
3795
872
1171
3796
873
1172
3797
874
1173
3798
875
1174
3799
876
1175
3800
877
1176
3801
878
1177
3802
879
1178
3803
880
1179
3804
881
1180
3805
882
1181
3806
883
1182
3807
884
1183
3808
885
1184
3809
886
1185
3810
887
1186
3811
888
1187
3812
889
1188
3813
890
1189
3814
891
1190
3815
892
1191
3816
893
1192
3817
894
1193
3818
895
1194
3819
896
1195
3820
897
1196
3821
898
1197
3822
899
1198
3823
1199
3824
901
975
1200
902
976
1201
903
977
1202
904
978
1203
905
979
1204
906
980
1205
907
981
1206
908
982
1207
909
983
1208
910
984
1209
911
985
1210
912
986
1211
913
987
1212
914
988
1213
915
989
1214
916
990
1215
917
991
1216
918
992
1217
919
993
1218
920
994
1219
921
995
1220
922
996
1221
923
997
1222
924
998
1223
925
999
1224
926
1000
1225
927
1001
1226
928
1002
1227
929
1003
1228
930
1004
1229
931
1005
1230
932
1006
1231
933
1007
1232
934
1008
1233
935
1009
1234
936
1010
1235
937
1011
1236
938
1012
1237
939
1013
1238
940
1014
1239
941
1015
1240
942
1016
1241
943
1017
1242
944
1018
1243
945
1019
1244
946
1020
1245
947
1021
1246
948
1022
1247
949
1023
1248
950
1024
1249
951
1025
1250
952
1026
1251
953
1027
1252
954
1028
1253
955
1029
1254
956
1030
1255
957
1031
1256
958
1032
1257
959
1033
1258
960
1034
1259
961
1035
1260
962
1036
1261
963
1037
1262
964
1038
1263
965
1039
1264
966
1040
1265
967
1041
1266
968
1042
1267
969
1043
1268
970
1044
1269
971
1045
1270
972
1046
1271
973
1047
1272
974
1048
1273
1049
1274
976
1050
1275
977
1051
1276
978
1052
1277
979
1053
1278
980
1054
1279
981
1055
1280
982
1056
1281
983
1057
1282
984
1058
1283
985
1059
1284
986
1060
1285
987
1061
1286
988
1062
1287
989
1063
1288
990
1064
1289
991
1065
1290
992
1066
1291
993
1067
1292
994
1068
1293
995
1069
1294
996
1070
1295
997
1071
1296
998
1072
1297
999
1073
1298
1000
1074
1299
1001
1075
1300
1002
1076
1301
1003
1077
1302
1004
1078
1303
1005
1079
1304
1006
1080
1305
1007
1081
1306
1008
1082
1307
1009
1083
1308
1010
1084
1309
1011
1085
1310
1012
1086
1311
1013
1087
1312
1014
1088
1313
1015
1089
1314
1016
1090
1315
1017
1091
1316
1018
1092
1317
1019
1093
1318
1020
1094
1319
1021
1095
1320
1022
1096
1321
1023
1097
1322
1024
1098
1323
1025
1099
1324
1026
1100
1325
1027
1101
1326
1028
1102
1327
1029
1103
1328
1030
1104
1329
1031
1105
1330
1032
1106
1331
1033
1107
1332
1034
1108
1333
1035
1109
1334
1036
1110
1335
1037
1111
1336
1038
1112
1337
1039
1113
1338
1040
1114
1339
1041
1115
1340
1042
1116
1341
1043
1117
1342
1044
1118
1343
1045
1119
1344
1046
1120
1345
1047
1121
1346
1048
1122
1347
1049
1123
1348
1124
1349
1051
1125
1350
1052
1126
1351
1053
1127
1352
1054
1128
1353
1055
1129
1354
1056
1130
1355
1057
1131
1356
1058
1132
1357
1059
1133
1358
1060
1134
1359
1061
1135
1360
1062
1136
1361
1063
1137
1362
1064
1138
1363
1065
1139
1364
1066
1140
1365
1067
1141
1366
1068
1142
1367
1069
1143
1368
1070
1144
1369
1071
1145
1370
1072
1146
1371
1073
1147
1372
1074
1148
1373
1075
1149
1374
1076
1150
1375
1077
1151
1376
1078
1152
1377
1079
1153
1378
1080
1154
1379
1081
1155
1380
1082
1156
1381
1083
1157
1382
1084
1158
1383
1085
1159
1384
1086
1160
1385
1087
1161
1386
1088
1162
1387
1089
1163
1388
1090
1164
1389
1091
1165
1390
1092
1166
1391
1093
1167
1392
1094
1168
1393
1095
1169
1394
1096
1170
1395
1097
1171
1396
1098
1172
1397
1099
1173
1398
1100
1174
1399
1101
1175
1400
1102
1176
1401
1103
1177
1402
1104
1178
1403
1105
1179
1404
1106
1180
1405
1107
1181
1406
1108
1182
1407
1109
1183
1408
1110
1184
1409
1111
1185
1410
1112
1186
1411
1113
1187
1412
1114
1188
1413
1115
1189
1414
1116
1190
1415
1117
1191
1416
1118
1192
1417
1119
1193
1418
1120
1194
1419
1121
1195
1420
1122
1196
1421
1123
1197
1422
1124
1198
1423
1199
1424
1126
1425
4725
1127
1426
4726
1128
1427
4727
1129
1428
4728
1130
1429
4729
1131
1430
4730
1132
1431
4731
1133
1432
4732
1134
1433
4733
1135
1434
4734
1136
1435
4735
1137
1436
4736
1138
1437
4737
1139
1438
4738
1140
1439
4739
1141
1440
4740
1142
1441
4741
1143
1442
4742
1144
1443
4743
1145
1444
4744
1146
1445
4745
1147
1446
4746
1148
1447
4747
1149
1448
4748
1150
1449
4749
1151
1450
4750
1152
1451
4751
1153
1452
4752
1154
1453
4753
1155
1454
4754
1156
1455
4755
1157
1456
4756
1158
1457
4757
1159
1458
4758
1160
1459
4759
1161
1460
4760
1162
1461
4761
1163
1462
4762
1164
1463
4763
1165
1464
4764
1166
1465
4765
1167
1466
4766
1168
1467
4767
1169
1468
4768
1170
1469
4769
1171
1470
4770
1172
1471
4771
1173
1472
4772
1174
1473
4773
1175
1474
4774
1176
1475
4775
1177
1476
4776
1178
1477
4777
1179
1478
4778
1180
1479
4779
1181
1480
4780
1182
1481
4781
1183
1482
4782
1184
1483
4783
1185
1484
4784
1186
1485
4785
1187
1486
4786
1188
1487
4787
1189
1488
4788
1190
1489
4789
1191
1490
4790
1192
1491
4791
1193
1492
4792
1194
1493
4793
1195
1494
4794
1196
1495
4795
1197
1496
4796
1198
1497
4797
1199
1498
4798
1499
4799
1201
1275
1500
1202
1276
1501
1203
1277
1502
1204
1278
1503
1205
1279
1504
1206
1280
1505
1207
1281
1506
1208
1282
1507
1209
1283
1508
1210
1284
1509
1211
1285
1510
1212
1286
1511
1213
1287
1512
1214
1288
1513
1215
1289
1514
1216
1290
1515
1217
1291
1516
1218
1292
1517
1219
1293
1518
1220
1294
1519
1221
1295
1520
1222
1296
1521
1223
1297
1522
1224
1298
1523
1225
1299
1524
1226
1300
1525
1227
1301
1526
1228
1302
1527
1229
1303
1528
1230
1304
1529
1231
1305
1530
1232
1306
1531
1233
1307
1532
1234
1308
1533
1235
1309
1534
1236
1310
1535
1237
1311
1536
1238
1312
1537
1239
1313
1538
1240
1314
1539
1241
1315
1540
1242
1316
1541
1243
1317
1542
1244
1318
1543
1245
1319
1544
1246
1320
1545
1247
1321
1546
1248
1322
1547
1249
1323
1548
1250
1324
1549
1251
1325
1550
1252
1326
1551
1253
1327
1552
1254
1328
1553
1255
1329
1554
1256
1330
1555
1257
1331
1556
1258
1332
1557
1259
1333
1558
1260
1334
1559
1261
1335
1560
1262
1336
1561
1263
1337
1562
1264
1338
1563
1265
1339
1564
1266
1340
1565
1267
1341
1566
1268
1342
1567
1269
1343
1568
1270
1344
1569
1271
1345
1570
1272
1346
1571
1273
1347
1572
1274
1348
1573
1349
1574
1276
1350
1575
1277
1351
1576
1278
1352
1577
1279
1353
1578
1280
1354
1579
1281
1355
1580
1282
1356
1581
1283
1357
1582
1284
1358
1583
1285
1359
1584
1286
1360
1585
1287
1361
1586
1288
1362
1587
1289
1363
1588
1290
1364
1589
1291
1365
1590
1292
1366
1591
1293
1367
1592
1294
1368
1593
1295
1369
1594
1296
1370
1595
1297
1371
1596
1298
1372
1597
1299
1373
1598
1300
1374
1599
1301
1375
1600
1302
1376
1601
1303
1377
1602
1304
1378
1603
1305
1379
1604
1306
1380
1605
1307
1381
1606
1308
1382
1607
1309
1383
1608
1310
1384
1609
1311
1385
1610
1312
1386
1611
1313
1387
1612
1314
1388
1613
1315
1389
1614
1316
1390
1615
1317
1391
1616
1318
1392
1617
1319
1393
1618
1320
1394
1619
1321
1395
1620
1322
1396
1621
1323
1397
1622
1324
1398
1623
1325
1399
1624
1326
1400
1625
1327
1401
1626
1328
1402
1627
1329
1403
1628
1330
1404
1629
1331
1405
1630
1332
1406
1631
1333
1407
1632
1334
1408
1633
1335
1409
1634
1336
1410
1635
1337
1411
1636
1338
1412
1637
1339
1413
1638
1340
1414
1639
1341
1415
1640
1342
1416
1641
1343
1417
1642
1344
1418
1643
1345
1419
1644
1346
1420
1645
1347
1421
1646
1348
1422
1647
1349
1423
1648
1424
1649
1351
1425
1650
1352
1426
1651
1353
1427
1652
1354
1428
1653
1355
1429
1654
1356
1430
1655
1357
1431
1656
1358
1432
1657
1359
1433
1658
1360
1434
1659
1361
1435
1660
1362
1436
1661
1363
1437
1662
1364
1438
1663
1365
1439
1664
1366
1440
1665
1367
1441
1666
1368
1442
1667
1369
1443
1668
1370
1444
1669
1371
1445
1670
1372
1446
1671
1373
1447
1672
1374
1448
1673
1375
1449
1674
1376
1450
1675
1377
1451
1676
1378
1452
1677
1379
1453
1678
1380
1454
1679
1381
1455
1680
1382
1456
1681
1383
1457
1682
1384
1458
1683
1385
1459
1684
1386
1460
1685
1387
1461
1686
1388
1462
1687
1389
1463
1688
1390
1464
1689
1391
1465
1690
1392
1466
1691
1393
1467
1692
1394
1468
1693
1395
1469
1694
1396
1470
1695
1397
1471
1696
1398
1472
1697
1399
1473
1698
1400
1474
1699
1401
1475
1700
1402
1476
1701
1403
1477
1702
1404
1478
1703
1405
1479
1704
1406
1480
1705
1407
1481
1706
1408
1482
1707
1409
1483
1708
1410
1484
1709
1411
1485
1710
1412
1486
1711
1413
1487
1712
1414
1488
1713
1415
1489
1714
1416
1490
1715
1417
1491
1716
1418
1492
1717
1419
1493
1718
1420
1494
1719
1421
1495
1720
1422
1496
1721
1423
1497
1722
1424
1498
1723
1499
1724
1426
1725
5700
1427
1726
5701
1428
1727
5702
1429
1728
5703
1430
1729
5704
1431
1730
5705
1432
1731
5706
1433
1732
5707
1434
1733
5708
1435
1734
5709
1436
1735
5710
1437
1736
5711
1438
1737
5712
1439
1738
5713
1440
1739
5714
1441
1740
5715
1442
1741
5716
1443
1742
5717
1444
1743
5718
1445
1744
5719
1446
1745
5720
1447
1746
5721
1448
1747
5722
1449
1748
5723
1450
1749
5724
1451
1750
5725
1452
1751
5726
1453
1752
5727
1454
1753
5728
1455
1754
5729
1456
1755
5730
1457
1756
5731
1458
1757
5732
1459
1758
5733
1460
1759
5734
1461
1760
5735
1462
1761
5736
1463
1762
5737
1464
1763
5738
1465
1764
5739
1466
1765
5740
1467
1766
5741
1468
1767
5742
1469
1768
5743
1470
1769
5744
1471
1770
5745
1472
1771
5746
1473
1772
5747
1474
1773
5748
1475
1774
5749
1476
1775
5750
1477
1776
5751
1478
1777
5752
1479
1778
5753
1480
1779
5754
1481
1780
5755
1482
1781
5756
1483
1782
5757
1484
1783
5758
1485
1784
5759
1486
1785
5760
1487
1786
5761
1488
1787
5762
1489
1788
5763
1490
1789
5764
1491
1790
5765
1492
1791
5766
1493
1792
5767
1494
1793
5768
1495
1794
5769
1496
1795
5770
1497
1796
5771
1498
1797
5772
1499
1798
5773
1799
5774
1501
1575
7650
1502
1576
7651
1503
1577
7652
1504
1578
7653
1505
1579
7654
1506
1580
7655
1507
1581
7656
1508
1582
7657
1509
1583
7658
1510
1584
7659
1511
1585
7660
1512
1586
7661
1513
1587
7662
1514
1588
7663
1515
1589
7664
1516
1590
7665
1517
1591
7666
1518
1592
7667
1519
1593
7668
1520
1594
7669
1521
1595
7670
1522
1596
7671
1523
1597
7672
1524
1598
7673
1525
1599
7674
1526
1600
7675
1527
1601
7676
1528
1602
7677
1529
1603
7678
1530
1604
7679
1531
1605
7680
1532
1606
7681
1533
1607
7682
1534
1608
7683
1535
1609
7684
1536
1610
7685
1537
1611
7686
1538
1612
7687
1539
1613
7688
1540
1614
7689
1541
1615
7690
1542
1616
7691
1543
1617
7692
1544
1618
7693
1545
1619
7694
1546
1620
7695
1547
1621
7696
1548
1622
7697
1549
1623
7698
1550
1624
7699
1551
1625
7700
1552
1626
7701
1553
1627
7702
1554
1628
7703
1555
1629
7704
1556
1630
7705
1557
1631
7706
1558
1632
7707
1559
1633
7708
1560
1634
7709
1561
1635
7710
1562
1636
7711
1563
1637
7712
1564
1638
7713
1565
1639
7714
1566
1640
7715
1567
1641
7716
1568
1642
7717
1569
1643
7718
1570
1644
7719
1571
1645
7720
1572
1646
7721
1573
1647
7722
1574
1648
7723
1649
7724
1576
1650
7725
1577
1651
7726
1578
1652
7727
1579
1653
7728
1580
1654
7729
1581
1655
7730
1582
1656
7731
1583
1657
7732
1584
1658
7733
1585
1659
7734
1586
1660
7735
1587
1661
7736
1588
1662
7737
1589
1663
7738
1590
1664
7739
1591
1665
7740
1592
1666
7741
1593
1667
7742
1594
1668
7743
1595
1669
7744
1596
1670
7745
1597
1671
7746
1598
1672
7747
1599
1673
7748
1600
1674
7749
1601
1675
7750
1602
1676
7751
1603
1677
7752
1604
1678
7753
1605
1679
7754
1606
1680
7755
1607
1681
7756
1608
1682
7757
1609
1683
7758
1610
1684
7759
1611
1685
7760
1612
1686
7761
1613
1687
7762
1614
1688
7763
1615
1689
7764
1616
1690
7765
1617
1691
7766
1618
1692
7767
1619
1693
7768
1620
1694
7769
1621
1695
7770
1622
1696
7771
1623
1697
7772
1624
1698
7773
1625
1699
7774
1626
1700
7775
1627
1701
7776
1628
1702
7777
1629
1703
7778
1630
1704
7779
1631
1705
7780
1632
1706
7781
1633
1707
7782
1634
1708
7783
1635
1709
7784
1636
1710
7785
1637
1711
7786
1638
1712
7787
1639
1713
7788
1640
1714
7789
1641
1715
7790
1642
1716
7791
1643
1717
7792
1644
1718
7793
1645
1719
7794
1646
1720
7795
1647
1721
7796
1648
1722
7797
1649
1723
7798
1724
7799
1651
1725
7800
1652
1726
7801
1653
1727
7802
1654
1728
7803
1655
1729
7804
1656
1730
7805
1657
1731
7806
1658
1732
7807
1659
1733
7808
1660
1734
7809
1661
1735
7810
1662
1736
7811
1663
1737
7812
1664
1738
7813
1665
1739
7814
1666
1740
7815
1667
1741
7816
1668
1742
7817
1669
1743
7818
1670
1744
7819
1671
1745
7820
1672
1746
7821
1673
1747
7822
1674
1748
7823
1675
1749
7824
1676
1750
7825
1677
1751
7826
1678
1752
7827
1679
1753
7828
1680
1754
7829
1681
1755
7830
1682
1756
7831
1683
1757
7832
1684
1758
7833
1685
1759
7834
1686
1760
7835
1687
1761
7836
1688
1762
7837
1689
1763
7838
1690
1764
7839
1691
1765
7840
1692
1766
7841
1693
1767
7842
1694
1768
7843
1695
1769
7844
1696
1770
7845
1697
1771
7846
1698
1772
7847
1699
1773
7848
1700
1774
7849
1701
1775
7850
1702
1776
7851
1703
1777
7852
1704
1778
7853
1705
1779
7854
1706
1780
7855
1707
1781
7856
1708
1782
7857
1709
1783
7858
1710
1784
7859
1711
1785
7860
1712
1786
7861
1713
1787
7862
1714
1788
7863
1715
1789
7864
1716
1790
7865
1717
1791
7866
1718
1792
7867
1719
1793
7868
1720
1794
7869
1721
1795
7870
1722
1796
7871
1723
1797
7872
1724
1798
7873
1799
7874
1726
6675
7875
1727
6676
7876
1728
6677
7877
1729
6678
7878
1730
6679
7879
1731
6680
7880
1732
6681
7881
1733
6682
7882
1734
6683
7883
1735
6684
7884
1736
6685
7885
1737
6686
7886
1738
6687
7887
1739
6688
7888
1740
6689
7889
1741
6690
7890
1742
6691
7891
1743
6692
7892
1744
6693
7893
1745
6694
7894
1746
6695
7895
1747
6696
7896
1748
6697
7897
1749
6698
7898
1750
6699
7899
1751
6700
7900
1752
6701
7901
1753
6702
7902
1754
6703
7903
1755
6704
7904
1756
6705
7905
1757
6706
7906
1758
6707
7907
1759
6708
7908
1760
6709
7909
1761
6710
7910
1762
6711
7911
1763
6712
7912
1764
6713
7913
1765
6714
7914
1766
6715
7915
1767
6716
7916
1768
6717
7917
1769
6718
7918
1770
6719
7919
1771
6720
7920
1772
6721
7921
1773
6722
7922
1774
6723
7923
1775
6724
7924
1776
6725
7925
1777
6726
7926
1778
6727
7927
1779
6728
7928
1780
6729
7929
1781
6730
7930
1782
6731
7931
1783
6732
7932
1784
6733
7933
1785
6734
7934
1786
6735
7935
1787
6736
7936
1788
6737
7937
1789
6738
7938
1790
6739
7939
1791
6740
7940
1792
6741
7941
1793
6742
7942
1794
6743
7943
1795
6744
7944
1796
6745
7945
1797
6746
7946
1798
6747
7947
1799
6748
7948
6749
7949
1801
1875
2775
1802
1876
2776
1803
1877
2777
1804
1878
2778
1805
1879
2779
1806
1880
2780
1807
1881
2781
1808
1882
2782
1809
1883
2783
1810
1884
2784
1811
1885
2785
1812
1886
2786
1813
1887
2787
1814
1888
2788
1815
1889
2789
1816
1890
2790
1817
1891
2791
1818
1892
2792
1819
1893
2793
1820
1894
2794
1821
1895
2795
1822
1896
2796
1823
1897
2797
1824
1898
2798
1825
1899
2799
1826
1900
2800
1827
1901
2801
1828
1902
2802
1829
1903
2803
1830
1904
2804
1831
1905
2805
1832
1906
2806
1833
1907
2807
1834
1908
2808
1835
1909
2809
1836
1910
2810
1837
1911
2811
1838
1912
2812
1839
1913
2813
1840
1914
2814
1841
1915
2815
1842
1916
2816
1843
1917
2817
1844
1918
2818
1845
1919
2819
1846
1920
2820
1847
1921
2821
1848
1922
2822
1849
1923
2823
1850
1924
2824
1851
1925
2825
1852
1926
2826
1853
1927
2827
1854
1928
2828
1855
1929
2829
1856
1930
2830
1857
1931
2831
1858
1932
2832
1859
1933
2833
1860
1934
2834
1861
1935
2835
1862
1936
2836
1863
1937
2837
1864
1938
2838
1865
1939
2839
1866
1940
2840
1867
1941
2841
1868
1942
2842
1869
1943
2843
1870
1944
2844
1871
1945
2845
1872
1946
2846
1873
1947
2847
1874
1948
2848
1949
2849
1876
1950
2850
1877
1951
2851
1878
1952
2852
1879
1953
2853
1880
1954
2854
1881
1955
2855
1882
1956
2856
1883
1957
2857
1884
1958
2858
1885
1959
2859
1886
1960
2860
1887
1961
2861
1888
1962
2862
1889
1963
2863
1890
1964
2864
1891
1965
2865
1892
1966
2866
1893
1967
2867
1894
1968
2868
1895
1969
2869
1896
1970
2870
1897
1971
2871
1898
1972
2872
1899
1973
2873
1900
1974
2874
1901
1975
2875
1902
1976
2876
1903
1977
2877
1904
1978
2878
1905
1979
2879
1906
1980
2880
1907
1981
2881
1908
1982
2882
1909
1983
2883
1910
1984
2884
1911
1985
2885
1912
1986
2886
1913
1987
2887
1914
1988
2888
1915
1989
2889
1916
1990
2890
1917
1991
2891
1918
1992
2892
1919
1993
2893
1920
1994
2894
1921
1995
2895
1922
1996
2896
1923
1997
2897
1924
1998
2898
1925
1999
2899
1926
2000
2900
1927
2001
2901
1928
2002
2902
1929
2003
2903
1930
2004
2904
1931
2005
2905
1932
2006
2906
1933
2007
2907
1934
2008
2908
1935
2009
2909
1936
2010
2910
1937
2011
2911
1938
2012
2912
1939
2013
2913
1940
2014
2914
1941
2015
2915
1942
2016
2916
1943
2017
2917
1944
2018
2918
1945
2019
2919
1946
2020
2920
1947
2021
2921
1948
2022
2922
1949
2023
2923
2024
2924
1951
2025
2925
1952
2026
2926
1953
2027
2927
1954
2028
2928
1955
2029
2929
1956
2030
2930
1957
2031
2931
1958
2032
2932
1959
2033
2933
1960
2034
2934
1961
2035
2935
1962
2036
2936
1963
2037
2937
1964
2038
2938
1965
2039
2939
1966
2040
2940
1967
2041
2941
1968
2042
2942
1969
2043
2943
1970
2044
2944
1971
2045
2945
1972
2046
2946
1973
2047
2947
1974
2048
2948
1975
2049
2949
1976
2050
2950
1977
2051
2951
1978
2052
2952
1979
2053
2953
1980
2054
2954
1981
2055
2955
1982
2056
2956
1983
2057
2957
1984
2058
2958
1985
2059
2959
1986
2060
2960
1987
2061
2961
1988
2062
2962
1989
2063
2963
1990
2064
2964
1991
2065
2965
1992
2066
2966
1993
2067
2967
1994
2068
2968
1995
2069
2969
1996
2070
2970
1997
2071
2971
1998
2072
2972
1999
2073
2973
2000
2074
2974
2001
2075
2975
2002
2076
2976
2003
2077
2977
2004
2078
2978
2005
2079
2979
2006
2080
2980
2007
2081
2981
2008
2082
2982
2009
2083
2983
2010
2084
2984
2011
2085
2985
2012
2086
2986
2013
2087
2987
2014
2088
2988
2015
2089
2989
2016
2090
2990
2017
2091
2991
2018
2092
2992
2019
2093
2993
2020
2094
2994
2021
2095
2995
2022
2096
2996
2023
2097
2997
2024
2098
2998
2099
2999
2026
2100
3000
2027
2101
3001
2028
2102
3002
2029
2103
3003
2030
2104
3004
2031
2105
3005
2032
2106
3006
2033
2107
3007
2034
2108
3008
2035
2109
3009
2036
2110
3010
2037
2111
3011
2038
2112
3012
2039
2113
3013
2040
2114
3014
2041
2115
3015
2042
2116
3016
2043
2117
3017
2044
2118
3018
2045
2119
3019
2046
2120
3020
2047
2121
3021
2048
2122
3022
2049
2123
3023
2050
2124
3024
2051
2125
3025
2052
2126
3026
2053
2127
3027
2054
2128
3028
2055
2129
3029
2056
2130
3030
2057
2131
3031
2058
2132
3032
2059
2133
3033
2060
2134
3034
2061
2135
3035
2062
2136
3036
2063
2137
3037
2064
2138
3038
2065
2139
3039
2066
2140
3040
2067
2141
3041
2068
2142
3042
2069
2143
3043
2070
2144
3044
2071
2145
3045
2072
2146
3046
2073
2147
3047
2074
2148
3048
2075
2149
3049
2076
2150
3050
2077
2151
3051
2078
2152
3052
2079
2153
3053
2080
2154
3054
2081
2155
3055
2082
2156
3056
2083
2157
3057
2084
2158
3058
2085
2159
3059
2086
2160
3060
2087
2161
3061
2088
2162
3062
2089
2163
3063
2090
2164
3064
2091
2165
3065
2092
2166
3066
2093
2167
3067
2094
2168
3068
2095
2169
3069
2096
2170
3070
2097
2171
3071
2098
2172
3072
2099
2173
3073
2174
3074
2101
2175
3075
2102
2176
3076
2103
2177
3077
2104
2178
3078
2105
2179
3079
2106
2180
3080
2107
2181
3081
2108
2182
3082
2109
2183
3083
2110
2184
3084
2111
2185
3085
2112
2186
3086
2113
2187
3087
2114
2188
3088
2115
2189
3089
2116
2190
3090
2117
2191
3091
2118
2192
3092
2119
2193
3093
2120
2194
3094
2121
2195
3095
2122
2196
3096
2123
2197
3097
2124
2198
3098
2125
2199
3099
2126
2200
3100
2127
2201
3101
2128
2202
3102
2129
2203
3103
2130
2204
3104
2131
2205
3105
2132
2206
3106
2133
2207
3107
2134
2208
3108
2135
2209
3109
2136
2210
3110
2137
2211
3111
2138
2212
3112
2139
2213
3113
2140
2214
3114
2141
2215
3115
2142
2216
3116
2143
2217
3117
2144
2218
3118
2145
2219
3119
2146
2220
3120
2147
2221
3121
2148
2222
3122
2149
2223
3123
2150
2224
3124
2151
2225
3125
2152
2226
3126
2153
2227
3127
2154
2228
3128
2155
2229
3129
2156
2230
3130
2157
2231
3131
2158
2232
3132
2159
2233
3133
2160
2234
3134
2161
2235
3135
2162
2236
3136
2163
2237
3137
2164
2238
3138
2165
2239
3139
2166
2240
3140
2167
2241
3141
2168
2242
3142
2169
2243
3143
2170
2244
3144
2171
2245
3145
2172
2246
3146
2173
2247
3147
2174
2248
3148
2249
3149
2176
2250
3150
2177
2251
3151
2178
2252
3152
2179
2253
3153
2180
2254
3154
2181
2255
3155
2182
2256
3156
2183
2257
3157
2184
2258
3158
2185
2259
3159
2186
2260
3160
2187
2261
3161
2188
2262
3162
2189
2263
3163
2190
2264
3164
2191
2265
3165
2192
2266
3166
2193
2267
3167
2194
2268
3168
2195
2269
3169
2196
2270
3170
2197
2271
3171
2198
2272
3172
2199
2273
3173
2200
2274
3174
2201
2275
3175
2202
2276
3176
2203
2277
3177
2204
2278
3178
2205
2279
3179
2206
2280
3180
2207
2281
3181
2208
2282
3182
2209
2283
3183
2210
2284
3184
2211
2285
3185
2212
2286
3186
2213
2287
3187
2214
2288
3188
2215
2289
3189
2216
2290
3190
2217
2291
3191
2218
2292
3192
2219
2293
3193
2220
2294
3194
2221
2295
3195
2222
2296
3196
2223
2297
3197
2224
2298
3198
2225
2299
3199
2226
2300
3200
2227
2301
3201
2228
2302
3202
2229
2303
3203
2230
2304
3204
2231
2305
3205
2232
2306
3206
2233
2307
3207
2234
2308
3208
2235
2309
3209
2236
2310
3210
2237
2311
3211
2238
2312
3212
2239
2313
3213
2240
2314
3214
2241
2315
3215
2242
2316
3216
2243
2317
3217
2244
2318
3218
2245
2319
3219
2246
2320
3220
2247
2321
3221
2248
2322
3222
2249
2323
3223
2324
3224
2251
2325
3225
2252
2326
3226
2253
2327
3227
2254
2328
3228
2255
2329
3229
2256
2330
3230
2257
2331
3231
2258
2332
3232
2259
2333
3233
2260
2334
3234
2261
2335
3235
2262
2336
3236
2263
2337
3237
2264
2338
3238
2265
2339
3239
2266
2340
3240
2267
2341
3241
2268
2342
3242
2269
2343
3243
2270
2344
3244
2271
2345
3245
2272
2346
3246
2273
2347
3247
2274
2348
3248
2275
2349
3249
2276
2350
3250
2277
2351
3251
2278
2352
3252
2279
2353
3253
2280
2354
3254
2281
2355
3255
2282
2356
3256
2283
2357
3257
2284
2358
3258
2285
2359
3259
2286
2360
3260
2287
2361
3261
2288
2362
3262
2289
2363
3263
2290
2364
3264
2291
2365
3265
2292
2366
3266
2293
2367
3267
2294
2368
3268
2295
2369
3269
2296
2370
3270
2297
2371
3271
2298
2372
3272
2299
2373
3273
2300
2374
3274
2301
2375
3275
2302
2376
3276
2303
2377
3277
2304
2378
3278
2305
2379
3279
2306
2380
3280
2307
2381
3281
2308
2382
3282
2309
2383
3283
2310
2384
3284
2311
2385
3285
2312
2386
3286
2313
2387
3287
2314
2388
3288
2315
2389
3289
2316
2390
3290
2317
2391
3291
2318
2392
3292
2319
2393
3293
2320
2394
3294
2321
2395
3295
2322
2396
3296
2323
2397
3297
2324
2398
3298
2399
3299
2326
2400
3300
2327
2401
3301
2328
2402
3302
2329
2403
3303
2330
2404
3304
2331
2405
3305
2332
2406
3306
2333
2407
3307
2334
2408
3308
2335
2409
3309
2336
2410
3310
2337
2411
3311
2338
2412
3312
2339
2413
3313
2340
2414
3314
2341
2415
3315
2342
2416
3316
2343
2417
3317
2344
2418
3318
2345
2419
3319
2346
2420
3320
2347
2421
3321
2348
2422
3322
2349
2423
3323
2350
2424
3324
2351
2425
3325
2352
2426
3326
2353
2427
3327
2354
2428
3328
2355
2429
3329
2356
2430
3330
2357
2431
3331
2358
2432
3332
2359
2433
3333
2360
2434
3334
2361
2435
3335
2362
2436
3336
2363
2437
3337
2364
2438
3338
2365
2439
3339
2366
2440
3340
2367
2441
3341
2368
2442
3342
2369
2443
3343
2370
2444
3344
2371
2445
3345
2372
2446
3346
2373
2447
3347
2374
2448
3348
2375
2449
3349
2376
2450
3350
2377
2451
3351
2378
2452
3352
2379
2453
3353
2380
2454
3354
2381
2455
3355
2382
2456
3356
2383
2457
3357
2384
2458
3358
2385
2459
3359
2386
2460
3360
2387
2461
3361
2388
2462
3362
2389
2463
3363
2390
2464
3364
2391
2465
3365
2392
2466
3366
2393
2467
3367
2394
2468
3368
2395
2469
3369
2396
2470
3370
2397
2471
3371
2398
2472
3372
2399
2473
3373
2474
3374
2401
2475
3375
2402
2476
3376
2403
2477
3377
2404
2478
3378
2405
2479
3379
2406
2480
3380
2407
2481
3381
2408
2482
3382
2409
2483
3383
2410
2484
3384
2411
2485
3385
2412
2486
3386
2413
2487
3387
2414
2488
3388
2415
2489
3389
2416
2490
3390
2417
2491
3391
2418
2492
3392
2419
2493
3393
2420
2494
3394
2421
2495
3395
2422
2496
3396
2423
2497
3397
2424
2498
3398
2425
2499
3399
2426
2500
3400
2427
2501
3401
2428
2502
3402
2429
2503
3403
2430
2504
3404
2431
2505
3405
2432
2506
3406
2433
2507
3407
2434
2508
3408
2435
2509
3409
2436
2510
3410
2437
2511
3411
2438
2512
3412
2439
2513
3413
2440
2514
3414
2441
2515
3415
2442
2516
3416
2443
2517
3417
2444
2518
3418
2445
2519
3419
2446
2520
3420
2447
2521
3421
2448
2522
3422
2449
2523
3423
2450
2524
3424
2451
2525
3425
2452
2526
3426
2453
2527
3427
2454
2528
3428
2455
2529
3429
2456
2530
3430
2457
2531
3431
2458
2532
3432
2459
2533
3433
2460
2534
3434
2461
2535
3435
2462
2536
3436
2463
2537
3437
2464
2538
3438
2465
2539
3439
2466
2540
3440
2467
2541
3441
2468
2542
3442
2469
2543
3443
2470
2544
3444
2471
2545
3445
2472
2546
3446
2473
2547
3447
2474
2548
3448
2549
3449
2476
2550
3450
2477
2551
3451
2478
2552
3452
2479
2553
3453
2480
2554
3454
2481
2555
3455
2482
2556
3456
2483
2557
3457
2484
2558
3458
2485
2559
3459
2486
2560
3460
2487
2561
3461
2488
2562
3462
2489
2563
3463
2490
2564
3464
2491
2565
3465
2492
2566
3466
2493
2567
3467
2494
2568
3468
2495
2569
3469
2496
2570
3470
2497
2571
3471
2498
2572
3472
2499
2573
3473
2500
2574
3474
2501
2575
3475
2502
2576
3476
2503
2577
3477
2504
2578
3478
2505
2579
3479
2506
2580
3480
2507
2581
3481
2508
2582
3482
2509
2583
3483
2510
2584
3484
2511
2585
3485
2512
2586
3486
2513
2587
3487
2514
2588
3488
2515
2589
3489
2516
2590
3490
2517
2591
3491
2518
2592
3492
2519
2593
3493
2520
2594
3494
2521
2595
3495
2522
2596
3496
2523
2597
3497
2524
2598
3498
2525
2599
3499
2526
2600
3500
2527
2601
3501
2528
2602
3502
2529
2603
3503
2530
2604
3504
2531
2605
3505
2532
2606
3506
2533
2607
3507
2534
2608
3508
2535
2609
3509
2536
2610
3510
2537
2611
3511
2538
2612
3512
2539
2613
3513
2540
2614
3514
2541
2615
3515
2542
2616
3516
2543
2617
3517
2544
2618
3518
2545
2619
3519
2546
2620
3520
2547
2621
3521
2548
2622
3522
2549
2623
3523
2624
3524
2551
2625
3525
2552
2626
3526
2553
2627
3527
2554
2628
3528
2555
2629
3529
2556
2630
3530
2557
2631
3531
2558
2632
3532
2559
2633
3533
2560
2634
3534
2561
2635
3535
2562
2636
3536
2563
2637
3537
2564
2638
3538
2565
2639
3539
2566
2640
3540
2567
2641
3541
2568
2642
3542
2569
2643
3543
2570
2644
3544
2571
2645
3545
2572
2646
3546
2573
2647
3547
2574
2648
3548
2575
2649
3549
2576
2650
3550
2577
2651
3551
2578
2652
3552
2579
2653
3553
2580
2654
3554
2581
2655
3555
2582
2656
3556
2583
2657
3557
2584
2658
3558
2585
2659
3559
2586
2660
3560
2587
2661
3561
2588
2662
3562
2589
2663
3563
2590
2664
3564
2591
2665
3565
2592
2666
3566
2593
2667
3567
2594
2668
3568
2595
2669
3569
2596
2670
3570
2597
2671
3571
2598
2672
3572
2599
2673
3573
2600
2674
3574
2601
2675
3575
2602
2676
3576
2603
2677
3577
2604
2678
3578
2605
2679
3579
2606
2680
3580
2607
2681
3581
2608
2682
3582
2609
2683
3583
2610
2684
3584
2611
2685
3585
2612
2686
3586
2613
2687
3587
2614
2688
3588
2615
2689
3589
2616
2690
3590
2617
2691
3591
2618
2692
3592
2619
2693
3593
2620
2694
3594
2621
2695
3595
2622
2696
3596
2623
2697
3597
2624
2698
3598
2699
3599
2626
2700
3600
2627
2701
3601
2628
2702
3602
2629
2703
3603
2630
2704
3604
2631
2705
3605
2632
2706
3606
2633
2707
3607
2634
2708
3608
2635
2709
3609
2636
2710
3610
2637
2711
3611
2638
2712
3612
2639
2713
3613
2640
2714
3614
2641
2715
3615
2642
2716
3616
2643
2717
3617
2644
2718
3618
2645
2719
3619
2646
2720
3620
2647
2721
3621
2648
2722
3622
2649
2723
3623
2650
2724
3624
2651
2725
3625
2652
2726
3626
2653
2727
3627
2654
2728
3628
2655
2729
3629
2656
2730
3630
2657
2731
3631
2658
2732
3632
2659
2733
3633
2660
2734
3634
2661
2735
3635
2662
2736
3636
2663
2737
3637
2664
2738
3638
2665
2739
3639
2666
2740
3640
2667
2741
3641
2668
2742
3642
2669
2743
3643
2670
2744
3644
2671
2745
3645
2672
2746
3646
2673
2747
3647
2674
2748
3648
2675
2749
3649
2676
2750
3650
2677
2751
3651
2678
2752
3652
2679
2753
3653
2680
2754
3654
2681
2755
3655
2682
2756
3656
2683
2757
3657
2684
2758
3658
2685
2759
3659
2686
2760
3660
2687
2761
3661
2688
2762
3662
2689
2763
3663
2690
2764
3664
2691
2765
3665
2692
2766
3666
2693
2767
3667
2694
2768
3668
2695
2769
3669
2696
2770
3670
2697
2771
3671
2698
2772
3672
2699
2773
3673
2774
3674
2701
3675
2702
3676
2703
3677
2704
3678
2705
3679
2706
3680
2707
3681
2708
3682
2709
3683
2710
3684
2711
3685
2712
3686
2713
3687
2714
3688
2715
3689
2716
3690
2717
3691
2718
3692
2719
3693
2720
3694
2721
3695
2722
3696
2723
3697
2724
3698
2725
3699
2726
3700
2727
3701
2728
3702
2729
3703
2730
3704
2731
3705
2732
3706
2733
3707
2734
3708
2735
3709
2736
3710
2737
3711
2738
3712
2739
3713
2740
3714
2741
3715
2742
3716
2743
3717
2744
3718
2745
3719
2746
3720
2747
3721
2748
3722
2749
3723
2750
3724
2751
3725
2752
3726
2753
3727
2754
3728
2755
3729
2756
3730
2757
3731
2758
3732
2759
3733
2760
3734
2761
3735
2762
3736
2763
3737
2764
3738
2765
3739
2766
3740
2767
3741
2768
3742
2769
3743
2770
3744
2771
3745
2772
3746
2773
3747
2774
3748
3749
2776
2850
3750
2777
2851
3751
2778
2852
3752
2779
2853
3753
2780
2854
3754
2781
2855
3755
2782
2856
3756
2783
2857
3757
2784
2858
3758
2785
2859
3759
2786
2860
3760
2787
2861
3761
2788
2862
3762
2789
2863
3763
2790
2864
3764
2791
2865
3765
2792
2866
3766
2793
2867
3767
2794
2868
3768
2795
2869
3769
2796
2870
3770
2797
2871
3771
2798
2872
3772
2799
2873
3773
2800
2874
3774
2801
2875
3775
2802
2876
3776
2803
2877
3777
2804
2878
3778
2805
2879
3779
2806
2880
3780
2807
2881
3781
2808
2882
3782
2809
2883
3783
2810
2884
3784
2811
2885
3785
2812
2886
3786
2813
2887
3787
2814
2888
3788
2815
2889
3789
2816
2890
3790
2817
2891
3791
2818
2892
3792
2819
2893
3793
2820
2894
3794
2821
2895
3795
2822
2896
3796
2823
2897
3797
2824
2898
3798
2825
2899
3799
2826
2900
3800
2827
2901
3801
2828
2902
3802
2829
2903
3803
2830
2904
3804
2831
2905
3805
2832
2906
3806
2833
2907
3807
2834
2908
3808
2835
2909
3809
2836
2910
3810
2837
2911
3811
2838
2912
3812
2839
2913
3813
2840
2914
3814
2841
2915
3815
2842
2916
3816
2843
2917
3817
2844
2918
3818
2845
2919
3819
2846
2920
3820
2847
2921
3821
2848
2922
3822
2849
2923
3823
2924
3824
2851
2925
3825
2852
2926
3826
2853
2927
3827
2854
2928
3828
2855
2929
3829
2856
2930
3830
2857
2931
3831
2858
2932
3832
2859
2933
3833
2860
2934
3834
2861
2935
3835
2862
2936
3836
2863
2937
3837
2864
2938
3838
2865
2939
3839
2866
2940
3840
2867
2941
3841
2868
2942
3842
2869
2943
3843
2870
2944
3844
2871
2945
3845
2872
2946
3846
2873
2947
3847
2874
2948
3848
2875
2949
3849
2876
2950
3850
2877
2951
3851
2878
2952
3852
2879
2953
3853
2880
2954
3854
2881
2955
3855
2882
2956
3856
2883
2957
3857
2884
2958
3858
2885
2959
3859
2886
2960
3860
2887
2961
3861
2888
2962
3862
2889
2963
3863
2890
2964
3864
2891
2965
3865
2892
2966
3866
2893
2967
3867
2894
2968
3868
2895
2969
3869
2896
2970
3870
2897
2971
3871
2898
2972
3872
2899
2973
3873
2900
2974
3874
2901
2975
3875
2902
2976
3876
2903
2977
3877
2904
2978
3878
2905
2979
3879
2906
2980
3880
2907
2981
3881
2908
2982
3882
2909
2983
3883
2910
2984
3884
2911
2985
3885
2912
2986
3886
2913
2987
3887
2914
2988
3888
2915
2989
3889
2916
2990
3890
2917
2991
3891
2918
2992
3892
2919
2993
3893
2920
2994
3894
2921
2995
3895
2922
2996
3896
2923
2997
3897
2924
2998
3898
2999
3899
2926
3000
3900
2927
3001
3901
2928
3002
3902
2929
3003
3903
2930
3004
3904
2931
3005
3905
2932
3006
3906
2933
3007
3907
2934
3008
3908
2935
3009
3909
2936
3010
3910
2937
3011
3911
2938
3012
3912
2939
3013
3913
2940
3014
3914
2941
3015
3915
2942
3016
3916
2943
3017
3917
2944
3018
3918
2945
3019
3919
2946
3020
3920
2947
3021
3921
2948
3022
3922
2949
3023
3923
2950
3024
3924
2951
3025
3925
2952
3026
3926
2953
3027
3927
2954
3028
3928
2955
3029
3929
2956
3030
3930
2957
3031
3931
2958
3032
3932
2959
3033
3933
2960
3034
3934
2961
3035
3935
2962
3036
3936
2963
3037
3937
2964
3038
3938
2965
3039
3939
2966
3040
3940
2967
3041
3941
2968
3042
3942
2969
3043
3943
2970
3044
3944
2971
3045
3945
2972
3046
3946
2973
3047
3947
2974
3048
3948
2975
3049
3949
2976
3050
3950
2977
3051
3951
2978
3052
3952
2979
3053
3953
2980
3054
3954
2981
3055
3955
2982
3056
3956
2983
3057
3957
2984
3058
3958
2985
3059
3959
2986
3060
3960
2987
3061
3961
2988
3062
3962
2989
3063
3963
2990
3064
3964
2991
3065
3965
2992
3066
3966
2993
3067
3967
2994
3068
3968
2995
3069
3969
2996
3070
3970
2997
3071
3971
2998
3072
3972
2999
3073
3973
3074
3974
3001
3075
3975
3002
3076
3976
3003
3077
3977
3004
3078
3978
3005
3079
3979
3006
3080
3980
3007
3081
3981
3008
3082
3982
3009
3083
3983
3010
3084
3984
3011
3085
3985
3012
3086
3986
3013
3087
3987
3014
3088
3988
3015
3089
3989
3016
3090
3990
3017
3091
3991
3018
3092
3992
3019
3093
3993
3020
3094
3994
3021
3095
3995
3022
3096
3996
3023
3097
3997
3024
3098
3998
3025
3099
3999
3026
3100
4000
3027
3101
4001
3028
3102
4002
3029
3103
4003
3030
3104
4004
3031
3105
4005
3032
3106
4006
3033
3107
4007
3034
3108
4008
3035
3109
4009
3036
3110
4010
3037
3111
4011
3038
3112
4012
3039
3113
4013
3040
3114
4014
3041
3115
4015
3042
3116
4016
3043
3117
4017
3044
3118
4018
3045
3119
4019
3046
3120
4020
3047
3121
4021
3048
3122
4022
3049
3123
4023
3050
3124
4024
3051
3125
4025
3052
3126
4026
3053
3127
4027
3054
3128
4028
3055
3129
4029
3056
3130
4030
3057
3131
4031
3058
3132
4032
3059
3133
4033
3060
3134
4034
3061
3135
4035
3062
3136
4036
3063
3137
4037
3064
3138
4038
3065
3139
4039
3066
3140
4040
3067
3141
4041
3068
3142
4042
3069
3143
4043
3070
3144
4044
3071
3145
4045
3072
3146
4046
3073
3147
4047
3074
3148
4048
3149
4049
3076
3150
4050
3077
3151
4051
3078
3152
4052
3079
3153
4053
3080
3154
4054
3081
3155
4055
3082
3156
4056
3083
3157
4057
3084
3158
4058
3085
3159
4059
3086
3160
4060
3087
3161
4061
3088
3162
4062
3089
3163
4063
3090
3164
4064
3091
3165
4065
3092
3166
4066
3093
3167
4067
3094
3168
4068
3095
3169
4069
3096
3170
4070
3097
3171
4071
3098
3172
4072
3099
3173
4073
3100
3174
4074
3101
3175
4075
3102
3176
4076
3103
3177
4077
3104
3178
4078
3105
3179
4079
3106
3180
4080
3107
3181
4081
3108
3182
4082
3109
3183
4083
3110
3184
4084
3111
3185
4085
3112
3186
4086
3113
3187
4087
3114
3188
4088
3115
3189
4089
3116
3190
4090
3117
3191
4091
3118
3192
4092
3119
3193
4093
3120
3194
4094
3121
3195
4095
3122
3196
4096
3123
3197
4097
3124
3198
4098
3125
3199
4099
3126
3200
4100
3127
3201
4101
3128
3202
4102
3129
3203
4103
3130
3204
4104
3131
3205
4105
3132
3206
4106
3133
3207
4107
3134
3208
4108
3135
3209
4109
3136
3210
4110
3137
3211
4111
3138
3212
4112
3139
3213
4113
3140
3214
4114
3141
3215
4115
3142
3216
4116
3143
3217
4117
3144
3218
4118
3145
3219
4119
3146
3220
4120
3147
3221
4121
3148
3222
4122
3149
3223
4123
3224
4124
3151
3225
4125
3152
3226
4126
3153
3227
4127
3154
3228
4128
3155
3229
4129
3156
3230
4130
3157
3231
4131
3158
3232
4132
3159
3233
4133
3160
3234
4134
3161
3235
4135
3162
3236
4136
3163
3237
4137
3164
3238
4138
3165
3239
4139
3166
3240
4140
3167
3241
4141
3168
3242
4142
3169
3243
4143
3170
3244
4144
3171
3245
4145
3172
3246
4146
3173
3247
4147
3174
3248
4148
3175
3249
4149
3176
3250
4150
3177
3251
4151
3178
3252
4152
3179
3253
4153
3180
3254
4154
3181
3255
4155
3182
3256
4156
3183
3257
4157
3184
3258
4158
3185
3259
4159
3186
3260
4160
3187
3261
4161
3188
3262
4162
3189
3263
4163
3190
3264
4164
3191
3265
4165
3192
3266
4166
3193
3267
4167
3194
3268
4168
3195
3269
4169
3196
3270
4170
3197
3271
4171
3198
3272
4172
3199
3273
4173
3200
3274
4174
3201
3275
4175
3202
3276
4176
3203
3277
4177
3204
3278
4178
3205
3279
4179
3206
3280
4180
3207
3281
4181
3208
3282
4182
3209
3283
4183
3210
3284
4184
3211
3285
4185
3212
3286
4186
3213
3287
4187
3214
3288
4188
3215
3289
4189
3216
3290
4190
3217
3291
4191
3218
3292
4192
3219
3293
4193
3220
3294
4194
3221
3295
4195
3222
3296
4196
3223
3297
4197
3224
3298
4198
3299
4199
3226
3300
4200
3227
3301
4201
3228
3302
4202
3229
3303
4203
3230
3304
4204
3231
3305
4205
3232
3306
4206
3233
3307
4207
3234
3308
4208
3235
3309
4209
3236
3310
4210
3237
3311
4211
3238
3312
4212
3239
3313
4213
3240
3314
4214
3241
3315
4215
3242
3316
4216
3243
3317
4217
3244
3318
4218
3245
3319
4219
3246
3320
4220
3247
3321
4221
3248
3322
4222
3249
3323
4223
3250
3324
4224
3251
3325
4225
3252
3326
4226
3253
3327
4227
3254
3328
4228
3255
3329
4229
3256
3330
4230
3257
3331
4231
3258
3332
4232
3259
3333
4233
3260
3334
4234
3261
3335
4235
3262
3336
4236
3263
3337
4237
3264
3338
4238
3265
3339
4239
3266
3340
4240
3267
3341
4241
3268
3342
4242
3269
3343
4243
3270
3344
4244
3271
3345
4245
3272
3346
4246
3273
3347
4247
3274
3348
4248
3275
3349
4249
3276
3350
4250
3277
3351
4251
3278
3352
4252
3279
3353
4253
3280
3354
4254
3281
3355
4255
3282
3356
4256
3283
3357
4257
3284
3358
4258
3285
3359
4259
3286
3360
4260
3287
3361
4261
3288
3362
4262
3289
3363
4263
3290
3364
4264
3291
3365
4265
3292
3366
4266
3293
3367
4267
3294
3368
4268
3295
3369
4269
3296
3370
4270
3297
3371
4271
3298
3372
4272
3299
3373
4273
3374
4274
3301
3375
4275
3302
3376
4276
3303
3377
4277
3304
3378
4278
3305
3379
4279
3306
3380
4280
3307
3381
4281
3308
3382
4282
3309
3383
4283
3310
3384
4284
3311
3385
4285
3312
3386
4286
3313
3387
4287
3314
3388
4288
3315
3389
4289
3316
3390
4290
3317
3391
4291
3318
3392
4292
3319
3393
4293
3320
3394
4294
3321
3395
4295
3322
3396
4296
3323
3397
4297
3324
3398
4298
3325
3399
4299
3326
3400
4300
3327
3401
4301
3328
3402
4302
3329
3403
4303
3330
3404
4304
3331
3405
4305
3332
3406
4306
3333
3407
4307
3334
3408
4308
3335
3409
4309
3336
3410
4310
3337
3411
4311
3338
3412
4312
3339
3413
4313
3340
3414
4314
3341
3415
4315
3342
3416
4316
3343
3417
4317
3344
3418
4318
3345
3419
4319
3346
3420
4320
3347
3421
4321
3348
3422
4322
3349
3423
4323
3350
3424
4324
3351
3425
4325
3352
3426
4326
3353
3427
4327
3354
3428
4328
3355
3429
4329
3356
3430
4330
3357
3431
4331
3358
3432
4332
3359
3433
4333
3360
3434
4334
3361
3435
4335
3362
3436
4336
3363
3437
4337
3364
3438
4338
3365
3439
4339
3366
3440
4340
3367
3441
4341
3368
3442
4342
3369
3443
4343
3370
3444
4344
3371
3445
4345
3372
3446
4346
3373
3447
4347
3374
3448
4348
3449
4349
3376
3450
4350
3377
3451
4351
3378
3452
4352
3379
3453
4353
3380
3454
4354
3381
3455
4355
3382
3456
4356
3383
3457
4357
3384
3458
4358
3385
3459
4359
3386
3460
4360
3387
3461
4361
3388
3462
4362
3389
3463
4363
3390
3464
4364
3391
3465
4365
3392
3466
4366
3393
3467
4367
3394
3468
4368
3395
3469
4369
3396
3470
4370
3397
3471
4371
3398
3472
4372
3399
3473
4373
3400
3474
4374
3401
3475
4375
3402
3476
4376
3403
3477
4377
3404
3478
4378
3405
3479
4379
3406
3480
4380
3407
3481
4381
3408
3482
4382
3409
3483
4383
3410
3484
4384
3411
3485
4385
3412
3486
4386
3413
3487
4387
3414
3488
4388
3415
3489
4389
3416
3490
4390
3417
3491
4391
3418
3492
4392
3419
3493
4393
3420
3494
4394
3421
3495
4395
3422
3496
4396
3423
3497
4397
3424
3498
4398
3425
3499
4399
3426
3500
4400
3427
3501
4401
3428
3502
4402
3429
3503
4403
3430
3504
4404
3431
3505
4405
3432
3506
4406
3433
3507
4407
3434
3508
4408
3435
3509
4409
3436
3510
4410
3437
3511
4411
3438
3512
4412
3439
3513
4413
3440
3514
4414
3441
3515
4415
3442
3516
4416
3443
3517
4417
3444
3518
4418
3445
3519
4419
3446
3520
4420
3447
3521
4421
3448
3522
4422
3449
3523
4423
3524
4424
3451
3525
4425
3452
3526
4426
3453
3527
4427
3454
3528
4428
3455
3529
4429
3456
3530
4430
3457
3531
4431
3458
3532
4432
3459
3533
4433
3460
3534
4434
3461
3535
4435
3462
3536
4436
3463
3537
4437
3464
3538
4438
3465
3539
4439
3466
3540
4440
3467
3541
4441
3468
3542
4442
3469
3543
4443
3470
3544
4444
3471
3545
4445
3472
3546
4446
3473
3547
4447
3474
3548
4448
3475
3549
4449
3476
3550
4450
3477
3551
4451
3478
3552
4452
3479
3553
4453
3480
3554
4454
3481
3555
4455
3482
3556
4456
3483
3557
4457
3484
3558
4458
3485
3559
4459
3486
3560
4460
3487
3561
4461
3488
3562
4462
3489
3563
4463
3490
3564
4464
3491
3565
4465
3492
3566
4466
3493
3567
4467
3494
3568
4468
3495
3569
4469
3496
3570
4470
3497
3571
4471
3498
3572
4472
3499
3573
4473
3500
3574
4474
3501
3575
4475
3502
3576
4476
3503
3577
4477
3504
3578
4478
3505
3579
4479
3506
3580
4480
3507
3581
4481
3508
3582
4482
3509
3583
4483
3510
3584
4484
3511
3585
4485
3512
3586
4486
3513
3587
4487
3514
3588
4488
3515
3589
4489
3516
3590
4490
3517
3591
4491
3518
3592
4492
3519
3593
4493
3520
3594
4494
3521
3595
4495
3522
3596
4496
3523
3597
4497
3524
3598
4498
3599
4499
3526
3600
4500
3527
3601
4501
3528
3602
4502
3529
3603
4503
3530
3604
4504
3531
3605
4505
3532
3606
4506
3533
3607
4507
3534
3608
4508
3535
3609
4509
3536
3610
4510
3537
3611
4511
3538
3612
4512
3539
3613
4513
3540
3614
4514
3541
3615
4515
3542
3616
4516
3543
3617
4517
3544
3618
4518
3545
3619
4519
3546
3620
4520
3547
3621
4521
3548
3622
4522
3549
3623
4523
3550
3624
4524
3551
3625
4525
3552
3626
4526
3553
3627
4527
3554
3628
4528
3555
3629
4529
3556
3630
4530
3557
3631
4531
3558
3632
4532
3559
3633
4533
3560
3634
4534
3561
3635
4535
3562
3636
4536
3563
3637
4537
3564
3638
4538
3565
3639
4539
3566
3640
4540
3567
3641
4541
3568
3642
4542
3569
3643
4543
3570
3644
4544
3571
3645
4545
3572
3646
4546
3573
3647
4547
3574
3648
4548
3575
3649
4549
3576
3650
4550
3577
3651
4551
3578
3652
4552
3579
3653
4553
3580
3654
4554
3581
3655
4555
3582
3656
4556
3583
3657
4557
3584
3658
4558
3585
3659
4559
3586
3660
4560
3587
3661
4561
3588
3662
4562
3589
3663
4563
3590
3664
4564
3591
3665
4565
3592
3666
4566
3593
3667
4567
3594
3668
4568
3595
3669
4569
3596
3670
4570
3597
3671
4571
3598
3672
4572
3599
3673
4573
3674
4574
3601
3675
4575
3602
3676
4576
3603
3677
4577
3604
3678
4578
3605
3679
4579
3606
3680
4580
3607
3681
4581
3608
3682
4582
3609
3683
4583
3610
3684
4584
3611
3685
4585
3612
3686
4586
3613
3687
4587
3614
3688
4588
3615
3689
4589
3616
3690
4590
3617
3691
4591
3618
3692
4592
3619
3693
4593
3620
3694
4594
3621
3695
4595
3622
3696
4596
3623
3697
4597
3624
3698
4598
3625
3699
4599
3626
3700
4600
3627
3701
4601
3628
3702
4602
3629
3703
4603
3630
3704
4604
3631
3705
4605
3632
3706
4606
3633
3707
4607
3634
3708
4608
3635
3709
4609
3636
3710
4610
3637
3711
4611
3638
3712
4612
3639
3713
4613
3640
3714
4614
3641
3715
4615
3642
3716
4616
3643
3717
4617
3644
3718
4618
3645
3719
4619
3646
3720
4620
3647
3721
4621
3648
3722
4622
3649
3723
4623
3650
3724
4624
3651
3725
4625
3652
3726
4626
3653
3727
4627
3654
3728
4628
3655
3729
4629
3656
3730
4630
3657
3731
4631
3658
3732
4632
3659
3733
4633
3660
3734
4634
3661
3735
4635
3662
3736
4636
3663
3737
4637
3664
3738
4638
3665
3739
4639
3666
3740
4640
3667
3741
4641
3668
3742
4642
3669
3743
4643
3670
3744
4644
3671
3745
4645
3672
3746
4646
3673
3747
4647
3674
3748
4648
3749
4649
3676
4650
3677
4651
3678
4652
3679
4653
3680
4654
3681
4655
3682
4656
3683
4657
3684
4658
3685
4659
3686
4660
3687
4661
3688
4662
3689
4663
3690
4664
3691
4665
3692
4666
3693
4667
3694
4668
3695
4669
3696
4670
3697
4671
3698
4672
3699
4673
3700
4674
3701
4675
3702
4676
3703
4677
3704
4678
3705
4679
3706
4680
3707
4681
3708
4682
3709
4683
3710
4684
3711
4685
3712
4686
3713
4687
3714
4688
3715
4689
3716
4690
3717
4691
3718
4692
3719
4693
3720
4694
3721
4695
3722
4696
3723
4697
3724
4698
3725
4699
3726
4700
3727
4701
3728
4702
3729
4703
3730
4704
3731
4705
3732
4706
3733
4707
3734
4708
3735
4709
3736
4710
3737
4711
3738
4712
3739
4713
3740
4714
3741
4715
3742
4716
3743
4717
3744
4718
3745
4719
3746
4720
3747
4721
3748
4722
3749
4723
4724
3751
3825
4725
3752
3826
4726
3753
3827
4727
3754
3828
4728
3755
3829
4729
3756
3830
4730
3757
3831
4731
3758
3832
4732
3759
3833
4733
3760
3834
4734
3761
3835
4735
3762
3836
4736
3763
3837
4737
3764
3838
4738
3765
3839
4739
3766
3840
4740
3767
3841
4741
3768
3842
4742
3769
3843
4743
3770
3844
4744
3771
3845
4745
3772
3846
4746
3773
3847
4747
3774
3848
4748
3775
3849
4749
3776
3850
4750
3777
3851
4751
3778
3852
4752
3779
3853
4753
3780
3854
4754
3781
3855
4755
3782
3856
4756
3783
3857
4757
3784
3858
4758
3785
3859
4759
3786
3860
4760
3787
3861
4761
3788
3862
4762
3789
3863
4763
3790
3864
4764
3791
3865
4765
3792
3866
4766
3793
3867
4767
3794
3868
4768
3795
3869
4769
3796
3870
4770
3797
3871
4771
3798
3872
4772
3799
3873
4773
3800
3874
4774
3801
3875
4775
3802
3876
4776
3803
3877
4777
3804
3878
4778
3805
3879
4779
3806
3880
4780
3807
3881
4781
3808
3882
4782
3809
3883
4783
3810
3884
4784
3811
3885
4785
3812
3886
4786
3813
3887
4787
3814
3888
4788
3815
3889
4789
3816
3890
4790
3817
3891
4791
3818
3892
4792
3819
3893
4793
3820
3894
4794
3821
3895
4795
3822
3896
4796
3823
3897
4797
3824
3898
4798
3899
4799
3826
3900
4800
3827
3901
4801
3828
3902
4802
3829
3903
4803
3830
3904
4804
3831
3905
4805
3832
3906
4806
3833
3907
4807
3834
3908
4808
3835
3909
4809
3836
3910
4810
3837
3911
4811
3838
3912
4812
3839
3913
4813
3840
3914
4814
3841
3915
4815
3842
3916
4816
3843
3917
4817
3844
3918
4818
3845
3919
4819
3846
3920
4820
3847
3921
4821
3848
3922
4822
3849
3923
4823
3850
3924
4824
3851
3925
4825
3852
3926
4826
3853
3927
4827
3854
3928
4828
3855
3929
4829
3856
3930
4830
3857
3931
4831
3858
3932
4832
3859
3933
4833
3860
3934
4834
3861
3935
4835
3862
3936
4836
3863
3937
4837
3864
3938
4838
3865
3939
4839
3866
3940
4840
3867
3941
4841
3868
3942
4842
3869
3943
4843
3870
3944
4844
3871
3945
4845
3872
3946
4846
3873
3947
4847
3874
3948
4848
3875
3949
4849
3876
3950
4850
3877
3951
4851
3878
3952
4852
3879
3953
4853
3880
3954
4854
3881
3955
4855
3882
3956
4856
3883
3957
4857
3884
3958
4858
3885
3959
4859
3886
3960
4860
3887
3961
4861
3888
3962
4862
3889
3963
4863
3890
3964
4864
3891
3965
4865
3892
3966
4866
3893
3967
4867
3894
3968
4868
3895
3969
4869
3896
3970
4870
3897
3971
4871
3898
3972
4872
3899
3973
4873
3974
4874
3901
3975
4875
3902
3976
4876
3903
3977
4877
3904
3978
4878
3905
3979
4879
3906
3980
4880
3907
3981
4881
3908
3982
4882
3909
3983
4883
3910
3984
4884
3911
3985
4885
3912
3986
4886
3913
3987
4887
3914
3988
4888
3915
3989
4889
3916
3990
4890
3917
3991
4891
3918
3992
4892
3919
3993
4893
3920
3994
4894
3921
3995
4895
3922
3996
4896
3923
3997
4897
3924
3998
4898
3925
3999
4899
3926
4000
4900
3927
4001
4901
3928
4002
4902
3929
4003
4903
3930
4004
4904
3931
4005
4905
3932
4006
4906
3933
4007
4907
3934
4008
4908
3935
4009
4909
3936
4010
4910
3937
4011
4911
3938
4012
4912
3939
4013
4913
3940
4014
4914
3941
4015
4915
3942
4016
4916
3943
4017
4917
3944
4018
4918
3945
4019
4919
3946
4020
4920
3947
4021
4921
3948
4022
4922
3949
4023
4923
3950
4024
4924
3951
4025
4925
3952
4026
4926
3953
4027
4927
3954
4028
4928
3955
4029
4929
3956
4030
4930
3957
4031
4931
3958
4032
4932
3959
4033
4933
3960
4034
4934
3961
4035
4935
3962
4036
4936
3963
4037
4937
3964
4038
4938
3965
4039
4939
3966
4040
4940
3967
4041
4941
3968
4042
4942
3969
4043
4943
3970
4044
4944
3971
4045
4945
3972
4046
4946
3973
4047
4947
3974
4048
4948
4049
4949
3976
4050
4950
3977
4051
4951
3978
4052
4952
3979
4053
4953
3980
4054
4954
3981
4055
4955
3982
4056
4956
3983
4057
4957
3984
4058
4958
3985
4059
4959
3986
4060
4960
3987
4061
4961
3988
4062
4962
3989
4063
4963
3990
4064
4964
3991
4065
4965
3992
4066
4966
3993
4067
4967
3994
4068
4968
3995
4069
4969
3996
4070
4970
3997
4071
4971
3998
4072
4972
3999
4073
4973
4000
4074
4974
4001
4075
4975
4002
4076
4976
4003
4077
4977
4004
4078
4978
4005
4079
4979
4006
4080
4980
4007
4081
4981
4008
4082
4982
4009
4083
4983
4010
4084
4984
4011
4085
4985
4012
4086
4986
4013
4087
4987
4014
4088
4988
4015
4089
4989
4016
4090
4990
4017
4091
4991
4018
4092
4992
4019
4093
4993
4020
4094
4994
4021
4095
4995
4022
4096
4996
4023
4097
4997
4024
4098
4998
4025
4099
4999
4026
4100
5000
4027
4101
5001
4028
4102
5002
4029
4103
5003
4030
4104
5004
4031
4105
5005
4032
4106
5006
4033
4107
5007
4034
4108
5008
4035
4109
5009
4036
4110
5010
4037
4111
5011
4038
4112
5012
4039
4113
5013
4040
4114
5014
4041
4115
5015
4042
4116
5016
4043
4117
5017
4044
4118
5018
4045
4119
5019
4046
4120
5020
4047
4121
5021
4048
4122
5022
4049
4123
5023
4124
5024
4051
4125
5025
4052
4126
5026
4053
4127
5027
4054
4128
5028
4055
4129
5029
4056
4130
5030
4057
4131
5031
4058
4132
5032
4059
4133
5033
4060
4134
5034
4061
4135
5035
4062
4136
5036
4063
4137
5037
4064
4138
5038
4065
4139
5039
4066
4140
5040
4067
4141
5041
4068
4142
5042
4069
4143
5043
4070
4144
5044
4071
4145
5045
4072
4146
5046
4073
4147
5047
4074
4148
5048
4075
4149
5049
4076
4150
5050
4077
4151
5051
4078
4152
5052
4079
4153
5053
4080
4154
5054
4081
4155
5055
4082
4156
5056
4083
4157
5057
4084
4158
5058
4085
4159
5059
4086
4160
5060
4087
4161
5061
4088
4162
5062
4089
4163
5063
4090
4164
5064
4091
4165
5065
4092
4166
5066
4093
4167
5067
4094
4168
5068
4095
4169
5069
4096
4170
5070
4097
4171
5071
4098
4172
5072
4099
4173
5073
4100
4174
5074
4101
4175
5075
4102
4176
5076
4103
4177
5077
4104
4178
5078
4105
4179
5079
4106
4180
5080
4107
4181
5081
4108
4182
5082
4109
4183
5083
4110
4184
5084
4111
4185
5085
4112
4186
5086
4113
4187
5087
4114
4188
5088
4115
4189
5089
4116
4190
5090
4117
4191
5091
4118
4192
5092
4119
4193
5093
4120
4194
5094
4121
4195
5095
4122
4196
5096
4123
4197
5097
4124
4198
5098
4199
5099
4126
4200
5100
4127
4201
5101
4128
4202
5102
4129
4203
5103
4130
4204
5104
4131
4205
5105
4132
4206
5106
4133
4207
5107
4134
4208
5108
4135
4209
5109
4136
4210
5110
4137
4211
5111
4138
4212
5112
4139
4213
5113
4140
4214
5114
4141
4215
5115
4142
4216
5116
4143
4217
5117
4144
4218
5118
4145
4219
5119
4146
4220
5120
4147
4221
5121
4148
4222
5122
4149
4223
5123
4150
4224
5124
4151
4225
5125
4152
4226
5126
4153
4227
5127
4154
4228
5128
4155
4229
5129
4156
4230
5130
4157
4231
5131
4158
4232
5132
4159
4233
5133
4160
4234
5134
4161
4235
5135
4162
4236
5136
4163
4237
5137
4164
4238
5138
4165
4239
5139
4166
4240
5140
4167
4241
5141
4168
4242
5142
4169
4243
5143
4170
4244
5144
4171
4245
5145
4172
4246
5146
4173
4247
5147
4174
4248
5148
4175
4249
5149
4176
4250
5150
4177
4251
5151
4178
4252
5152
4179
4253
5153
4180
4254
5154
4181
4255
5155
4182
4256
5156
4183
4257
5157
4184
4258
5158
4185
4259
5159
4186
4260
5160
4187
4261
5161
4188
4262
5162
4189
4263
5163
4190
4264
5164
4191
4265
5165
4192
4266
5166
4193
4267
5167
4194
4268
5168
4195
4269
5169
4196
4270
5170
4197
4271
5171
4198
4272
5172
4199
4273
5173
4274
5174
4201
4275
5175
4202
4276
5176
4203
4277
5177
4204
4278
5178
4205
4279
5179
4206
4280
5180
4207
4281
5181
4208
4282
5182
4209
4283
5183
4210
4284
5184
4211
4285
5185
4212
4286
5186
4213
4287
5187
4214
4288
5188
4215
4289
5189
4216
4290
5190
4217
4291
5191
4218
4292
5192
4219
4293
5193
4220
4294
5194
4221
4295
5195
4222
4296
5196
4223
4297
5197
4224
4298
5198
4225
4299
5199
4226
4300
5200
4227
4301
5201
4228
4302
5202
4229
4303
5203
4230
4304
5204
4231
4305
5205
4232
4306
5206
4233
4307
5207
4234
4308
5208
4235
4309
5209
4236
4310
5210
4237
4311
5211
4238
4312
5212
4239
4313
5213
4240
4314
5214
4241
4315
5215
4242
4316
5216
4243
4317
5217
4244
4318
5218
4245
4319
5219
4246
4320
5220
4247
4321
5221
4248
4322
5222
4249
4323
5223
4250
4324
5224
4251
4325
5225
4252
4326
5226
4253
4327
5227
4254
4328
5228
4255
4329
5229
4256
4330
5230
4257
4331
5231
4258
4332
5232
4259
4333
5233
4260
4334
5234
4261
4335
5235
4262
4336
5236
4263
4337
5237
4264
4338
5238
4265
4339
5239
4266
4340
5240
4267
4341
5241
4268
4342
5242
4269
4343
5243
4270
4344
5244
4271
4345
5245
4272
4346
5246
4273
4347
5247
4274
4348
5248
4349
5249
4276
4350
5250
4277
4351
5251
4278
4352
5252
4279
4353
5253
4280
4354
5254
4281
4355
5255
4282
4356
5256
4283
4357
5257
4284
4358
5258
4285
4359
5259
4286
4360
5260
4287
4361
5261
4288
4362
5262
4289
4363
5263
4290
4364
5264
4291
4365
5265
4292
4366
5266
4293
4367
5267
4294
4368
5268
4295
4369
5269
4296
4370
5270
4297
4371
5271
4298
4372
5272
4299
4373
5273
4300
4374
5274
4301
4375
5275
4302
4376
5276
4303
4377
5277
4304
4378
5278
4305
4379
5279
4306
4380
5280
4307
4381
5281
4308
4382
5282
4309
4383
5283
4310
4384
5284
4311
4385
5285
4312
4386
5286
4313
4387
5287
4314
4388
5288
4315
4389
5289
4316
4390
5290
4317
4391
5291
4318
4392
5292
4319
4393
5293
4320
4394
5294
4321
4395
5295
4322
4396
5296
4323
4397
5297
4324
4398
5298
4325
4399
5299
4326
4400
5300
4327
4401
5301
4328
4402
5302
4329
4403
5303
4330
4404
5304
4331
4405
5305
4332
4406
5306
4333
4407
5307
4334
4408
5308
4335
4409
5309
4336
4410
5310
4337
4411
5311
4338
4412
5312
4339
4413
5313
4340
4414
5314
4341
4415
5315
4342
4416
5316
4343
4417
5317
4344
4418
5318
4345
4419
5319
4346
4420
5320
4347
4421
5321
4348
4422
5322
4349
4423
5323
4424
5324
4351
4425
5325
4352
4426
5326
4353
4427
5327
4354
4428
5328
4355
4429
5329
4356
4430
5330
4357
4431
5331
4358
4432
5332
4359
4433
5333
4360
4434
5334
4361
4435
5335
4362
4436
5336
4363
4437
5337
4364
4438
5338
4365
4439
5339
4366
4440
5340
4367
4441
5341
4368
4442
5342
4369
4443
5343
4370
4444
5344
4371
4445
5345
4372
4446
5346
4373
4447
5347
4374
4448
5348
4375
4449
5349
4376
4450
5350
4377
4451
5351
4378
4452
5352
4379
4453
5353
4380
4454
5354
4381
4455
5355
4382
4456
5356
4383
4457
5357
4384
4458
5358
4385
4459
5359
4386
4460
5360
4387
4461
5361
4388
4462
5362
4389
4463
5363
4390
4464
5364
4391
4465
5365
4392
4466
5366
4393
4467
5367
4394
4468
5368
4395
4469
5369
4396
4470
5370
4397
4471
5371
4398
4472
5372
4399
4473
5373
4400
4474
5374
4401
4475
5375
4402
4476
5376
4403
4477
5377
4404
4478
5378
4405
4479
5379
4406
4480
5380
4407
4481
5381
4408
4482
5382
4409
4483
5383
4410
4484
5384
4411
4485
5385
4412
4486
5386
4413
4487
5387
4414
4488
5388
4415
4489
5389
4416
4490
5390
4417
4491
5391
4418
4492
5392
4419
4493
5393
4420
4494
5394
4421
4495
5395
4422
4496
5396
4423
4497
5397
4424
4498
5398
4499
5399
4426
4500
5400
4427
4501
5401
4428
4502
5402
4429
4503
5403
4430
4504
5404
4431
4505
5405
4432
4506
5406
4433
4507
5407
4434
4508
5408
4435
4509
5409
4436
4510
5410
4437
4511
5411
4438
4512
5412
4439
4513
5413
4440
4514
5414
4441
4515
5415
4442
4516
5416
4443
4517
5417
4444
4518
5418
4445
4519
5419
4446
4520
5420
4447
4521
5421
4448
4522
5422
4449
4523
5423
4450
4524
5424
4451
4525
5425
4452
4526
5426
4453
4527
5427
4454
4528
5428
4455
4529
5429
4456
4530
5430
4457
4531
5431
4458
4532
5432
4459
4533
5433
4460
4534
5434
4461
4535
5435
4462
4536
5436
4463
4537
5437
4464
4538
5438
4465
4539
5439
4466
4540
5440
4467
4541
5441
4468
4542
5442
4469
4543
5443
4470
4544
5444
4471
4545
5445
4472
4546
5446
4473
4547
5447
4474
4548
5448
4475
4549
5449
4476
4550
5450
4477
4551
5451
4478
4552
5452
4479
4553
5453
4480
4554
5454
4481
4555
5455
4482
4556
5456
4483
4557
5457
4484
4558
5458
4485
4559
5459
4486
4560
5460
4487
4561
5461
4488
4562
5462
4489
4563
5463
4490
4564
5464
4491
4565
5465
4492
4566
5466
4493
4567
5467
4494
4568
5468
4495
4569
5469
4496
4570
5470
4497
4571
5471
4498
4572
5472
4499
4573
5473
4574
5474
4501
4575
5475
4502
4576
5476
4503
4577
5477
4504
4578
5478
4505
4579
5479
4506
4580
5480
4507
4581
5481
4508
4582
5482
4509
4583
5483
4510
4584
5484
4511
4585
5485
4512
4586
5486
4513
4587
5487
4514
4588
5488
4515
4589
5489
4516
4590
5490
4517
4591
5491
4518
4592
5492
4519
4593
5493
4520
4594
5494
4521
4595
5495
4522
4596
5496
4523
4597
5497
4524
4598
5498
4525
4599
5499
4526
4600
5500
4527
4601
5501
4528
4602
5502
4529
4603
5503
4530
4604
5504
4531
4605
5505
4532
4606
5506
4533
4607
5507
4534
4608
5508
4535
4609
5509
4536
4610
5510
4537
4611
5511
4538
4612
5512
4539
4613
5513
4540
4614
5514
4541
4615
5515
4542
4616
5516
4543
4617
5517
4544
4618
5518
4545
4619
5519
4546
4620
5520
4547
4621
5521
4548
4622
5522
4549
4623
5523
4550
4624
5524
4551
4625
5525
4552
4626
5526
4553
4627
5527
4554
4628
5528
4555
4629
5529
4556
4630
5530
4557
4631
5531
4558
4632
5532
4559
4633
5533
4560
4634
5534
4561
4635
5535
4562
4636
5536
4563
4637
5537
4564
4638
5538
4565
4639
5539
4566
4640
5540
4567
4641
5541
4568
4642
5542
4569
4643
5543
4570
4644
5544
4571
4645
5545
4572
4646
5546
4573
4647
5547
4574
4648
5548
4649
5549
4576
4650
5550
4577
4651
5551
4578
4652
5552
4579
4653
5553
4580
4654
5554
4581
4655
5555
4582
4656
5556
4583
4657
5557
4584
4658
5558
4585
4659
5559
4586
4660
5560
4587
4661
5561
4588
4662
5562
4589
4663
5563
4590
4664
5564
4591
4665
5565
4592
4666
5566
4593
4667
5567
4594
4668
5568
4595
4669
5569
4596
4670
5570
4597
4671
5571
4598
4672
5572
4599
4673
5573
4600
4674
5574
4601
4675
5575
4602
4676
5576
4603
4677
5577
4604
4678
5578
4605
4679
5579
4606
4680
5580
4607
4681
5581
4608
4682
5582
4609
4683
5583
4610
4684
5584
4611
4685
5585
4612
4686
5586
4613
4687
5587
4614
4688
5588
4615
4689
5589
4616
4690
5590
4617
4691
5591
4618
4692
5592
4619
4693
5593
4620
4694
5594
4621
4695
5595
4622
4696
5596
4623
4697
5597
4624
4698
5598
4625
4699
5599
4626
4700
5600
4627
4701
5601
4628
4702
5602
4629
4703
5603
4630
4704
5604
4631
4705
5605
4632
4706
5606
4633
4707
5607
4634
4708
5608
4635
4709
5609
4636
4710
5610
4637
4711
5611
4638
4712
5612
4639
4713
5613
4640
4714
5614
4641
4715
5615
4642
4716
5616
4643
4717
5617
4644
4718
5618
4645
4719
5619
4646
4720
5620
4647
4721
5621
4648
4722
5622
4649
4723
5623
4724
5624
4651
5625
4652
5626
4653
5627
4654
5628
4655
5629
4656
5630
4657
5631
4658
5632
4659
5633
4660
5634
4661
5635
4662
5636
4663
5637
4664
5638
4665
5639
4666
5640
4667
5641
4668
5642
4669
5643
4670
5644
4671
5645
4672
5646
4673
5647
4674
5648
4675
5649
4676
5650
4677
5651
4678
5652
4679
5653
4680
5654
4681
5655
4682
5656
4683
5657
4684
5658
4685
5659
4686
5660
4687
5661
4688
5662
4689
5663
4690
5664
4691
5665
4692
5666
4693
5667
4694
5668
4695
5669
4696
5670
4697
5671
4698
5672
4699
5673
4700
5674
4701
5675
4702
5676
4703
5677
4704
5678
4705
5679
4706
5680
4707
5681
4708
5682
4709
5683
4710
5684
4711
5685
4712
5686
4713
5687
4714
5688
4715
5689
4716
5690
4717
5691
4718
5692
4719
5693
4720
5694
4721
5695
4722
5696
4723
5697
4724
5698
5699
4726
4800
5700
4727
4801
5701
4728
4802
5702
4729
4803
5703
4730
4804
5704
4731
4805
5705
4732
4806
5706
4733
4807
5707
4734
4808
5708
4735
4809
5709
4736
4810
5710
4737
4811
5711
4738
4812
5712
4739
4813
5713
4740
4814
5714
4741
4815
5715
4742
4816
5716
4743
4817
5717
4744
4818
5718
4745
4819
5719
4746
4820
5720
4747
4821
5721
4748
4822
5722
4749
4823
5723
4750
4824
5724
4751
4825
5725
4752
4826
5726
4753
4827
5727
4754
4828
5728
4755
4829
5729
4756
4830
5730
4757
4831
5731
4758
4832
5732
4759
4833
5733
4760
4834
5734
4761
4835
5735
4762
4836
5736
4763
4837
5737
4764
4838
5738
4765
4839
5739
4766
4840
5740
4767
4841
5741
4768
4842
5742
4769
4843
5743
4770
4844
5744
4771
4845
5745
4772
4846
5746
4773
4847
5747
4774
4848
5748
4775
4849
5749
4776
4850
5750
4777
4851
5751
4778
4852
5752
4779
4853
5753
4780
4854
5754
4781
4855
5755
4782
4856
5756
4783
4857
5757
4784
4858
5758
4785
4859
5759
4786
4860
5760
4787
4861
5761
4788
4862
5762
4789
4863
5763
4790
4864
5764
4791
4865
5765
4792
4866
5766
4793
4867
5767
4794
4868
5768
4795
4869
5769
4796
4870
5770
4797
4871
5771
4798
4872
5772
4799
4873
5773
4874
5774
4801
4875
5775
4802
4876
5776
4803
4877
5777
4804
4878
5778
4805
4879
5779
4806
4880
5780
4807
4881
5781
4808
4882
5782
4809
4883
5783
4810
4884
5784
4811
4885
5785
4812
4886
5786
4813
4887
5787
4814
4888
5788
4815
4889
5789
4816
4890
5790
4817
4891
5791
4818
4892
5792
4819
4893
5793
4820
4894
5794
4821
4895
5795
4822
4896
5796
4823
4897
5797
4824
4898
5798
4825
4899
5799
4826
4900
5800
4827
4901
5801
4828
4902
5802
4829
4903
5803
4830
4904
5804
4831
4905
5805
4832
4906
5806
4833
4907
5807
4834
4908
5808
4835
4909
5809
4836
4910
5810
4837
4911
5811
4838
4912
5812
4839
4913
5813
4840
4914
5814
4841
4915
5815
4842
4916
5816
4843
4917
5817
4844
4918
5818
4845
4919
5819
4846
4920
5820
4847
4921
5821
4848
4922
5822
4849
4923
5823
4850
4924
5824
4851
4925
5825
4852
4926
5826
4853
4927
5827
4854
4928
5828
4855
4929
5829
4856
4930
5830
4857
4931
5831
4858
4932
5832
4859
4933
5833
4860
4934
5834
4861
4935
5835
4862
4936
5836
4863
4937
5837
4864
4938
5838
4865
4939
5839
4866
4940
5840
4867
4941
5841
4868
4942
5842
4869
4943
5843
4870
4944
5844
4871
4945
5845
4872
4946
5846
4873
4947
5847
4874
4948
5848
4949
5849
4876
4950
5850
4877
4951
5851
4878
4952
5852
4879
4953
5853
4880
4954
5854
4881
4955
5855
4882
4956
5856
4883
4957
5857
4884
4958
5858
4885
4959
5859
4886
4960
5860
4887
4961
5861
4888
4962
5862
4889
4963
5863
4890
4964
5864
4891
4965
5865
4892
4966
5866
4893
4967
5867
4894
4968
5868
4895
4969
5869
4896
4970
5870
4897
4971
5871
4898
4972
5872
4899
4973
5873
4900
4974
5874
4901
4975
5875
4902
4976
5876
4903
4977
5877
4904
4978
5878
4905
4979
5879
4906
4980
5880
4907
4981
5881
4908
4982
5882
4909
4983
5883
4910
4984
5884
4911
4985
5885
4912
4986
5886
4913
4987
5887
4914
4988
5888
4915
4989
5889
4916
4990
5890
4917
4991
5891
4918
4992
5892
4919
4993
5893
4920
4994
5894
4921
4995
5895
4922
4996
5896
4923
4997
5897
4924
4998
5898
4925
4999
5899
4926
5000
5900
4927
5001
5901
4928
5002
5902
4929
5003
5903
4930
5004
5904
4931
5005
5905
4932
5006
5906
4933
5007
5907
4934
5008
5908
4935
5009
5909
4936
5010
5910
4937
5011
5911
4938
5012
5912
4939
5013
5913
4940
5014
5914
4941
5015
5915
4942
5016
5916
4943
5017
5917
4944
5018
5918
4945
5019
5919
4946
5020
5920
4947
5021
5921
4948
5022
5922
4949
5023
5923
5024
5924
4951
5025
5925
4952
5026
5926
4953
5027
5927
4954
5028
5928
4955
5029
5929
4956
5030
5930
4957
5031
5931
4958
5032
5932
4959
5033
5933
4960
5034
5934
4961
5035
5935
4962
5036
5936
4963
5037
5937
4964
5038
5938
4965
5039
5939
4966
5040
5940
4967
5041
5941
4968
5042
5942
4969
5043
5943
4970
5044
5944
4971
5045
5945
4972
5046
5946
4973
5047
5947
4974
5048
5948
4975
5049
5949
4976
5050
5950
4977
5051
5951
4978
5052
5952
4979
5053
5953
4980
5054
5954
4981
5055
5955
4982
5056
5956
4983
5057
5957
4984
5058
5958
4985
5059
5959
4986
5060
5960
4987
5061
5961
4988
5062
5962
4989
5063
5963
4990
5064
5964
4991
5065
5965
4992
5066
5966
4993
5067
5967
4994
5068
5968
4995
5069
5969
4996
5070
5970
4997
5071
5971
4998
5072
5972
4999
5073
5973
5000
5074
5974
5001
5075
5975
5002
5076
5976
5003
5077
5977
5004
5078
5978
5005
5079
5979
5006
5080
5980
5007
5081
5981
5008
5082
5982
5009
5083
5983
5010
5084
5984
5011
5085
5985
5012
5086
5986
5013
5087
5987
5014
5088
5988
5015
5089
5989
5016
5090
5990
5017
5091
5991
5018
5092
5992
5019
5093
5993
5020
5094
5994
5021
5095
5995
5022
5096
5996
5023
5097
5997
5024
5098
5998
5099
5999
5026
5100
6000
5027
5101
6001
5028
5102
6002
5029
5103
6003
5030
5104
6004
5031
5105
6005
5032
5106
6006
5033
5107
6007
5034
5108
6008
5035
5109
6009
5036
5110
6010
5037
5111
6011
5038
5112
6012
5039
5113
6013
5040
5114
6014
5041
5115
6015
5042
5116
6016
5043
5117
6017
5044
5118
6018
5045
5119
6019
5046
5120
6020
5047
5121
6021
5048
5122
6022
5049
5123
6023
5050
5124
6024
5051
5125
6025
5052
5126
6026
5053
5127
6027
5054
5128
6028
5055
5129
6029
5056
5130
6030
5057
5131
6031
5058
5132
6032
5059
5133
6033
5060
5134
6034
5061
5135
6035
5062
5136
6036
5063
5137
6037
5064
5138
6038
5065
5139
6039
5066
5140
6040
5067
5141
6041
5068
5142
6042
5069
5143
6043
5070
5144
6044
5071
5145
6045
5072
5146
6046
5073
5147
6047
5074
5148
6048
5075
5149
6049
5076
5150
6050
5077
5151
6051
5078
5152
6052
5079
5153
6053
5080
5154
6054
5081
5155
6055
5082
5156
6056
5083
5157
6057
5084
5158
6058
5085
5159
6059
5086
5160
6060
5087
5161
6061
5088
5162
6062
5089
5163
6063
5090
5164
6064
5091
5165
6065
5092
5166
6066
5093
5167
6067
5094
5168
6068
5095
5169
6069
5096
5170
6070
5097
5171
6071
5098
5172
6072
5099
5173
6073
5174
6074
5101
5175
6075
5102
5176
6076
5103
5177
6077
5104
5178
6078
5105
5179
6079
5106
5180
6080
5107
5181
6081
5108
5182
6082
5109
5183
6083
5110
5184
6084
5111
5185
6085
5112
5186
6086
5113
5187
6087
5114
5188
6088
5115
5189
6089
5116
5190
6090
5117
5191
6091
5118
5192
6092
5119
5193
6093
5120
5194
6094
5121
5195
6095
5122
5196
6096
5123
5197
6097
5124
5198
6098
5125
5199
6099
5126
5200
6100
5127
5201
6101
5128
5202
6102
5129
5203
6103
5130
5204
6104
5131
5205
6105
5132
5206
6106
5133
5207
6107
5134
5208
6108
5135
5209
6109
5136
5210
6110
5137
5211
6111
5138
5212
6112
5139
5213
6113
5140
5214
6114
5141
5215
6115
5142
5216
6116
5143
5217
6117
5144
5218
6118
5145
5219
6119
5146
5220
6120
5147
5221
6121
5148
5222
6122
5149
5223
6123
5150
5224
6124
5151
5225
6125
5152
5226
6126
5153
5227
6127
5154
5228
6128
5155
5229
6129
5156
5230
6130
5157
5231
6131
5158
5232
6132
5159
5233
6133
5160
5234
6134
5161
5235
6135
5162
5236
6136
5163
5237
6137
5164
5238
6138
5165
5239
6139
5166
5240
6140
5167
5241
6141
5168
5242
6142
5169
5243
6143
5170
5244
6144
5171
5245
6145
5172
5246
6146
5173
5247
6147
5174
5248
6148
5249
6149
5176
5250
6150
5177
5251
6151
5178
5252
6152
5179
5253
6153
5180
5254
6154
5181
5255
6155
5182
5256
6156
5183
5257
6157
5184
5258
6158
5185
5259
6159
5186
5260
6160
5187
5261
6161
5188
5262
6162
5189
5263
6163
5190
5264
6164
5191
5265
6165
5192
5266
6166
5193
5267
6167
5194
5268
6168
5195
5269
6169
5196
5270
6170
5197
5271
6171
5198
5272
6172
5199
5273
6173
5200
5274
6174
5201
5275
6175
5202
5276
6176
5203
5277
6177
5204
5278
6178
5205
5279
6179
5206
5280
6180
5207
5281
6181
5208
5282
6182
5209
5283
6183
5210
5284
6184
5211
5285
6185
5212
5286
6186
5213
5287
6187
5214
5288
6188
5215
5289
6189
5216
5290
6190
5217
5291
6191
5218
5292
6192
5219
5293
6193
5220
5294
6194
5221
5295
6195
5222
5296
6196
5223
5297
6197
5224
5298
6198
5225
5299
6199
5226
5300
6200
5227
5301
6201
5228
5302
6202
5229
5303
6203
5230
5304
6204
5231
5305
6205
5232
5306
6206
5233
5307
6207
5234
5308
6208
5235
5309
6209
5236
5310
6210
5237
5311
6211
5238
5312
6212
5239
5313
6213
5240
5314
6214
5241
5315
6215
5242
5316
6216
5243
5317
6217
5244
5318
6218
5245
5319
6219
5246
5320
6220
5247
5321
6221
5248
5322
6222
5249
5323
6223
5324
6224
5251
5325
6225
5252
5326
6226
5253
5327
6227
5254
5328
6228
5255
5329
6229
5256
5330
6230
5257
5331
6231
5258
5332
6232
5259
5333
6233
5260
5334
6234
5261
5335
6235
5262
5336
6236
5263
5337
6237
5264
5338
6238
5265
5339
6239
5266
5340
6240
5267
5341
6241
5268
5342
6242
5269
5343
6243
5270
5344
6244
5271
5345
6245
5272
5346
6246
5273
5347
6247
5274
5348
6248
5275
5349
6249
5276
5350
6250
5277
5351
6251
5278
5352
6252
5279
5353
6253
5280
5354
6254
5281
5355
6255
5282
5356
6256
5283
5357
6257
5284
5358
6258
5285
5359
6259
5286
5360
6260
5287
5361
6261
5288
5362
6262
5289
5363
6263
5290
5364
6264
5291
5365
6265
5292
5366
6266
5293
5367
6267
5294
5368
6268
5295
5369
6269
5296
5370
6270
5297
5371
6271
5298
5372
6272
5299
5373
6273
5300
5374
6274
5301
5375
6275
5302
5376
6276
5303
5377
6277
5304
5378
6278
5305
5379
6279
5306
5380
6280
5307
5381
6281
5308
5382
6282
5309
5383
6283
5310
5384
6284
5311
5385
6285
5312
5386
6286
5313
5387
6287
5314
5388
6288
5315
5389
6289
5316
5390
6290
5317
5391
6291
5318
5392
6292
5319
5393
6293
5320
5394
6294
5321
5395
6295
5322
5396
6296
5323
5397
6297
5324
5398
6298
5399
6299
5326
5400
6300
5327
5401
6301
5328
5402
6302
5329
5403
6303
5330
5404
6304
5331
5405
6305
5332
5406
6306
5333
5407
6307
5334
5408
6308
5335
5409
6309
5336
5410
6310
5337
5411
6311
5338
5412
6312
5339
5413
6313
5340
5414
6314
5341
5415
6315
5342
5416
6316
5343
5417
6317
5344
5418
6318
5345
5419
6319
5346
5420
6320
5347
5421
6321
5348
5422
6322
5349
5423
6323
5350
5424
6324
5351
5425
6325
5352
5426
6326
5353
5427
6327
5354
5428
6328
5355
5429
6329
5356
5430
6330
5357
5431
6331
5358
5432
6332
5359
5433
6333
5360
5434
6334
5361
5435
6335
5362
5436
6336
5363
5437
6337
5364
5438
6338
5365
5439
6339
5366
5440
6340
5367
5441
6341
5368
5442
6342
5369
5443
6343
5370
5444
6344
5371
5445
6345
5372
5446
6346
5373
5447
6347
5374
5448
6348
5375
5449
6349
5376
5450
6350
5377
5451
6351
5378
5452
6352
5379
5453
6353
5380
5454
6354
5381
5455
6355
5382
5456
6356
5383
5457
6357
5384
5458
6358
5385
5459
6359
5386
5460
6360
5387
5461
6361
5388
5462
6362
5389
5463
6363
5390
5464
6364
5391
5465
6365
5392
5466
6366
5393
5467
6367
5394
5468
6368
5395
5469
6369
5396
5470
6370
5397
5471
6371
5398
5472
6372
5399
5473
6373
5474
6374
5401
5475
6375
5402
5476
6376
5403
5477
6377
5404
5478
6378
5405
5479
6379
5406
5480
6380
5407
5481
6381
5408
5482
6382
5409
5483
6383
5410
5484
6384
5411
5485
6385
5412
5486
6386
5413
5487
6387
5414
5488
6388
5415
5489
6389
5416
5490
6390
5417
5491
6391
5418
5492
6392
5419
5493
6393
5420
5494
6394
5421
5495
6395
5422
5496
6396
5423
5497
6397
5424
5498
6398
5425
5499
6399
5426
5500
6400
5427
5501
6401
5428
5502
6402
5429
5503
6403
5430
5504
6404
5431
5505
6405
5432
5506
6406
5433
5507
6407
5434
5508
6408
5435
5509
6409
5436
5510
6410
5437
5511
6411
5438
5512
6412
5439
5513
6413
5440
5514
6414
5441
5515
6415
5442
5516
6416
5443
5517
6417
5444
5518
6418
5445
5519
6419
5446
5520
6420
5447
5521
6421
5448
5522
6422
5449
5523
6423
5450
5524
6424
5451
5525
6425
5452
5526
6426
5453
5527
6427
5454
5528
6428
5455
5529
6429
5456
5530
6430
5457
5531
6431
5458
5532
6432
5459
5533
6433
5460
5534
6434
5461
5535
6435
5462
5536
6436
5463
5537
6437
5464
5538
6438
5465
5539
6439
5466
5540
6440
5467
5541
6441
5468
5542
6442
5469
5543
6443
5470
5544
6444
5471
5545
6445
5472
5546
6446
5473
5547
6447
5474
5548
6448
5549
6449
5476
5550
6450
5477
5551
6451
5478
5552
6452
5479
5553
6453
5480
5554
6454
5481
5555
6455
5482
5556
6456
5483
5557
6457
5484
5558
6458
5485
5559
6459
5486
5560
6460
5487
5561
6461
5488
5562
6462
5489
5563
6463
5490
5564
6464
5491
5565
6465
5492
5566
6466
5493
5567
6467
5494
5568
6468
5495
5569
6469
5496
5570
6470
5497
5571
6471
5498
5572
6472
5499
5573
6473
5500
5574
6474
5501
5575
6475
5502
5576
6476
5503
5577
6477
5504
5578
6478
5505
5579
6479
5506
5580
6480
5507
5581
6481
5508
5582
6482
5509
5583
6483
5510
5584
6484
5511
5585
6485
5512
5586
6486
5513
5587
6487
5514
5588
6488
5515
5589
6489
5516
5590
6490
5517
5591
6491
5518
5592
6492
5519
5593
6493
5520
5594
6494
5521
5595
6495
5522
5596
6496
5523
5597
6497
5524
5598
6498
5525
5599
6499
5526
5600
6500
5527
5601
6501
5528
5602
6502
5529
5603
6503
5530
5604
6504
5531
5605
6505
5532
5606
6506
5533
5607
6507
5534
5608
6508
5535
5609
6509
5536
5610
6510
5537
5611
6511
5538
5612
6512
5539
5613
6513
5540
5614
6514
5541
5615
6515
5542
5616
6516
5543
5617
6517
5544
5618
6518
5545
5619
6519
5546
5620
6520
5547
5621
6521
5548
5622
6522
5549
5623
6523
5624
6524
5551
5625
6525
5552
5626
6526
5553
5627
6527
5554
5628
6528
5555
5629
6529
5556
5630
6530
5557
5631
6531
5558
5632
6532
5559
5633
6533
5560
5634
6534
5561
5635
6535
5562
5636
6536
5563
5637
6537
5564
5638
6538
5565
5639
6539
5566
5640
6540
5567
5641
6541
5568
5642
6542
5569
5643
6543
5570
5644
6544
5571
5645
6545
5572
5646
6546
5573
5647
6547
5574
5648
6548
5575
5649
6549
5576
5650
6550
5577
5651
6551
5578
5652
6552
5579
5653
6553
5580
5654
6554
5581
5655
6555
5582
5656
6556
5583
5657
6557
5584
5658
6558
5585
5659
6559
5586
5660
6560
5587
5661
6561
5588
5662
6562
5589
5663
6563
5590
5664
6564
5591
5665
6565
5592
5666
6566
5593
5667
6567
5594
5668
6568
5595
5669
6569
5596
5670
6570
5597
5671
6571
5598
5672
6572
5599
5673
6573
5600
5674
6574
5601
5675
6575
5602
5676
6576
5603
5677
6577
5604
5678
6578
5605
5679
6579
5606
5680
6580
5607
5681
6581
5608
5682
6582
5609
5683
6583
5610
5684
6584
5611
5685
6585
5612
5686
6586
5613
5687
6587
5614
5688
6588
5615
5689
6589
5616
5690
6590
5617
5691
6591
5618
5692
6592
5619
5693
6593
5620
5694
6594
5621
5695
6595
5622
5696
6596
5623
5697
6597
5624
5698
6598
5699
6599
5626
6600
5627
6601
5628
6602
5629
6603
5630
6604
5631
6605
5632
6606
5633
6607
5634
6608
5635
6609
5636
6610
5637
6611
5638
6612
5639
6613
5640
6614
5641
6615
5642
6616
5643
6617
5644
6618
5645
6619
5646
6620
5647
6621
5648
6622
5649
6623
5650
6624
5651
6625
5652
6626
5653
6627
5654
6628
5655
6629
5656
6630
5657
6631
5658
6632
5659
6633
5660
6634
5661
6635
5662
6636
5663
6637
5664
6638
5665
6639
5666
6640
5667
6641
5668
6642
5669
6643
5670
6644
5671
6645
5672
6646
5673
6647
5674
6648
5675
6649
5676
6650
5677
6651
5678
6652
5679
6653
5680
6654
5681
6655
5682
6656
5683
6657
5684
6658
5685
6659
5686
6660
5687
6661
5688
6662
5689
6663
5690
6664
5691
6665
5692
6666
5693
6667
5694
6668
5695
6669
5696
6670
5697
6671
5698
6672
5699
6673
6674
5701
5775
6675
5702
5776
6676
5703
5777
6677
5704
5778
6678
5705
5779
6679
5706
5780
6680
5707
5781
6681
5708
5782
6682
5709
5783
6683
5710
5784
6684
5711
5785
6685
5712
5786
6686
5713
5787
6687
5714
5788
6688
5715
5789
6689
5716
5790
6690
5717
5791
6691
5718
5792
6692
5719
5793
6693
5720
5794
6694
5721
5795
6695
5722
5796
6696
5723
5797
6697
5724
5798
6698
5725
5799
6699
5726
5800
6700
5727
5801
6701
5728
5802
6702
5729
5803
6703
5730
5804
6704
5731
5805
6705
5732
5806
6706
5733
5807
6707
5734
5808
6708
5735
5809
6709
5736
5810
6710
5737
5811
6711
5738
5812
6712
5739
5813
6713
5740
5814
6714
5741
5815
6715
5742
5816
6716
5743
5817
6717
5744
5818
6718
5745
5819
6719
5746
5820
6720
5747
5821
6721
5748
5822
6722
5749
5823
6723
5750
5824
6724
5751
5825
6725
5752
5826
6726
5753
5827
6727
5754
5828
6728
5755
5829
6729
5756
5830
6730
5757
5831
6731
5758
5832
6732
5759
5833
6733
5760
5834
6734
5761
5835
6735
5762
5836
6736
5763
5837
6737
5764
5838
6738
5765
5839
6739
5766
5840
6740
5767
5841
6741
5768
5842
6742
5769
5843
6743
5770
5844
6744
5771
5845
6745
5772
5846
6746
5773
5847
6747
5774
5848
6748
5849
6749
5776
5850
6750
5777
5851
6751
5778
5852
6752
5779
5853
6753
5780
5854
6754
5781
5855
6755
5782
5856
6756
5783
5857
6757
5784
5858
6758
5785
5859
6759
5786
5860
6760
5787
5861
6761
5788
5862
6762
5789
5863
6763
5790
5864
6764
5791
5865
6765
5792
5866
6766
5793
5867
6767
5794
5868
6768
5795
5869
6769
5796
5870
6770
5797
5871
6771
5798
5872
6772
5799
5873
6773
5800
5874
6774
5801
5875
6775
5802
5876
6776
5803
5877
6777
5804
5878
6778
5805
5879
6779
5806
5880
6780
5807
5881
6781
5808
5882
6782
5809
5883
6783
5810
5884
6784
5811
5885
6785
5812
5886
6786
5813
5887
6787
5814
5888
6788
5815
5889
6789
5816
5890
6790
5817
5891
6791
5818
5892
6792
5819
5893
6793
5820
5894
6794
5821
5895
6795
5822
5896
6796
5823
5897
6797
5824
5898
6798
5825
5899
6799
5826
5900
6800
5827
5901
6801
5828
5902
6802
5829
5903
6803
5830
5904
6804
5831
5905
6805
5832
5906
6806
5833
5907
6807
5834
5908
6808
5835
5909
6809
5836
5910
6810
5837
5911
6811
5838
5912
6812
5839
5913
6813
5840
5914
6814
5841
5915
6815
5842
5916
6816
5843
5917
6817
5844
5918
6818
5845
5919
6819
5846
5920
6820
5847
5921
6821
5848
5922
6822
5849
5923
6823
5924
6824
5851
5925
6825
5852
5926
6826
5853
5927
6827
5854
5928
6828
5855
5929
6829
5856
5930
6830
5857
5931
6831
5858
5932
6832
5859
5933
6833
5860
5934
6834
5861
5935
6835
5862
5936
6836
5863
5937
6837
5864
5938
6838
5865
5939
6839
5866
5940
6840
5867
5941
6841
5868
5942
6842
5869
5943
6843
5870
5944
6844
5871
5945
6845
5872
5946
6846
5873
5947
6847
5874
5948
6848
5875
5949
6849
5876
5950
6850
5877
5951
6851
5878
5952
6852
5879
5953
6853
5880
5954
6854
5881
5955
6855
5882
5956
6856
5883
5957
6857
5884
5958
6858
5885
5959
6859
5886
5960
6860
5887
5961
6861
5888
5962
6862
5889
5963
6863
5890
5964
6864
5891
5965
6865
5892
5966
6866
5893
5967
6867
5894
5968
6868
5895
5969
6869
5896
5970
6870
5897
5971
6871
5898
5972
6872
5899
5973
6873
5900
5974
6874
5901
5975
6875
5902
5976
6876
5903
5977
6877
5904
5978
6878
5905
5979
6879
5906
5980
6880
5907
5981
6881
5908
5982
6882
5909
5983
6883
5910
5984
6884
5911
5985
6885
5912
5986
6886
5913
5987
6887
5914
5988
6888
5915
5989
6889
5916
5990
6890
5917
5991
6891
5918
5992
6892
5919
5993
6893
5920
5994
6894
5921
5995
6895
5922
5996
6896
5923
5997
6897
5924
5998
6898
5999
6899
5926
6000
6900
5927
6001
6901
5928
6002
6902
5929
6003
6903
5930
6004
6904
5931
6005
6905
5932
6006
6906
5933
6007
6907
5934
6008
6908
5935
6009
6909
5936
6010
6910
5937
6011
6911
5938
6012
6912
5939
6013
6913
5940
6014
6914
5941
6015
6915
5942
6016
6916
5943
6017
6917
5944
6018
6918
5945
6019
6919
5946
6020
6920
5947
6021
6921
5948
6022
6922
5949
6023
6923
5950
6024
6924
5951
6025
6925
5952
6026
6926
5953
6027
6927
5954
6028
6928
5955
6029
6929
5956
6030
6930
5957
6031
6931
5958
6032
6932
5959
6033
6933
5960
6034
6934
5961
6035
6935
5962
6036
6936
5963
6037
6937
5964
6038
6938
5965
6039
6939
5966
6040
6940
5967
6041
6941
5968
6042
6942
5969
6043
6943
5970
6044
6944
5971
6045
6945
5972
6046
6946
5973
6047
6947
5974
6048
6948
5975
6049
6949
5976
6050
6950
5977
6051
6951
5978
6052
6952
5979
6053
6953
5980
6054
6954
5981
6055
6955
5982
6056
6956
5983
6057
6957
5984
6058
6958
5985
6059
6959
5986
6060
6960
5987
6061
6961
5988
6062
6962
5989
6063
6963
5990
6064
6964
5991
6065
6965
5992
6066
6966
5993
6067
6967
5994
6068
6968
5995
6069
6969
5996
6070
6970
5997
6071
6971
5998
6072
6972
5999
6073
6973
6074
6974
6001
6075
6975
6002
6076
6976
6003
6077
6977
6004
6078
6978
6005
6079
6979
6006
6080
6980
6007
6081
6981
6008
6082
6982
6009
6083
6983
6010
6084
6984
6011
6085
6985
6012
6086
6986
6013
6087
6987
6014
6088
6988
6015
6089
6989
6016
6090
6990
6017
6091
6991
6018
6092
6992
6019
6093
6993
6020
6094
6994
6021
6095
6995
6022
6096
6996
6023
6097
6997
6024
6098
6998
6025
6099
6999
6026
6100
7000
6027
6101
7001
6028
6102
7002
6029
6103
7003
6030
6104
7004
6031
6105
7005
6032
6106
7006
6033
6107
7007
6034
6108
7008
6035
6109
7009
6036
6110
7010
6037
6111
7011
6038
6112
7012
6039
6113
7013
6040
6114
7014
6041
6115
7015
6042
6116
7016
6043
6117
7017
6044
6118
7018
6045
6119
7019
6046
6120
7020
6047
6121
7021
6048
6122
7022
6049
6123
7023
6050
6124
7024
6051
6125
7025
6052
6126
7026
6053
6127
7027
6054
6128
7028
6055
6129
7029
6056
6130
7030
6057
6131
7031
6058
6132
7032
6059
6133
7033
6060
6134
7034
6061
6135
7035
6062
6136
7036
6063
6137
7037
6064
6138
7038
6065
6139
7039
6066
6140
7040
6067
6141
7041
6068
6142
7042
6069
6143
7043
6070
6144
7044
6071
6145
7045
6072
6146
7046
6073
6147
7047
6074
6148
7048
6149
7049
6076
6150
7050
6077
6151
7051
6078
6152
7052
6079
6153
7053
6080
6154
7054
6081
6155
7055
6082
6156
7056
6083
6157
7057
6084
6158
7058
6085
6159
7059
6086
6160
7060
6087
6161
7061
6088
6162
7062
6089
6163
7063
6090
6164
7064
6091
6165
7065
6092
6166
7066
6093
6167
7067
6094
6168
7068
6095
6169
7069
6096
6170
7070
6097
6171
7071
6098
6172
7072
6099
6173
7073
6100
6174
7074
6101
6175
7075
6102
6176
7076
6103
6177
7077
6104
6178
7078
6105
6179
7079
6106
6180
7080
6107
6181
7081
6108
6182
7082
6109
6183
7083
6110
6184
7084
6111
6185
7085
6112
6186
7086
6113
6187
7087
6114
6188
7088
6115
6189
7089
6116
6190
7090
6117
6191
7091
6118
6192
7092
6119
6193
7093
6120
6194
7094
6121
6195
7095
6122
6196
7096
6123
6197
7097
6124
6198
7098
6125
6199
7099
6126
6200
7100
6127
6201
7101
6128
6202
7102
6129
6203
7103
6130
6204
7104
6131
6205
7105
6132
6206
7106
6133
6207
7107
6134
6208
7108
6135
6209
7109
6136
6210
7110
6137
6211
7111
6138
6212
7112
6139
6213
7113
6140
6214
7114
6141
6215
7115
6142
6216
7116
6143
6217
7117
6144
6218
7118
6145
6219
7119
6146
6220
7120
6147
6221
7121
6148
6222
7122
6149
6223
7123
6224
7124
6151
6225
7125
6152
6226
7126
6153
6227
7127
6154
6228
7128
6155
6229
7129
6156
6230
7130
6157
6231
7131
6158
6232
7132
6159
6233
7133
6160
6234
7134
6161
6235
7135
6162
6236
7136
6163
6237
7137
6164
6238
7138
6165
6239
7139
6166
6240
7140
6167
6241
7141
6168
6242
7142
6169
6243
7143
6170
6244
7144
6171
6245
7145
6172
6246
7146
6173
6247
7147
6174
6248
7148
6175
6249
7149
6176
6250
7150
6177
6251
7151
6178
6252
7152
6179
6253
7153
6180
6254
7154
6181
6255
7155
6182
6256
7156
6183
6257
7157
6184
6258
7158
6185
6259
7159
6186
6260
7160
6187
6261
7161
6188
6262
7162
6189
6263
7163
6190
6264
7164
6191
6265
7165
6192
6266
7166
6193
6267
7167
6194
6268
7168
6195
6269
7169
6196
6270
7170
6197
6271
7171
6198
6272
7172
6199
6273
7173
6200
6274
7174
6201
6275
7175
6202
6276
7176
6203
6277
7177
6204
6278
7178
6205
6279
7179
6206
6280
7180
6207
6281
7181
6208
6282
7182
6209
6283
7183
6210
6284
7184
6211
6285
7185
6212
6286
7186
6213
6287
7187
6214
6288
7188
6215
6289
7189
6216
6290
7190
6217
6291
7191
6218
6292
7192
6219
6293
7193
6220
6294
7194
6221
6295
7195
6222
6296
7196
6223
6297
7197
6224
6298
7198
6299
7199
6226
6300
7200
6227
6301
7201
6228
6302
7202
6229
6303
7203
6230
6304
7204
6231
6305
7205
6232
6306
7206
6233
6307
7207
6234
6308
7208
6235
6309
7209
6236
6310
7210
6237
6311
7211
6238
6312
7212
6239
6313
7213
6240
6314
7214
6241
6315
7215
6242
6316
7216
6243
6317
7217
6244
6318
7218
6245
6319
7219
6246
6320
7220
6247
6321
7221
6248
6322
7222
6249
6323
7223
6250
6324
7224
6251
6325
7225
6252
6326
7226
6253
6327
7227
6254
6328
7228
6255
6329
7229
6256
6330
7230
6257
6331
7231
6258
6332
7232
6259
6333
7233
6260
6334
7234
6261
6335
7235
6262
6336
7236
6263
6337
7237
6264
6338
7238
6265
6339
7239
6266
6340
7240
6267
6341
7241
6268
6342
7242
6269
6343
7243
6270
6344
7244
6271
6345
7245
6272
6346
7246
6273
6347
7247
6274
6348
7248
6275
6349
7249
6276
6350
7250
6277
6351
7251
6278
6352
7252
6279
6353
7253
6280
6354
7254
6281
6355
7255
6282
6356
7256
6283
6357
7257
6284
6358
7258
6285
6359
7259
6286
6360
7260
6287
6361
7261
6288
6362
7262
6289
6363
7263
6290
6364
7264
6291
6365
7265
6292
6366
7266
6293
6367
7267
6294
6368
7268
6295
6369
7269
6296
6370
7270
6297
6371
7271
6298
6372
7272
6299
6373
7273
6374
7274
6301
6375
7275
6302
6376
7276
6303
6377
7277
6304
6378
7278
6305
6379
7279
6306
6380
7280
6307
6381
7281
6308
6382
7282
6309
6383
7283
6310
6384
7284
6311
6385
7285
6312
6386
7286
6313
6387
7287
6314
6388
7288
6315
6389
7289
6316
6390
7290
6317
6391
7291
6318
6392
7292
6319
6393
7293
6320
6394
7294
6321
6395
7295
6322
6396
7296
6323
6397
7297
6324
6398
7298
6325
6399
7299
6326
6400
7300
6327
6401
7301
6328
6402
7302
6329
6403
7303
6330
6404
7304
6331
6405
7305
6332
6406
7306
6333
6407
7307
6334
6408
7308
6335
6409
7309
6336
6410
7310
6337
6411
7311
6338
6412
7312
6339
6413
7313
6340
6414
7314
6341
6415
7315
6342
6416
7316
6343
6417
7317
6344
6418
7318
6345
6419
7319
6346
6420
7320
6347
6421
7321
6348
6422
7322
6349
6423
7323
6350
6424
7324
6351
6425
7325
6352
6426
7326
6353
6427
7327
6354
6428
7328
6355
6429
7329
6356
6430
7330
6357
6431
7331
6358
6432
7332
6359
6433
7333
6360
6434
7334
6361
6435
7335
6362
6436
7336
6363
6437
7337
6364
6438
7338
6365
6439
7339
6366
6440
7340
6367
6441
7341
6368
6442
7342
6369
6443
7343
6370
6444
7344
6371
6445
7345
6372
6446
7346
6373
6447
7347
6374
6448
7348
6449
7349
6376
6450
7350
6377
6451
7351
6378
6452
7352
6379
6453
7353
6380
6454
7354
6381
6455
7355
6382
6456
7356
6383
6457
7357
6384
6458
7358
6385
6459
7359
6386
6460
7360
6387
6461
7361
6388
6462
7362
6389
6463
7363
6390
6464
7364
6391
6465
7365
6392
6466
7366
6393
6467
7367
6394
6468
7368
6395
6469
7369
6396
6470
7370
6397
6471
7371
6398
6472
7372
6399
6473
7373
6400
6474
7374
6401
6475
7375
6402
6476
7376
6403
6477
7377
6404
6478
7378
6405
6479
7379
6406
6480
7380
6407
6481
7381
6408
6482
7382
6409
6483
7383
6410
6484
7384
6411
6485
7385
6412
6486
7386
6413
6487
7387
6414
6488
7388
6415
6489
7389
6416
6490
7390
6417
6491
7391
6418
6492
7392
6419
6493
7393
6420
6494
7394
6421
6495
7395
6422
6496
7396
6423
6497
7397
6424
6498
7398
6425
6499
7399
6426
6500
7400
6427
6501
7401
6428
6502
7402
6429
6503
7403
6430
6504
7404
6431
6505
7405
6432
6506
7406
6433
6507
7407
6434
6508
7408
6435
6509
7409
6436
6510
7410
6437
6511
7411
6438
6512
7412
6439
6513
7413
6440
6514
7414
6441
6515
7415
6442
6516
7416
6443
6517
7417
6444
6518
7418
6445
6519
7419
6446
6520
7420
6447
6521
7421
6448
6522
7422
6449
6523
7423
6524
7424
6451
6525
7425
6452
6526
7426
6453
6527
7427
6454
6528
7428
6455
6529
7429
6456
6530
7430
6457
6531
7431
6458
6532
7432
6459
6533
7433
6460
6534
7434
6461
6535
7435
6462
6536
7436
6463
6537
7437
6464
6538
7438
6465
6539
7439
6466
6540
7440
6467
6541
7441
6468
6542
7442
6469
6543
7443
6470
6544
7444
6471
6545
7445
6472
6546
7446
6473
6547
7447
6474
6548
7448
6475
6549
7449
6476
6550
7450
6477
6551
7451
6478
6552
7452
6479
6553
7453
6480
6554
7454
6481
6555
7455
6482
6556
7456
6483
6557
7457
6484
6558
7458
6485
6559
7459
6486
6560
7460
6487
6561
7461
6488
6562
7462
6489
6563
7463
6490
6564
7464
6491
6565
7465
6492
6566
7466
6493
6567
7467
6494
6568
7468
6495
6569
7469
6496
6570
7470
6497
6571
7471
6498
6572
7472
6499
6573
7473
6500
6574
7474
6501
6575
7475
6502
6576
7476
6503
6577
7477
6504
6578
7478
6505
6579
7479
6506
6580
7480
6507
6581
7481
6508
6582
7482
6509
6583
7483
6510
6584
7484
6511
6585
7485
6512
6586
7486
6513
6587
7487
6514
6588
7488
6515
6589
7489
6516
6590
7490
6517
6591
7491
6518
6592
7492
6519
6593
7493
6520
6594
7494
6521
6595
7495
6522
6596
7496
6523
6597
7497
6524
6598
7498
6599
7499
6526
6600
7500
6527
6601
7501
6528
6602
7502
6529
6603
7503
6530
6604
7504
6531
6605
7505
6532
6606
7506
6533
6607
7507
6534
6608
7508
6535
6609
7509
6536
6610
7510
6537
6611
7511
6538
6612
7512
6539
6613
7513
6540
6614
7514
6541
6615
7515
6542
6616
7516
6543
6617
7517
6544
6618
7518
6545
6619
7519
6546
6620
7520
6547
6621
7521
6548
6622
7522
6549
6623
7523
6550
6624
7524
6551
6625
7525
6552
6626
7526
6553
6627
7527
6554
6628
7528
6555
6629
7529
6556
6630
7530
6557
6631
7531
6558
6632
7532
6559
6633
7533
6560
6634
7534
6561
6635
7535
6562
6636
7536
6563
6637
7537
6564
6638
7538
6565
6639
7539
6566
6640
7540
6567
6641
7541
6568
6642
7542
6569
6643
7543
6570
6644
7544
6571
6645
7545
6572
6646
7546
6573
6647
7547
6574
6648
7548
6575
6649
7549
6576
6650
7550
6577
6651
7551
6578
6652
7552
6579
6653
7553
6580
6654
7554
6581
6655
7555
6582
6656
7556
6583
6657
7557
6584
6658
7558
6585
6659
7559
6586
6660
7560
6587
6661
7561
6588
6662
7562
6589
6663
7563
6590
6664
7564
6591
6665
7565
6592
6666
7566
6593
6667
7567
6594
6668
7568
6595
6669
7569
6596
6670
7570
6597
6671
7571
6598
6672
7572
6599
6673
7573
6674
7574
6601
7575
6602
7576
6603
7577
6604
7578
6605
7579
6606
7580
6607
7581
6608
7582
6609
7583
6610
7584
6611
7585
6612
7586
6613
7587
6614
7588
6615
7589
6616
7590
6617
7591
6618
7592
6619
7593
6620
7594
6621
7595
6622
7596
6623
7597
6624
7598
6625
7599
6626
7600
6627
7601
6628
7602
6629
7603
6630
7604
6631
7605
6632
7606
6633
7607
6634
7608
6635
7609
6636
7610
6637
7611
6638
7612
6639
7613
6640
7614
6641
7615
6642
7616
6643
7617
6644
7618
6645
7619
6646
7620
6647
7621
6648
7622
6649
7623
6650
7624
6651
7625
6652
7626
6653
7627
6654
7628
6655
7629
6656
7630
6657
7631
6658
7632
6659
7633
6660
7634
6661
7635
6662
7636
6663
7637
6664
7638
6665
7639
6666
7640
6667
7641
6668
7642
6669
7643
6670
7644
6671
7645
6672
7646
6673
7647
6674
7648
7649
6676
6750
8850
6677
6751
8851
6678
6752
8852
6679
6753
8853
6680
6754
8854
6681
6755
8855
6682
6756
8856
6683
6757
8857
6684
6758
8858
6685
6759
8859
6686
6760
8860
6687
6761
8861
6688
6762
8862
6689
6763
8863
6690
6764
8864
6691
6765
8865
6692
6766
8866
6693
6767
8867
6694
6768
8868
6695
6769
8869
6696
6770
8870
6697
6771
8871
6698
6772
8872
6699
6773
8873
6700
6774
8874
6701
6775
8875
6702
6776
8876
6703
6777
8877
6704
6778
8878
6705
6779
8879
6706
6780
8880
6707
6781
8881
6708
6782
8882
6709
6783
8883
6710
6784
8884
6711
6785
8885
6712
6786
8886
6713
6787
8887
6714
6788
8888
6715
6789
8889
6716
6790
8890
6717
6791
8891
6718
6792
8892
6719
6793
8893
6720
6794
8894
6721
6795
8895
6722
6796
8896
6723
6797
8897
6724
6798
8898
6725
6799
8899
6726
6800
8900
6727
6801
8901
6728
6802
8902
6729
6803
8903
6730
6804
8904
6731
6805
8905
6732
6806
8906
6733
6807
8907
6734
6808
8908
6735
6809
8909
6736
6810
8910
6737
6811
8911
6738
6812
8912
6739
6813
8913
6740
6814
8914
6741
6815
8915
6742
6816
8916
6743
6817
8917
6744
6818
8918
6745
6819
8919
6746
6820
8920
6747
6821
8921
6748
6822
8922
6749
6823
8923
6824
8924
6751
6825
8925
6752
6826
8926
6753
6827
8927
6754
6828
8928
6755
6829
8929
6756
6830
8930
6757
6831
8931
6758
6832
8932
6759
6833
8933
6760
6834
8934
6761
6835
8935
6762
6836
8936
6763
6837
8937
6764
6838
8938
6765
6839
8939
6766
6840
8940
6767
6841
8941
6768
6842
8942
6769
6843
8943
6770
6844
8944
6771
6845
8945
6772
6846
8946
6773
6847
8947
6774
6848
8948
6775
6849
8949
6776
6850
8950
6777
6851
8951
6778
6852
8952
6779
6853
8953
6780
6854
8954
6781
6855
8955
6782
6856
8956
6783
6857
8957
6784
6858
8958
6785
6859
8959
6786
6860
8960
6787
6861
8961
6788
6862
8962
6789
6863
8963
6790
6864
8964
6791
6865
8965
6792
6866
8966
6793
6867
8967
6794
6868
8968
6795
6869
8969
6796
6870
8970
6797
6871
8971
6798
6872
8972
6799
6873
8973
6800
6874
8974
6801
6875
8975
6802
6876
8976
6803
6877
8977
6804
6878
8978
6805
6879
8979
6806
6880
8980
6807
6881
8981
6808
6882
8982
6809
6883
8983
6810
6884
8984
6811
6885
8985
6812
6886
8986
6813
6887
8987
6814
6888
8988
6815
6889
8989
6816
6890
8990
6817
6891
8991
6818
6892
8992
6819
6893
8993
6820
6894
8994
6821
6895
8995
6822
6896
8996
6823
6897
8997
6824
6898
8998
6899
8999
6826
6900
9000
6827
6901
9001
6828
6902
9002
6829
6903
9003
6830
6904
9004
6831
6905
9005
6832
6906
9006
6833
6907
9007
6834
6908
9008
6835
6909
9009
6836
6910
9010
6837
6911
9011
6838
6912
9012
6839
6913
9013
6840
6914
9014
6841
6915
9015
6842
6916
9016
6843
6917
9017
6844
6918
9018
6845
6919
9019
6846
6920
9020
6847
6921
9021
6848
6922
9022
6849
6923
9023
6850
6924
9024
6851
6925
9025
6852
6926
9026
6853
6927
9027
6854
6928
9028
6855
6929
9029
6856
6930
9030
6857
6931
9031
6858
6932
9032
6859
6933
9033
6860
6934
9034
6861
6935
9035
6862
6936
9036
6863
6937
9037
6864
6938
9038
6865
6939
9039
6866
6940
9040
6867
6941
9041
6868
6942
9042
6869
6943
9043
6870
6944
9044
6871
6945
9045
6872
6946
9046
6873
6947
9047
6874
6948
9048
6875
6949
9049
6876
6950
9050
6877
6951
9051
6878
6952
9052
6879
6953
9053
6880
6954
9054
6881
6955
9055
6882
6956
9056
6883
6957
9057
6884
6958
9058
6885
6959
9059
6886
6960
9060
6887
6961
9061
6888
6962
9062
6889
6963
9063
6890
6964
9064
6891
6965
9065
6892
6966
9066
6893
6967
9067
6894
6968
9068
6895
6969
9069
6896
6970
9070
6897
6971
9071
6898
6972
9072
6899
6973
9073
6974
9074
6901
6975
9075
6902
6976
9076
6903
6977
9077
6904
6978
9078
6905
6979
9079
6906
6980
9080
6907
6981
9081
6908
6982
9082
6909
6983
9083
6910
6984
9084
6911
6985
9085
6912
6986
9086
6913
6987
9087
6914
6988
9088
6915
6989
9089
6916
6990
9090
6917
6991
9091
6918
6992
9092
6919
6993
9093
6920
6994
9094
6921
6995
9095
6922
6996
9096
6923
6997
9097
6924
6998
9098
6925
6999
9099
6926
7000
9100
6927
7001
9101
6928
7002
9102
6929
7003
9103
6930
7004
9104
6931
7005
9105
6932
7006
9106
6933
7007
9107
6934
7008
9108
6935
7009
9109
6936
7010
9110
6937
7011
9111
6938
7012
9112
6939
7013
9113
6940
7014
9114
6941
7015
9115
6942
7016
9116
6943
7017
9117
6944
7018
9118
6945
7019
9119
6946
7020
9120
6947
7021
9121
6948
7022
9122
6949
7023
9123
6950
7024
9124
6951
7025
9125
6952
7026
9126
6953
7027
9127
6954
7028
9128
6955
7029
9129
6956
7030
9130
6957
7031
9131
6958
7032
9132
6959
7033
9133
6960
7034
9134
6961
7035
9135
6962
7036
9136
6963
7037
9137
6964
7038
9138
6965
7039
9139
6966
7040
9140
6967
7041
9141
6968
7042
9142
6969
7043
9143
6970
7044
9144
6971
7045
9145
6972
7046
9146
6973
7047
9147
6974
7048
9148
7049
9149
6976
7050
9150
6977
7051
9151
6978
7052
9152
6979
7053
9153
6980
7054
9154
6981
7055
9155
6982
7056
9156
6983
7057
9157
6984
7058
9158
6985
7059
9159
6986
7060
9160
6987
7061
9161
6988
7062
9162
6989
7063
9163
6990
7064
9164
6991
7065
9165
6992
7066
9166
6993
7067
9167
6994
7068
9168
6995
7069
9169
6996
7070
9170
6997
7071
9171
6998
7072
9172
6999
7073
9173
7000
7074
9174
7001
7075
9175
7002
7076
9176
7003
7077
9177
7004
7078
9178
7005
7079
9179
7006
7080
9180
7007
7081
9181
7008
7082
9182
7009
7083
9183
7010
7084
9184
7011
7085
9185
7012
7086
9186
7013
7087
9187
7014
7088
9188
7015
7089
9189
7016
7090
9190
7017
7091
9191
7018
7092
9192
7019
7093
9193
7020
7094
9194
7021
7095
9195
7022
7096
9196
7023
7097
9197
7024
7098
9198
7025
7099
9199
7026
7100
9200
7027
7101
9201
7028
7102
9202
7029
7103
9203
7030
7104
9204
7031
7105
9205
7032
7106
9206
7033
7107
9207
7034
7108
9208
7035
7109
9209
7036
7110
9210
7037
7111
9211
7038
7112
9212
7039
7113
9213
7040
7114
9214
7041
7115
9215
7042
7116
9216
7043
7117
9217
7044
7118
9218
7045
7119
9219
7046
7120
9220
7047
7121
9221
7048
7122
9222
7049
7123
9223
7124
9224
7051
7125
9225
7052
7126
9226
7053
7127
9227
7054
7128
9228
7055
7129
9229
7056
7130
9230
7057
7131
9231
7058
7132
9232
7059
7133
9233
7060
7134
9234
7061
7135
9235
7062
7136
9236
7063
7137
9237
7064
7138
9238
7065
7139
9239
7066
7140
9240
7067
7141
9241
7068
7142
9242
7069
7143
9243
7070
7144
9244
7071
7145
9245
7072
7146
9246
7073
7147
9247
7074
7148
9248
7075
7149
9249
7076
7150
9250
7077
7151
9251
7078
7152
9252
7079
7153
9253
7080
7154
9254
7081
7155
9255
7082
7156
9256
7083
7157
9257
7084
7158
9258
7085
7159
9259
7086
7160
9260
7087
7161
9261
7088
7162
9262
7089
7163
9263
7090
7164
9264
7091
7165
9265
7092
7166
9266
7093
7167
9267
7094
7168
9268
7095
7169
9269
7096
7170
9270
7097
7171
9271
7098
7172
9272
7099
7173
9273
7100
7174
9274
7101
7175
9275
7102
7176
9276
7103
7177
9277
7104
7178
9278
7105
7179
9279
7106
7180
9280
7107
7181
9281
7108
7182
9282
7109
7183
9283
7110
7184
9284
7111
7185
9285
7112
7186
9286
7113
7187
9287
7114
7188
9288
7115
7189
9289
7116
7190
9290
7117
7191
9291
7118
7192
9292
7119
7193
9293
7120
7194
9294
7121
7195
9295
7122
7196
9296
7123
7197
9297
7124
7198
9298
7199
9299
7126
7200
9300
7127
7201
9301
7128
7202
9302
7129
7203
9303
7130
7204
9304
7131
7205
9305
7132
7206
9306
7133
7207
9307
7134
7208
9308
7135
7209
9309
7136
7210
9310
7137
7211
9311
7138
7212
9312
7139
7213
9313
7140
7214
9314
7141
7215
9315
7142
7216
9316
7143
7217
9317
7144
7218
9318
7145
7219
9319
7146
7220
9320
7147
7221
9321
7148
7222
9322
7149
7223
9323
7150
7224
9324
7151
7225
9325
7152
7226
9326
7153
7227
9327
7154
7228
9328
7155
7229
9329
7156
7230
9330
7157
7231
9331
7158
7232
9332
7159
7233
9333
7160
7234
9334
7161
7235
9335
7162
7236
9336
7163
7237
9337
7164
7238
9338
7165
7239
9339
7166
7240
9340
7167
7241
9341
7168
7242
9342
7169
7243
9343
7170
7244
9344
7171
7245
9345
7172
7246
9346
7173
7247
9347
7174
7248
9348
7175
7249
9349
7176
7250
9350
7177
7251
9351
7178
7252
9352
7179
7253
9353
7180
7254
9354
7181
7255
9355
7182
7256
9356
7183
7257
9357
7184
7258
9358
7185
7259
9359
7186
7260
9360
7187
7261
9361
7188
7262
9362
7189
7263
9363
7190
7264
9364
7191
7265
9365
7192
7266
9366
7193
7267
9367
7194
7268
9368
7195
7269
9369
7196
7270
9370
7197
7271
9371
7198
7272
9372
7199
7273
9373
7274
9374
7201
7275
9375
7202
7276
9376
7203
7277
9377
7204
7278
9378
7205
7279
9379
7206
7280
9380
7207
7281
9381
7208
7282
9382
7209
7283
9383
7210
7284
9384
7211
7285
9385
7212
7286
9386
7213
7287
9387
7214
7288
9388
7215
7289
9389
7216
7290
9390
7217
7291
9391
7218
7292
9392
7219
7293
9393
7220
7294
9394
7221
7295
9395
7222
7296
9396
7223
7297
9397
7224
7298
9398
7225
7299
9399
7226
7300
9400
7227
7301
9401
7228
7302
9402
7229
7303
9403
7230
7304
9404
7231
7305
9405
7232
7306
9406
7233
7307
9407
7234
7308
9408
7235
7309
9409
7236
7310
9410
7237
7311
9411
7238
7312
9412
7239
7313
9413
7240
7314
9414
7241
7315
9415
7242
7316
9416
7243
7317
9417
7244
7318
9418
7245
7319
9419
7246
7320
9420
7247
7321
9421
7248
7322
9422
7249
7323
9423
7250
7324
9424
7251
7325
9425
7252
7326
9426
7253
7327
9427
7254
7328
9428
7255
7329
9429
7256
7330
9430
7257
7331
9431
7258
7332
9432
7259
7333
9433
7260
7334
9434
7261
7335
9435
7262
7336
9436
7263
7337
9437
7264
7338
9438
7265
7339
9439
7266
7340
9440
7267
7341
9441
7268
7342
9442
7269
7343
9443
7270
7344
9444
7271
7345
9445
7272
7346
9446
7273
7347
9447
7274
7348
9448
7349
9449
7276
7350
9450
7277
7351
9451
7278
7352
9452
7279
7353
9453
7280
7354
9454
7281
7355
9455
7282
7356
9456
7283
7357
9457
7284
7358
9458
7285
7359
9459
7286
7360
9460
7287
7361
9461
7288
7362
9462
7289
7363
9463
7290
7364
9464
7291
7365
9465
7292
7366
9466
7293
7367
9467
7294
7368
9468
7295
7369
9469
7296
7370
9470
7297
7371
9471
7298
7372
9472
7299
7373
9473
7300
7374
9474
7301
7375
9475
7302
7376
9476
7303
7377
9477
7304
7378
9478
7305
7379
9479
7306
7380
9480
7307
7381
9481
7308
7382
9482
7309
7383
9483
7310
7384
9484
7311
7385
9485
7312
7386
9486
7313
7387
9487
7314
7388
9488
7315
7389
9489
7316
7390
9490
7317
7391
9491
7318
7392
9492
7319
7393
9493
7320
7394
9494
7321
7395
9495
7322
7396
9496
7323
7397
9497
7324
7398
9498
7325
7399
9499
7326
7400
9500
7327
7401
9501
7328
7402
9502
7329
7403
9503
7330
7404
9504
7331
7405
9505
7332
7406
9506
7333
7407
9507
7334
7408
9508
7335
7409
9509
7336
7410
9510
7337
7411
9511
7338
7412
9512
7339
7413
9513
7340
7414
9514
7341
7415
9515
7342
7416
9516
7343
7417
9517
7344
7418
9518
7345
7419
9519
7346
7420
9520
7347
7421
9521
7348
7422
9522
7349
7423
9523
7424
9524
7351
7425
9525
7352
7426
9526
7353
7427
9527
7354
7428
9528
7355
7429
9529
7356
7430
9530
7357
7431
9531
7358
7432
9532
7359
7433
9533
7360
7434
9534
7361
7435
9535
7362
7436
9536
7363
7437
9537
7364
7438
9538
7365
7439
9539
7366
7440
9540
7367
7441
9541
7368
7442
9542
7369
7443
9543
7370
7444
9544
7371
7445
9545
7372
7446
9546
7373
7447
9547
7374
7448
9548
7375
7449
9549
7376
7450
9550
7377
7451
9551
7378
7452
9552
7379
7453
9553
7380
7454
9554
7381
7455
9555
7382
7456
9556
7383
7457
9557
7384
7458
9558
7385
7459
9559
7386
7460
9560
7387
7461
9561
7388
7462
9562
7389
7463
9563
7390
7464
9564
7391
7465
9565
7392
7466
9566
7393
7467
9567
7394
7468
9568
7395
7469
9569
7396
7470
9570
7397
7471
9571
7398
7472
9572
7399
7473
9573
7400
7474
9574
7401
7475
9575
7402
7476
9576
7403
7477
9577
7404
7478
9578
7405
7479
9579
7406
7480
9580
7407
7481
9581
7408
7482
9582
7409
7483
9583
7410
7484
9584
7411
7485
9585
7412
7486
9586
7413
7487
9587
7414
7488
9588
7415
7489
9589
7416
7490
9590
7417
7491
9591
7418
7492
9592
7419
7493
9593
7420
7494
9594
7421
7495
9595
7422
7496
9596
7423
7497
9597
7424
7498
9598
7499
9599
7426
7500
9600
7427
7501
9601
7428
7502
9602
7429
7503
9603
7430
7504
9604
7431
7505
9605
7432
7506
9606
7433
7507
9607
7434
7508
9608
7435
7509
9609
7436
7510
9610
7437
7511
9611
7438
7512
9612
7439
7513
9613
7440
7514
9614
7441
7515
9615
7442
7516
9616
7443
7517
9617
7444
7518
9618
7445
7519
9619
7446
7520
9620
7447
7521
9621
7448
7522
9622
7449
7523
9623
7450
7524
9624
7451
7525
9625
7452
7526
9626
7453
7527
9627
7454
7528
9628
7455
7529
9629
7456
7530
9630
7457
7531
9631
7458
7532
9632
7459
7533
9633
7460
7534
9634
7461
7535
9635
7462
7536
9636
7463
7537
9637
7464
7538
9638
7465
7539
9639
7466
7540
9640
7467
7541
9641
7468
7542
9642
7469
7543
9643
7470
7544
9644
7471
7545
9645
7472
7546
9646
7473
7547
9647
7474
7548
9648
7475
7549
9649
7476
7550
9650
7477
7551
9651
7478
7552
9652
7479
7553
9653
7480
7554
9654
7481
7555
9655
7482
7556
9656
7483
7557
9657
7484
7558
9658
7485
7559
9659
7486
7560
9660
7487
7561
9661
7488
7562
9662
7489
7563
9663
7490
7564
9664
7491
7565
9665
7492
7566
9666
7493
7567
9667
7494
7568
9668
7495
7569
9669
7496
7570
9670
7497
7571
9671
7498
7572
9672
7499
7573
9673
7574
9674
7501
7575
9675
7502
7576
9676
7503
7577
9677
7504
7578
9678
7505
7579
9679
7506
7580
9680
7507
7581
9681
7508
7582
9682
7509
7583
9683
7510
7584
9684
7511
7585
9685
7512
7586
9686
7513
7587
9687
7514
7588
9688
7515
7589
9689
7516
7590
9690
7517
7591
9691
7518
7592
9692
7519
7593
9693
7520
7594
9694
7521
7595
9695
7522
7596
9696
7523
7597
9697
7524
7598
9698
7525
7599
9699
7526
7600
9700
7527
7601
9701
7528
7602
9702
7529
7603
9703
7530
7604
9704
7531
7605
9705
7532
7606
9706
7533
7607
9707
7534
7608
9708
7535
7609
9709
7536
7610
9710
7537
7611
9711
7538
7612
9712
7539
7613
9713
7540
7614
9714
7541
7615
9715
7542
7616
9716
7543
7617
9717
7544
7618
9718
7545
7619
9719
7546
7620
9720
7547
7621
9721
7548
7622
9722
7549
7623
9723
7550
7624
9724
7551
7625
9725
7552
7626
9726
7553
7627
9727
7554
7628
9728
7555
7629
9729
7556
7630
9730
7557
7631
9731
7558
7632
9732
7559
7633
9733
7560
7634
9734
7561
7635
9735
7562
7636
9736
7563
7637
9737
7564
7638
9738
7565
7639
9739
7566
7640
9740
7567
7641
9741
7568
7642
9742
7569
7643
9743
7570
7644
9744
7571
7645
9745
7572
7646
9746
7573
7647
9747
7574
7648
9748
7649
9749
7576
9750
7577
9751
7578
9752
7579
9753
7580
9754
7581
9755
7582
9756
7583
9757
7584
9758
7585
9759
7586
9760
7587
9761
7588
9762
7589
9763
7590
9764
7591
9765
7592
9766
7593
9767
7594
9768
7595
9769
7596
9770
7597
9771
7598
9772
7599
9773
7600
9774
7601
9775
7602
9776
7603
9777
7604
9778
7605
9779
7606
9780
7607
9781
7608
9782
7609
9783
7610
9784
7611
9785
7612
9786
7613
9787
7614
9788
7615
9789
7616
9790
7617
9791
7618
9792
7619
9793
7620
9794
7621
9795
7622
9796
7623
9797
7624
9798
7625
9799
7626
9800
7627
9801
7628
9802
7629
9803
7630
9804
7631
9805
7632
9806
7633
9807
7634
9808
7635
9809
7636
9810
7637
9811
7638
9812
7639
9813
7640
9814
7641
9815
7642
9816
7643
9817
7644
9818
7645
9819
7646
9820
7647
9821
7648
9822
7649
9823
9824
7651
7725
7950
7652
7726
7951
7653
7727
7952
7654
7728
7953
7655
7729
7954
7656
7730
7955
7657
7731
7956
7658
7732
7957
7659
7733
7958
7660
7734
7959
7661
7735
7960
7662
7736
7961
7663
7737
7962
7664
7738
7963
7665
7739
7964
7666
7740
7965
7667
7741
7966
7668
7742
7967
7669
7743
7968
7670
7744
7969
7671
7745
7970
7672
7746
7971
7673
7747
7972
7674
7748
7973
7675
7749
7974
7676
7750
7975
7677
7751
7976
7678
7752
7977
7679
7753
7978
7680
7754
7979
7681
7755
7980
7682
7756
7981
7683
7757
7982
7684
7758
7983
7685
7759
7984
7686
7760
7985
7687
7761
7986
7688
7762
7987
7689
7763
7988
7690
7764
7989
7691
7765
7990
7692
7766
7991
7693
7767
7992
7694
7768
7993
7695
7769
7994
7696
7770
7995
7697
7771
7996
7698
7772
7997
7699
7773
7998
7700
7774
7999
7701
7775
8000
7702
7776
8001
7703
7777
8002
7704
7778
8003
7705
7779
8004
7706
7780
8005
7707
7781
8006
7708
7782
8007
7709
7783
8008
7710
7784
8009
7711
7785
8010
7712
7786
8011
7713
7787
8012
7714
7788
8013
7715
7789
8014
7716
7790
8015
7717
7791
8016
7718
7792
8017
7719
7793
8018
7720
7794
8019
7721
7795
8020
7722
7796
8021
7723
7797
8022
7724
7798
8023
7799
8024
7726
7800
8025
7727
7801
8026
7728
7802
8027
7729
7803
8028
7730
7804
8029
7731
7805
8030
7732
7806
8031
7733
7807
8032
7734
7808
8033
7735
7809
8034
7736
7810
8035
7737
7811
8036
7738
7812
8037
7739
7813
8038
7740
7814
8039
7741
7815
8040
7742
7816
8041
7743
7817
8042
7744
7818
8043
7745
7819
8044
7746
7820
8045
7747
7821
8046
7748
7822
8047
7749
7823
8048
7750
7824
8049
7751
7825
8050
7752
7826
8051
7753
7827
8052
7754
7828
8053
7755
7829
8054
7756
7830
8055
7757
7831
8056
7758
7832
8057
7759
7833
8058
7760
7834
8059
7761
7835
8060
7762
7836
8061
7763
7837
8062
7764
7838
8063
7765
7839
8064
7766
7840
8065
7767
7841
8066
7768
7842
8067
7769
7843
8068
7770
7844
8069
7771
7845
8070
7772
7846
8071
7773
7847
8072
7774
7848
8073
7775
7849
8074
7776
7850
8075
7777
7851
8076
7778
7852
8077
7779
7853
8078
7780
7854
8079
7781
7855
8080
7782
7856
8081
7783
7857
8082
7784
7858
8083
7785
7859
8084
7786
7860
8085
7787
7861
8086
7788
7862
8087
7789
7863
8088
7790
7864
8089
7791
7865
8090
7792
7866
8091
7793
7867
8092
7794
7868
8093
7795
7869
8094
7796
7870
8095
7797
7871
8096
7798
7872
8097
7799
7873
8098
7874
8099
7801
7875
8100
7802
7876
8101
7803
7877
8102
7804
7878
8103
7805
7879
8104
7806
7880
8105
7807
7881
8106
7808
7882
8107
7809
7883
8108
7810
7884
8109
7811
7885
8110
7812
7886
8111
7813
7887
8112
7814
7888
8113
7815
7889
8114
7816
7890
8115
7817
7891
8116
7818
7892
8117
7819
7893
8118
7820
7894
8119
7821
7895
8120
7822
7896
8121
7823
7897
8122
7824
7898
8123
7825
7899
8124
7826
7900
8125
7827
7901
8126
7828
7902
8127
7829
7903
8128
7830
7904
8129
7831
7905
8130
7832
7906
8131
7833
7907
8132
7834
7908
8133
7835
7909
8134
7836
7910
8135
7837
7911
8136
7838
7912
8137
7839
7913
8138
7840
7914
8139
7841
7915
8140
7842
7916
8141
7843
7917
8142
7844
7918
8143
7845
7919
8144
7846
7920
8145
7847
7921
8146
7848
7922
8147
7849
7923
8148
7850
7924
8149
7851
7925
8150
7852
7926
8151
7853
7927
8152
7854
7928
8153
7855
7929
8154
7856
7930
8155
7857
7931
8156
7858
7932
8157
7859
7933
8158
7860
7934
8159
7861
7935
8160
7862
7936
8161
7863
7937
8162
7864
7938
8163
7865
7939
8164
7866
7940
8165
7867
7941
8166
7868
7942
8167
7869
7943
8168
7870
7944
8169
7871
7945
8170
7872
7946
8171
7873
7947
8172
7874
7948
8173
7949
8174
7876
8175
8850
7877
8176
8851
7878
8177
8852
7879
8178
8853
7880
8179
8854
7881
8180
8855
7882
8181
8856
7883
8182
8857
7884
8183
8858
7885
8184
8859
7886
8185
8860
7887
8186
8861
7888
8187
8862
7889
8188
8863
7890
8189
8864
7891
8190
8865
7892
8191
8866
7893
8192
8867
7894
8193
8868
7895
8194
8869
7896
8195
8870
7897
8196
8871
7898
8197
8872
7899
8198
8873
7900
8199
8874
7901
8200
8875
7902
8201
8876
7903
8202
8877
7904
8203
8878
7905
8204
8879
7906
8205
8880
7907
8206
8881
7908
8207
8882
7909
8208
8883
7910
8209
8884
7911
8210
8885
7912
8211
8886
7913
8212
8887
7914
8213
8888
7915
8214
8889
7916
8215
8890
7917
8216
8891
7918
8217
8892
7919
8218
8893
7920
8219
8894
7921
8220
8895
7922
8221
8896
7923
8222
8897
7924
8223
8898
7925
8224
8899
7926
8225
8900
7927
8226
8901
7928
8227
8902
7929
8228
8903
7930
8229
8904
7931
8230
8905
7932
8231
8906
7933
8232
8907
7934
8233
8908
7935
8234
8909
7936
8235
8910
7937
8236
8911
7938
8237
8912
7939
8238
8913
7940
8239
8914
7941
8240
8915
7942
8241
8916
7943
8242
8917
7944
8243
8918
7945
8244
8919
7946
8245
8920
7947
8246
8921
7948
8247
8922
7949
8248
8923
8249
8924
7951
8025
8250
7952
8026
8251
7953
8027
8252
7954
8028
8253
7955
8029
8254
7956
8030
8255
7957
8031
8256
7958
8032
8257
7959
8033
8258
7960
8034
8259
7961
8035
8260
7962
8036
8261
7963
8037
8262
7964
8038
8263
7965
8039
8264
7966
8040
8265
7967
8041
8266
7968
8042
8267
7969
8043
8268
7970
8044
8269
7971
8045
8270
7972
8046
8271
7973
8047
8272
7974
8048
8273
7975
8049
8274
7976
8050
8275
7977
8051
8276
7978
8052
8277
7979
8053
8278
7980
8054
8279
7981
8055
8280
7982
8056
8281
7983
8057
8282
7984
8058
8283
7985
8059
8284
7986
8060
8285
7987
8061
8286
7988
8062
8287
7989
8063
8288
7990
8064
8289
7991
8065
8290
7992
8066
8291
7993
8067
8292
7994
8068
8293
7995
8069
8294
7996
8070
8295
7997
8071
8296
7998
8072
8297
7999
8073
8298
8000
8074
8299
8001
8075
8300
8002
8076
8301
8003
8077
8302
8004
8078
8303
8005
8079
8304
8006
8080
8305
8007
8081
8306
8008
8082
8307
8009
8083
8308
8010
8084
8309
8011
8085
8310
8012
8086
8311
8013
8087
8312
8014
8088
8313
8015
8089
8314
8016
8090
8315
8017
8091
8316
8018
8092
8317
8019
8093
8318
8020
8094
8319
8021
8095
8320
8022
8096
8321
8023
8097
8322
8024
8098
8323
8099
8324
8026
8100
8325
8027
8101
8326
8028
8102
8327
8029
8103
8328
8030
8104
8329
8031
8105
8330
8032
8106
8331
8033
8107
8332
8034
8108
8333
8035
8109
8334
8036
8110
8335
8037
8111
8336
8038
8112
8337
8039
8113
8338
8040
8114
8339
8041
8115
8340
8042
8116
8341
8043
8117
8342
8044
8118
8343
8045
8119
8344
8046
8120
8345
8047
8121
8346
8048
8122
8347
8049
8123
8348
8050
8124
8349
8051
8125
8350
8052
8126
8351
8053
8127
8352
8054
8128
8353
8055
8129
8354
8056
8130
8355
8057
8131
8356
8058
8132
8357
8059
8133
8358
8060
8134
8359
8061
8135
8360
8062
8136
8361
8063
8137
8362
8064
8138
8363
8065
8139
8364
8066
8140
8365
8067
8141
8366
8068
8142
8367
8069
8143
8368
8070
8144
8369
8071
8145
8370
8072
8146
8371
8073
8147
8372
8074
8148
8373
8075
8149
8374
8076
8150
8375
8077
8151
8376
8078
8152
8377
8079
8153
8378
8080
8154
8379
8081
8155
8380
8082
8156
8381
8083
8157
8382
8084
8158
8383
8085
8159
8384
8086
8160
8385
8087
8161
8386
8088
8162
8387
8089
8163
8388
8090
8164
8389
8091
8165
8390
8092
8166
8391
8093
8167
8392
8094
8168
8393
8095
8169
8394
8096
8170
8395
8097
8171
8396
8098
8172
8397
8099
8173
8398
8174
8399
8101
8175
8400
8102
8176
8401
8103
8177
8402
8104
8178
8403
8105
8179
8404
8106
8180
8405
8107
8181
8406
8108
8182
8407
8109
8183
8408
8110
8184
8409
8111
8185
8410
8112
8186
8411
8113
8187
8412
8114
8188
8413
8115
8189
8414
8116
8190
8415
8117
8191
8416
8118
8192
8417
8119
8193
8418
8120
8194
8419
8121
8195
8420
8122
8196
8421
8123
8197
8422
8124
8198
8423
8125
8199
8424
8126
8200
8425
8127
8201
8426
8128
8202
8427
8129
8203
8428
8130
8204
8429
8131
8205
8430
8132
8206
8431
8133
8207
8432
8134
8208
8433
8135
8209
8434
8136
8210
8435
8137
8211
8436
8138
8212
8437
8139
8213
8438
8140
8214
8439
8141
8215
8440
8142
8216
8441
8143
8217
8442
8144
8218
8443
8145
8219
8444
8146
8220
8445
8147
8221
8446
8148
8222
8447
8149
8223
8448
8150
8224
8449
8151
8225
8450
8152
8226
8451
8153
8227
8452
8154
8228
8453
8155
8229
8454
8156
8230
8455
8157
8231
8456
8158
8232
8457
8159
8233
8458
8160
8234
8459
8161
8235
8460
8162
8236
8461
8163
8237
8462
8164
8238
8463
8165
8239
8464
8166
8240
8465
8167
8241
8466
8168
8242
8467
8169
8243
8468
8170
8244
8469
8171
8245
8470
8172
8246
8471
8173
8247
8472
8174
8248
8473
8249
8474
8176
8475
9825
8177
8476
9826
8178
8477
9827
8179
8478
9828
8180
8479
9829
8181
8480
9830
8182
8481
9831
8183
8482
9832
8184
8483
9833
8185
8484
9834
8186
8485
9835
8187
8486
9836
8188
8487
9837
8189
8488
9838
8190
8489
9839
8191
8490
9840
8192
8491
9841
8193
8492
9842
8194
8493
9843
8195
8494
9844
8196
8495
9845
8197
8496
9846
8198
8497
9847
8199
8498
9848
8200
8499
9849
8201
8500
9850
8202
8501
9851
8203
8502
9852
8204
8503
9853
8205
8504
9854
8206
8505
9855
8207
8506
9856
8208
8507
9857
8209
8508
9858
8210
8509
9859
8211
8510
9860
8212
8511
9861
8213
8512
9862
8214
8513
9863
8215
8514
9864
8216
8515
9865
8217
8516
9866
8218
8517
9867
8219
8518
9868
8220
8519
9869
8221
8520
9870
8222
8521
9871
8223
8522
9872
8224
8523
9873
8225
8524
9874
8226
8525
9875
8227
8526
9876
8228
8527
9877
8229
8528
9878
8230
8529
9879
8231
8530
9880
8232
8531
9881
8233
8532
9882
8234
8533
9883
8235
8534
9884
8236
8535
9885
8237
8536
9886
8238
8537
9887
8239
8538
9888
8240
8539
9889
8241
8540
9890
8242
8541
9891
8243
8542
9892
8244
8543
9893
8245
8544
9894
8246
8545
9895
8247
8546
9896
8248
8547
9897
8249
8548
9898
8549
9899
8251
8325
8550
8252
8326
8551
8253
8327
8552
8254
8328
8553
8255
8329
8554
8256
8330
8555
8257
8331
8556
8258
8332
8557
8259
8333
8558
8260
8334
8559
8261
8335
8560
8262
8336
8561
8263
8337
8562
8264
8338
8563
8265
8339
8564
8266
8340
8565
8267
8341
8566
8268
8342
8567
8269
8343
8568
8270
8344
8569
8271
8345
8570
8272
8346
8571
8273
8347
8572
8274
8348
8573
8275
8349
8574
8276
8350
8575
8277
8351
8576
8278
8352
8577
8279
8353
8578
8280
8354
8579
8281
8355
8580
8282
8356
8581
8283
8357
8582
8284
8358
8583
8285
8359
8584
8286
8360
8585
8287
8361
8586
8288
8362
8587
8289
8363
8588
8290
8364
8589
8291
8365
8590
8292
8366
8591
8293
8367
8592
8294
8368
8593
8295
8369
8594
8296
8370
8595
8297
8371
8596
8298
8372
8597
8299
8373
8598
8300
8374
8599
8301
8375
8600
8302
8376
8601
8303
8377
8602
8304
8378
8603
8305
8379
8604
8306
8380
8605
8307
8381
8606
8308
8382
8607
8309
8383
8608
8310
8384
8609
8311
8385
8610
8312
8386
8611
8313
8387
8612
8314
8388
8613
8315
8389
8614
8316
8390
8615
8317
8391
8616
8318
8392
8617
8319
8393
8618
8320
8394
8619
8321
8395
8620
8322
8396
8621
8323
8397
8622
8324
8398
8623
8399
8624
8326
8400
8625
8327
8401
8626
8328
8402
8627
8329
8403
8628
8330
8404
8629
8331
8405
8630
8332
8406
8631
8333
8407
8632
8334
8408
8633
8335
8409
8634
8336
8410
8635
8337
8411
8636
8338
8412
8637
8339
8413
8638
8340
8414
8639
8341
8415
8640
8342
8416
8641
8343
8417
8642
8344
8418
8643
8345
8419
8644
8346
8420
8645
8347
8421
8646
8348
8422
8647
8349
8423
8648
8350
8424
8649
8351
8425
8650
8352
8426
8651
8353
8427
8652
8354
8428
8653
8355
8429
8654
8356
8430
8655
8357
8431
8656
8358
8432
8657
8359
8433
8658
8360
8434
8659
8361
8435
8660
8362
8436
8661
8363
8437
8662
8364
8438
8663
8365
8439
8664
8366
8440
8665
8367
8441
8666
8368
8442
8667
8369
8443
8668
8370
8444
8669
8371
8445
8670
8372
8446
8671
8373
8447
8672
8374
8448
8673
8375
8449
8674
8376
8450
8675
8377
8451
8676
8378
8452
8677
8379
8453
8678
8380
8454
8679
8381
8455
8680
8382
8456
8681
8383
8457
8682
8384
8458
8683
8385
8459
8684
8386
8460
8685
8387
8461
8686
8388
8462
8687
8389
8463
8688
8390
8464
8689
8391
8465
8690
8392
8466
8691
8393
8467
8692
8394
8468
8693
8395
8469
8694
8396
8470
8695
8397
8471
8696
8398
8472
8697
8399
8473
8698
8474
8699
8401
8475
8700
8402
8476
8701
8403
8477
8702
8404
8478
8703
8405
8479
8704
8406
8480
8705
8407
8481
8706
8408
8482
8707
8409
8483
8708
8410
8484
8709
8411
8485
8710
8412
8486
8711
8413
8487
8712
8414
8488
8713
8415
8489
8714
8416
8490
8715
8417
8491
8716
8418
8492
8717
8419
8493
8718
8420
8494
8719
8421
8495
8720
8422
8496
8721
8423
8497
8722
8424
8498
8723
8425
8499
8724
8426
8500
8725
8427
8501
8726
8428
8502
8727
8429
8503
8728
8430
8504
8729
8431
8505
8730
8432
8506
8731
8433
8507
8732
8434
8508
8733
8435
8509
8734
8436
8510
8735
8437
8511
8736
8438
8512
8737
8439
8513
8738
8440
8514
8739
8441
8515
8740
8442
8516
8741
8443
8517
8742
8444
8518
8743
8445
8519
8744
8446
8520
8745
8447
8521
8746
8448
8522
8747
8449
8523
8748
8450
8524
8749
8451
8525
8750
8452
8526
8751
8453
8527
8752
8454
8528
8753
8455
8529
8754
8456
8530
8755
8457
8531
8756
8458
8532
8757
8459
8533
8758
8460
8534
8759
8461
8535
8760
8462
8536
8761
8463
8537
8762
8464
8538
8763
8465
8539
8764
8466
8540
8765
8467
8541
8766
8468
8542
8767
8469
8543
8768
8470
8544
8769
8471
8545
8770
8472
8546
8771
8473
8547
8772
8474
8548
8773
8549
8774
8476
8775
10800
8477
8776
10801
8478
8777
10802
8479
8778
10803
8480
8779
10804
8481
8780
10805
8482
8781
10806
8483
8782
10807
8484
8783
10808
8485
8784
10809
8486
8785
10810
8487
8786
10811
8488
8787
10812
8489
8788
10813
8490
8789
10814
8491
8790
10815
8492
8791
10816
8493
8792
10817
8494
8793
10818
8495
8794
10819
8496
8795
10820
8497
8796
10821
8498
8797
10822
8499
8798
10823
8500
8799
10824
8501
8800
10825
8502
8801
10826
8503
8802
10827
8504
8803
10828
8505
8804
10829
8506
8805
10830
8507
8806
10831
8508
8807
10832
8509
8808
10833
8510
8809
10834
8511
8810
10835
8512
8811
10836
8513
8812
10837
8514
8813
10838
8515
8814
10839
8516
8815
10840
8517
8816
10841
8518
8817
10842
8519
8818
10843
8520
8819
10844
8521
8820
10845
8522
8821
10846
8523
8822
10847
8524
8823
10848
8525
8824
10849
8526
8825
10850
8527
8826
10851
8528
8827
10852
8529
8828
10853
8530
8829
10854
8531
8830
10855
8532
8831
10856
8533
8832
10857
8534
8833
10858
8535
8834
10859
8536
8835
10860
8537
8836
10861
8538
8837
10862
8539
8838
10863
8540
8839
10864
8541
8840
10865
8542
8841
10866
8543
8842
10867
8544
8843
10868
8545
8844
10869
8546
8845
10870
8547
8846
10871
8548
8847
10872
8549
8848
10873
8849
10874
8551
8625
12750
8552
8626
12751
8553
8627
12752
8554
8628
12753
8555
8629
12754
8556
8630
12755
8557
8631
12756
8558
8632
12757
8559
8633
12758
8560
8634
12759
8561
8635
12760
8562
8636
12761
8563
8637
12762
8564
8638
12763
8565
8639
12764
8566
8640
12765
8567
8641
12766
8568
8642
12767
8569
8643
12768
8570
8644
12769
8571
8645
12770
8572
8646
12771
8573
8647
12772
8574
8648
12773
8575
8649
12774
8576
8650
12775
8577
8651
12776
8578
8652
12777
8579
8653
12778
8580
8654
12779
8581
8655
12780
8582
8656
12781
8583
8657
12782
8584
8658
12783
8585
8659
12784
8586
8660
12785
8587
8661
12786
8588
8662
12787
8589
8663
12788
8590
8664
12789
8591
8665
12790
8592
8666
12791
8593
8667
12792
8594
8668
12793
8595
8669
12794
8596
8670
12795
8597
8671
12796
8598
8672
12797
8599
8673
12798
8600
8674
12799
8601
8675
12800
8602
8676
12801
8603
8677
12802
8604
8678
12803
8605
8679
12804
8606
8680
12805
8607
8681
12806
8608
8682
12807
8609
8683
12808
8610
8684
12809
8611
8685
12810
8612
8686
12811
8613
8687
12812
8614
8688
12813
8615
8689
12814
8616
8690
12815
8617
8691
12816
8618
8692
12817
8619
8693
12818
8620
8694
12819
8621
8695
12820
8622
8696
12821
8623
8697
12822
8624
8698
12823
8699
12824
8626
8700
12825
8627
8701
12826
8628
8702
12827
8629
8703
12828
8630
8704
12829
8631
8705
12830
8632
8706
12831
8633
8707
12832
8634
8708
12833
8635
8709
12834
8636
8710
12835
8637
8711
12836
8638
8712
12837
8639
8713
12838
8640
8714
12839
8641
8715
12840
8642
8716
12841
8643
8717
12842
8644
8718
12843
8645
8719
12844
8646
8720
12845
8647
8721
12846
8648
8722
12847
8649
8723
12848
8650
8724
12849
8651
8725
12850
8652
8726
12851
8653
8727
12852
8654
8728
12853
8655
8729
12854
8656
8730
12855
8657
8731
12856
8658
8732
12857
8659
8733
12858
8660
8734
12859
8661
8735
12860
8662
8736
12861
8663
8737
12862
8664
8738
12863
8665
8739
12864
8666
8740
12865
8667
8741
12866
8668
8742
12867
8669
8743
12868
8670
8744
12869
8671
8745
12870
8672
8746
12871
8673
8747
12872
8674
8748
12873
8675
8749
12874
8676
8750
12875
8677
8751
12876
8678
8752
12877
8679
8753
12878
8680
8754
12879
8681
8755
12880
8682
8756
12881
8683
8757
12882
8684
8758
12883
8685
8759
12884
8686
8760
12885
8687
8761
12886
8688
8762
12887
8689
8763
12888
8690
8764
12889
8691
8765
12890
8692
8766
12891
8693
8767
12892
8694
8768
12893
8695
8769
12894
8696
8770
12895
8697
8771
12896
8698
8772
12897
8699
8773
12898
8774
12899
8701
8775
12900
8702
8776
12901
8703
8777
12902
8704
8778
12903
8705
8779
12904
8706
8780
12905
8707
8781
12906
8708
8782
12907
8709
8783
12908
8710
8784
12909
8711
8785
12910
8712
8786
12911
8713
8787
12912
8714
8788
12913
8715
8789
12914
8716
8790
12915
8717
8791
12916
8718
8792
12917
8719
8793
12918
8720
8794
12919
8721
8795
12920
8722
8796
12921
8723
8797
12922
8724
8798
12923
8725
8799
12924
8726
8800
12925
8727
8801
12926
8728
8802
12927
8729
8803
12928
8730
8804
12929
8731
8805
12930
8732
8806
12931
8733
8807
12932
8734
8808
12933
8735
8809
12934
8736
8810
12935
8737
8811
12936
8738
8812
12937
8739
8813
12938
8740
8814
12939
8741
8815
12940
8742
8816
12941
8743
8817
12942
8744
8818
12943
8745
8819
12944
8746
8820
12945
8747
8821
12946
8748
8822
12947
8749
8823
12948
8750
8824
12949
8751
8825
12950
8752
8826
12951
8753
8827
12952
8754
8828
12953
8755
8829
12954
8756
8830
12955
8757
8831
12956
8758
8832
12957
8759
8833
12958
8760
8834
12959
8761
8835
12960
8762
8836
12961
8763
8837
12962
8764
8838
12963
8765
8839
12964
8766
8840
12965
8767
8841
12966
8768
8842
12967
8769
8843
12968
8770
8844
12969
8771
8845
12970
8772
8846
12971
8773
8847
12972
8774
8848
12973
8849
12974
8776
11775
12975
8777
11776
12976
8778
11777
12977
8779
11778
12978
8780
11779
12979
8781
11780
12980
8782
11781
12981
8783
11782
12982
8784
11783
12983
8785
11784
12984
8786
11785
12985
8787
11786
12986
8788
11787
12987
8789
11788
12988
8790
11789
12989
8791
11790
12990
8792
11791
12991
8793
11792
12992
8794
11793
12993
8795
11794
12994
8796
11795
12995
8797
11796
12996
8798
11797
12997
8799
11798
12998
8800
11799
12999
8801
11800
13000
8802
11801
13001
8803
11802
13002
8804
11803
13003
8805
11804
13004
8806
11805
13005
8807
11806
13006
8808
11807
13007
8809
11808
13008
8810
11809
13009
8811
11810
13010
8812
11811
13011
8813
11812
13012
8814
11813
13013
8815
11814
13014
8816
11815
13015
8817
11816
13016
8818
11817
13017
8819
11818
13018
8820
11819
13019
8821
11820
13020
8822
11821
13021
8823
11822
13022
8824
11823
13023
8825
11824
13024
8826
11825
13025
8827
11826
13026
8828
11827
13027
8829
11828
13028
8830
11829
13029
8831
11830
13030
8832
11831
13031
8833
11832
13032
8834
11833
13033
8835
11834
13034
8836
11835
13035
8837
11836
13036
8838
11837
13037
8839
11838
13038
8840
11839
13039
8841
11840
13040
8842
11841
13041
8843
11842
13042
8844
11843
13043
8845
11844
13044
8846
11845
13045
8847
11846
13046
8848
11847
13047
8849
11848
13048
11849
13049
8851
8925
9825
8852
8926
9826
8853
8927
9827
8854
8928
9828
8855
8929
9829
8856
8930
9830
8857
8931
9831
8858
8932
9832
8859
8933
9833
8860
8934
9834
8861
8935
9835
8862
8936
9836
8863
8937
9837
8864
8938
9838
8865
8939
9839
8866
8940
9840
8867
8941
9841
8868
8942
9842
8869
8943
9843
8870
8944
9844
8871
8945
9845
8872
8946
9846
8873
8947
9847
8874
8948
9848
8875
8949
9849
8876
8950
9850
8877
8951
9851
8878
8952
9852
8879
8953
9853
8880
8954
9854
8881
8955
9855
8882
8956
9856
8883
8957
9857
8884
8958
9858
8885
8959
9859
8886
8960
9860
8887
8961
9861
8888
8962
9862
8889
8963
9863
8890
8964
9864
8891
8965
9865
8892
8966
9866
8893
8967
9867
8894
8968
9868
8895
8969
9869
8896
8970
9870
8897
8971
9871
8898
8972
9872
8899
8973
9873
8900
8974
9874
8901
8975
9875
8902
8976
9876
8903
8977
9877
8904
8978
9878
8905
8979
9879
8906
8980
9880
8907
8981
9881
8908
8982
9882
8909
8983
9883
8910
8984
9884
8911
8985
9885
8912
8986
9886
8913
8987
9887
8914
8988
9888
8915
8989
9889
8916
8990
9890
8917
8991
9891
8918
8992
9892
8919
8993
9893
8920
8994
9894
8921
8995
9895
8922
8996
9896
8923
8997
9897
8924
8998
9898
8999
9899
8926
9000
9900
8927
9001
9901
8928
9002
9902
8929
9003
9903
8930
9004
9904
8931
9005
9905
8932
9006
9906
8933
9007
9907
8934
9008
9908
8935
9009
9909
8936
9010
9910
8937
9011
9911
8938
9012
9912
8939
9013
9913
8940
9014
9914
8941
9015
9915
8942
9016
9916
8943
9017
9917
8944
9018
9918
8945
9019
9919
8946
9020
9920
8947
9021
9921
8948
9022
9922
8949
9023
9923
8950
9024
9924
8951
9025
9925
8952
9026
9926
8953
9027
9927
8954
9028
9928
8955
9029
9929
8956
9030
9930
8957
9031
9931
8958
9032
9932
8959
9033
9933
8960
9034
9934
8961
9035
9935
8962
9036
9936
8963
9037
9937
8964
9038
9938
8965
9039
9939
8966
9040
9940
8967
9041
9941
8968
9042
9942
8969
9043
9943
8970
9044
9944
8971
9045
9945
8972
9046
9946
8973
9047
9947
8974
9048
9948
8975
9049
9949
8976
9050
9950
8977
9051
9951
8978
9052
9952
8979
9053
9953
8980
9054
9954
8981
9055
9955
8982
9056
9956
8983
9057
9957
8984
9058
9958
8985
9059
9959
8986
9060
9960
8987
9061
9961
8988
9062
9962
8989
9063
9963
8990
9064
9964
8991
9065
9965
8992
9066
9966
8993
9067
9967
8994
9068
9968
8995
9069
9969
8996
9070
9970
8997
9071
9971
8998
9072
9972
8999
9073
9973
9074
9974
9001
9075
9975
9002
9076
9976
9003
9077
9977
9004
9078
9978
9005
9079
9979
9006
9080
9980
9007
9081
9981
9008
9082
9982
9009
9083
9983
9010
9084
9984
9011
9085
9985
9012
9086
9986
9013
9087
9987
9014
9088
9988
9015
9089
9989
9016
9090
9990
9017
9091
9991
9018
9092
9992
9019
9093
9993
9020
9094
9994
9021
9095
9995
9022
9096
9996
9023
9097
9997
9024
9098
9998
9025
9099
9999
9026
9100
10000
9027
9101
10001
9028
9102
10002
9029
9103
10003
9030
9104
10004
9031
9105
10005
9032
9106
10006
9033
9107
10007
9034
9108
10008
9035
9109
10009
9036
9110
10010
9037
9111
10011
9038
9112
10012
9039
9113
10013
9040
9114
10014
9041
9115
10015
9042
9116
10016
9043
9117
10017
9044
9118
10018
9045
9119
10019
9046
9120
10020
9047
9121
10021
9048
9122
10022
9049
9123
10023
9050
9124
10024
9051
9125
10025
9052
9126
10026
9053
9127
10027
9054
9128
10028
9055
9129
10029
9056
9130
10030
9057
9131
10031
9058
9132
10032
9059
9133
10033
9060
9134
10034
9061
9135
10035
9062
9136
10036
9063
9137
10037
9064
9138
10038
9065
9139
10039
9066
9140
10040
9067
9141
10041
9068
9142
10042
9069
9143
10043
9070
9144
10044
9071
9145
10045
9072
9146
10046
9073
9147
10047
9074
9148
10048
9149
10049
9076
9150
10050
9077
9151
10051
9078
9152
10052
9079
9153
10053
9080
9154
10054
9081
9155
10055
9082
9156
10056
9083
9157
10057
9084
9158
10058
9085
9159
10059
9086
9160
10060
9087
9161
10061
9088
9162
10062
9089
9163
10063
9090
9164
10064
9091
9165
10065
9092
9166
10066
9093
9167
10067
9094
9168
10068
9095
9169
10069
9096
9170
10070
9097
9171
10071
9098
9172
10072
9099
9173
10073
9100
9174
10074
9101
9175
10075
9102
9176
10076
9103
9177
10077
9104
9178
10078
9105
9179
10079
9106
9180
10080
9107
9181
10081
9108
9182
10082
9109
9183
10083
9110
9184
10084
9111
9185
10085
9112
9186
10086
9113
9187
10087
9114
9188
10088
9115
9189
10089
9116
9190
10090
9117
9191
10091
9118
9192
10092
9119
9193
10093
9120
9194
10094
9121
9195
10095
9122
9196
10096
9123
9197
10097
9124
9198
10098
9125
9199
10099
9126
9200
10100
9127
9201
10101
9128
9202
10102
9129
9203
10103
9130
9204
10104
9131
9205
10105
9132
9206
10106
9133
9207
10107
9134
9208
10108
9135
9209
10109
9136
9210
10110
9137
9211
10111
9138
9212
10112
9139
9213
10113
9140
9214
10114
9141
9215
10115
9142
9216
10116
9143
9217
10117
9144
9218
10118
9145
9219
10119
9146
9220
10120
9147
9221
10121
9148
9222
10122
9149
9223
10123
9224
10124
9151
9225
10125
9152
9226
10126
9153
9227
10127
9154
9228
10128
9155
9229
10129
9156
9230
10130
9157
9231
10131
9158
9232
10132
9159
9233
10133
9160
9234
10134
9161
9235
10135
9162
9236
10136
9163
9237
10137
9164
9238
10138
9165
9239
10139
9166
9240
10140
9167
9241
10141
9168
9242
10142
9169
9243
10143
9170
9244
10144
9171
9245
10145
9172
9246
10146
9173
9247
10147
9174
9248
10148
9175
9249
10149
9176
9250
10150
9177
9251
10151
9178
9252
10152
9179
9253
10153
9180
9254
10154
9181
9255
10155
9182
9256
10156
9183
9257
10157
9184
9258
10158
9185
9259
10159
9186
9260
10160
9187
9261
10161
9188
9262
10162
9189
9263
10163
9190
9264
10164
9191
9265
10165
9192
9266
10166
9193
9267
10167
9194
9268
10168
9195
9269
10169
9196
9270
10170
9197
9271
10171
9198
9272
10172
9199
9273
10173
9200
9274
10174
9201
9275
10175
9202
9276
10176
9203
9277
10177
9204
9278
10178
9205
9279
10179
9206
9280
10180
9207
9281
10181
9208
9282
10182
9209
9283
10183
9210
9284
10184
9211
9285
10185
9212
9286
10186
9213
9287
10187
9214
9288
10188
9215
9289
10189
9216
9290
10190
9217
9291
10191
9218
9292
10192
9219
9293
10193
9220
9294
10194
9221
9295
10195
9222
9296
10196
9223
9297
10197
9224
9298
10198
9299
10199
9226
9300
10200
9227
9301
10201
9228
9302
10202
9229
9303
10203
9230
9304
10204
9231
9305
10205
9232
9306
10206
9233
9307
10207
9234
9308
10208
9235
9309
10209
9236
9310
10210
9237
9311
10211
9238
9312
10212
9239
9313
10213
9240
9314
10214
9241
9315
10215
9242
9316
10216
9243
9317
10217
9244
9318
10218
9245
9319
10219
9246
9320
10220
9247
9321
10221
9248
9322
10222
9249
9323
10223
9250
9324
10224
9251
9325
10225
9252
9326
10226
9253
9327
10227
9254
9328
10228
9255
9329
10229
9256
9330
10230
9257
9331
10231
9258
9332
10232
9259
9333
10233
9260
9334
10234
9261
9335
10235
9262
9336
10236
9263
9337
10237
9264
9338
10238
9265
9339
10239
9266
9340
10240
9267
9341
10241
9268
9342
10242
9269
9343
10243
9270
9344
10244
9271
9345
10245
9272
9346
10246
9273
9347
10247
9274
9348
10248
9275
9349
10249
9276
9350
10250
9277
9351
10251
9278
9352
10252
9279
9353
10253
9280
9354
10254
9281
9355
10255
9282
9356
10256
9283
9357
10257
9284
9358
10258
9285
9359
10259
9286
9360
10260
9287
9361
10261
9288
9362
10262
9289
9363
10263
9290
9364
10264
9291
9365
10265
9292
9366
10266
9293
9367
10267
9294
9368
10268
9295
9369
10269
9296
9370
10270
9297
9371
10271
9298
9372
10272
9299
9373
10273
9374
10274
9301
9375
10275
9302
9376
10276
9303
9377
10277
9304
9378
10278
9305
9379
10279
9306
9380
10280
9307
9381
10281
9308
9382
10282
9309
9383
10283
9310
9384
10284
9311
9385
10285
9312
9386
10286
9313
9387
10287
9314
9388
10288
9315
9389
10289
9316
9390
10290
9317
9391
10291
9318
9392
10292
9319
9393
10293
9320
9394
10294
9321
9395
10295
9322
9396
10296
9323
9397
10297
9324
9398
10298
9325
9399
10299
9326
9400
10300
9327
9401
10301
9328
9402
10302
9329
9403
10303
9330
9404
10304
9331
9405
10305
9332
9406
10306
9333
9407
10307
9334
9408
10308
9335
9409
10309
9336
9410
10310
9337
9411
10311
9338
9412
10312
9339
9413
10313
9340
9414
10314
9341
9415
10315
9342
9416
10316
9343
9417
10317
9344
9418
10318
9345
9419
10319
9346
9420
10320
9347
9421
10321
9348
9422
10322
9349
9423
10323
9350
9424
10324
9351
9425
10325
9352
9426
10326
9353
9427
10327
9354
9428
10328
9355
9429
10329
9356
9430
10330
9357
9431
10331
9358
9432
10332
9359
9433
10333
9360
9434
10334
9361
9435
10335
9362
9436
10336
9363
9437
10337
9364
9438
10338
9365
9439
10339
9366
9440
10340
9367
9441
10341
9368
9442
10342
9369
9443
10343
9370
9444
10344
9371
9445
10345
9372
9446
10346
9373
9447
10347
9374
9448
10348
9449
10349
9376
9450
10350
9377
9451
10351
9378
9452
10352
9379
9453
10353
9380
9454
10354
9381
9455
10355
9382
9456
10356
9383
9457
10357
9384
9458
10358
9385
9459
10359
9386
9460
10360
9387
9461
10361
9388
9462
10362
9389
9463
10363
9390
9464
10364
9391
9465
10365
9392
9466
10366
9393
9467
10367
9394
9468
10368
9395
9469
10369
9396
9470
10370
9397
9471
10371
9398
9472
10372
9399
9473
10373
9400
9474
10374
9401
9475
10375
9402
9476
10376
9403
9477
10377
9404
9478
10378
9405
9479
10379
9406
9480
10380
9407
9481
10381
9408
9482
10382
9409
9483
10383
9410
9484
10384
9411
9485
10385
9412
9486
10386
9413
9487
10387
9414
9488
10388
9415
9489
10389
9416
9490
10390
9417
9491
10391
9418
9492
10392
9419
9493
10393
9420
9494
10394
9421
9495
10395
9422
9496
10396
9423
9497
10397
9424
9498
10398
9425
9499
10399
9426
9500
10400
9427
9501
10401
9428
9502
10402
9429
9503
10403
9430
9504
10404
9431
9505
10405
9432
9506
10406
9433
9507
10407
9434
9508
10408
9435
9509
10409
9436
9510
10410
9437
9511
10411
9438
9512
10412
9439
9513
10413
9440
9514
10414
9441
9515
10415
9442
9516
10416
9443
9517
10417
9444
9518
10418
9445
9519
10419
9446
9520
10420
9447
9521
10421
9448
9522
10422
9449
9523
10423
9524
10424
9451
9525
10425
9452
9526
10426
9453
9527
10427
9454
9528
10428
9455
9529
10429
9456
9530
10430
9457
9531
10431
9458
9532
10432
9459
9533
10433
9460
9534
10434
9461
9535
10435
9462
9536
10436
9463
9537
10437
9464
9538
10438
9465
9539
10439
9466
9540
10440
9467
9541
10441
9468
9542
10442
9469
9543
10443
9470
9544
10444
9471
9545
10445
9472
9546
10446
9473
9547
10447
9474
9548
10448
9475
9549
10449
9476
9550
10450
9477
9551
10451
9478
9552
10452
9479
9553
10453
9480
9554
10454
9481
9555
10455
9482
9556
10456
9483
9557
10457
9484
9558
10458
9485
9559
10459
9486
9560
10460
9487
9561
10461
9488
9562
10462
9489
9563
10463
9490
9564
10464
9491
9565
10465
9492
9566
10466
9493
9567
10467
9494
9568
10468
9495
9569
10469
9496
9570
10470
9497
9571
10471
9498
9572
10472
9499
9573
10473
9500
9574
10474
9501
9575
10475
9502
9576
10476
9503
9577
10477
9504
9578
10478
9505
9579
10479
9506
9580
10480
9507
9581
10481
9508
9582
10482
9509
9583
10483
9510
9584
10484
9511
9585
10485
9512
9586
10486
9513
9587
10487
9514
9588
10488
9515
9589
10489
9516
9590
10490
9517
9591
10491
9518
9592
10492
9519
9593
10493
9520
9594
10494
9521
9595
10495
9522
9596
10496
9523
9597
10497
9524
9598
10498
9599
10499
9526
9600
10500
9527
9601
10501
9528
9602
10502
9529
9603
10503
9530
9604
10504
9531
9605
10505
9532
9606
10506
9533
9607
10507
9534
9608
10508
9535
9609
10509
9536
9610
10510
9537
9611
10511
9538
9612
10512
9539
9613
10513
9540
9614
10514
9541
9615
10515
9542
9616
10516
9543
9617
10517
9544
9618
10518
9545
9619
10519
9546
9620
10520
9547
9621
10521
9548
9622
10522
9549
9623
10523
9550
9624
10524
9551
9625
10525
9552
9626
10526
9553
9627
10527
9554
9628
10528
9555
9629
10529
9556
9630
10530
9557
9631
10531
9558
9632
10532
9559
9633
10533
9560
9634
10534
9561
9635
10535
9562
9636
10536
9563
9637
10537
9564
9638
10538
9565
9639
10539
9566
9640
10540
9567
9641
10541
9568
9642
10542
9569
9643
10543
9570
9644
10544
9571
9645
10545
9572
9646
10546
9573
9647
10547
9574
9648
10548
9575
9649
10549
9576
9650
10550
9577
9651
10551
9578
9652
10552
9579
9653
10553
9580
9654
10554
9581
9655
10555
9582
9656
10556
9583
9657
10557
9584
9658
10558
9585
9659
10559
9586
9660
10560
9587
9661
10561
9588
9662
10562
9589
9663
10563
9590
9664
10564
9591
9665
10565
9592
9666
10566
9593
9667
10567
9594
9668
10568
9595
9669
10569
9596
9670
10570
9597
9671
10571
9598
9672
10572
9599
9673
10573
9674
10574
9601
9675
10575
9602
9676
10576
9603
9677
10577
9604
9678
10578
9605
9679
10579
9606
9680
10580
9607
9681
10581
9608
9682
10582
9609
9683
10583
9610
9684
10584
9611
9685
10585
9612
9686
10586
9613
9687
10587
9614
9688
10588
9615
9689
10589
9616
9690
10590
9617
9691
10591
9618
9692
10592
9619
9693
10593
9620
9694
10594
9621
9695
10595
9622
9696
10596
9623
9697
10597
9624
9698
10598
9625
9699
10599
9626
9700
10600
9627
9701
10601
9628
9702
10602
9629
9703
10603
9630
9704
10604
9631
9705
10605
9632
9706
10606
9633
9707
10607
9634
9708
10608
9635
9709
10609
9636
9710
10610
9637
9711
10611
9638
9712
10612
9639
9713
10613
9640
9714
10614
9641
9715
10615
9642
9716
10616
9643
9717
10617
9644
9718
10618
9645
9719
10619
9646
9720
10620
9647
9721
10621
9648
9722
10622
9649
9723
10623
9650
9724
10624
9651
9725
10625
9652
9726
10626
9653
9727
10627
9654
9728
10628
9655
9729
10629
9656
9730
10630
9657
9731
10631
9658
9732
10632
9659
9733
10633
9660
9734
10634
9661
9735
10635
9662
9736
10636
9663
9737
10637
9664
9738
10638
9665
9739
10639
9666
9740
10640
9667
9741
10641
9668
9742
10642
9669
9743
10643
9670
9744
10644
9671
9745
10645
9672
9746
10646
9673
9747
10647
9674
9748
10648
9749
10649
9676
9750
10650
9677
9751
10651
9678
9752
10652
9679
9753
10653
9680
9754
10654
9681
9755
10655
9682
9756
10656
9683
9757
10657
9684
9758
10658
9685
9759
10659
9686
9760
10660
9687
9761
10661
9688
9762
10662
9689
9763
10663
9690
9764
10664
9691
9765
10665
9692
9766
10666
9693
9767
10667
9694
9768
10668
9695
9769
10669
9696
9770
10670
9697
9771
10671
9698
9772
10672
9699
9773
10673
9700
9774
10674
9701
9775
10675
9702
9776
10676
9703
9777
10677
9704
9778
10678
9705
9779
10679
9706
9780
10680
9707
9781
10681
9708
9782
10682
9709
9783
10683
9710
9784
10684
9711
9785
10685
9712
9786
10686
9713
9787
10687
9714
9788
10688
9715
9789
10689
9716
9790
10690
9717
9791
10691
9718
9792
10692
9719
9793
10693
9720
9794
10694
9721
9795
10695
9722
9796
10696
9723
9797
10697
9724
9798
10698
9725
9799
10699
9726
9800
10700
9727
9801
10701
9728
9802
10702
9729
9803
10703
9730
9804
10704
9731
9805
10705
9732
9806
10706
9733
9807
10707
9734
9808
10708
9735
9809
10709
9736
9810
10710
9737
9811
10711
9738
9812
10712
9739
9813
10713
9740
9814
10714
9741
9815
10715
9742
9816
10716
9743
9817
10717
9744
9818
10718
9745
9819
10719
9746
9820
10720
9747
9821
10721
9748
9822
10722
9749
9823
10723
9824
10724
9751
10725
9752
10726
9753
10727
9754
10728
9755
10729
9756
10730
9757
10731
9758
10732
9759
10733
9760
10734
9761
10735
9762
10736
9763
10737
9764
10738
9765
10739
9766
10740
9767
10741
9768
10742
9769
10743
9770
10744
9771
10745
9772
10746
9773
10747
9774
10748
9775
10749
9776
10750
9777
10751
9778
10752
9779
10753
9780
10754
9781
10755
9782
10756
9783
10757
9784
10758
9785
10759
9786
10760
9787
10761
9788
10762
9789
10763
9790
10764
9791
10765
9792
10766
9793
10767
9794
10768
9795
10769
9796
10770
9797
10771
9798
10772
9799
10773
9800
10774
9801
10775
9802
10776
9803
10777
9804
10778
9805
10779
9806
10780
9807
10781
9808
10782
9809
10783
9810
10784
9811
10785
9812
10786
9813
10787
9814
10788
9815
10789
9816
10790
9817
10791
9818
10792
9819
10793
9820
10794
9821
10795
9822
10796
9823
10797
9824
10798
10799
9826
9900
10800
9827
9901
10801
9828
9902
10802
9829
9903
10803
9830
9904
10804
9831
9905
10805
9832
9906
10806
9833
9907
10807
9834
9908
10808
9835
9909
10809
9836
9910
10810
9837
9911
10811
9838
9912
10812
9839
9913
10813
9840
9914
10814
9841
9915
10815
9842
9916
10816
9843
9917
10817
9844
9918
10818
9845
9919
10819
9846
9920
10820
9847
9921
10821
9848
9922
10822
9849
9923
10823
9850
9924
10824
9851
9925
10825
9852
9926
10826
9853
9927
10827
9854
9928
10828
9855
9929
10829
9856
9930
10830
9857
9931
10831
9858
9932
10832
9859
9933
10833
9860
9934
10834
9861
9935
10835
9862
9936
10836
9863
9937
10837
9864
9938
10838
9865
9939
10839
9866
9940
10840
9867
9941
10841
9868
9942
10842
9869
9943
10843
9870
9944
10844
9871
9945
10845
9872
9946
10846
9873
9947
10847
9874
9948
10848
9875
9949
10849
9876
9950
10850
9877
9951
10851
9878
9952
10852
9879
9953
10853
9880
9954
10854
9881
9955
10855
9882
9956
10856
9883
9957
10857
9884
9958
10858
9885
9959
10859
9886
9960
10860
9887
9961
10861
9888
9962
10862
9889
9963
10863
9890
9964
10864
9891
9965
10865
9892
9966
10866
9893
9967
10867
9894
9968
10868
9895
9969
10869
9896
9970
10870
9897
9971
10871
9898
9972
10872
9899
9973
10873
9974
10874
9901
9975
10875
9902
9976
10876
9903
9977
10877
9904
9978
10878
9905
9979
10879
9906
9980
10880
9907
9981
10881
9908
9982
10882
9909
9983
10883
9910
9984
10884
9911
9985
10885
9912
9986
10886
9913
9987
10887
9914
9988
10888
9915
9989
10889
9916
9990
10890
9917
9991
10891
9918
9992
10892
9919
9993
10893
9920
9994
10894
9921
9995
10895
9922
9996
10896
9923
9997
10897
9924
9998
10898
9925
9999
10899
9926
10000
10900
9927
10001
10901
9928
10002
10902
9929
10003
10903
9930
10004
10904
9931
10005
10905
9932
10006
10906
9933
10007
10907
9934
10008
10908
9935
10009
10909
9936
10010
10910
9937
10011
10911
9938
10012
10912
9939
10013
10913
9940
10014
10914
9941
10015
10915
9942
10016
10916
9943
10017
10917
9944
10018
10918
9945
10019
10919
9946
10020
10920
9947
10021
10921
9948
10022
10922
9949
10023
10923
9950
10024
10924
9951
10025
10925
9952
10026
10926
9953
10027
10927
9954
10028
10928
9955
10029
10929
9956
10030
10930
9957
10031
10931
9958
10032
10932
9959
10033
10933
9960
10034
10934
9961
10035
10935
9962
10036
10936
9963
10037
10937
9964
10038
10938
9965
10039
10939
9966
10040
10940
9967
10041
10941
9968
10042
10942
9969
10043
10943
9970
10044
10944
9971
10045
10945
9972
10046
10946
9973
10047
10947
9974
10048
10948
10049
10949
9976
10050
10950
9977
10051
10951
9978
10052
10952
9979
10053
10953
9980
10054
10954
9981
10055
10955
9982
10056
10956
9983
10057
10957
9984
10058
10958
9985
10059
10959
9986
10060
10960
9987
10061
10961
9988
10062
10962
9989
10063
10963
9990
10064
10964
9991
10065
10965
9992
10066
10966
9993
10067
10967
9994
10068
10968
9995
10069
10969
9996
10070
10970
9997
10071
10971
9998
10072
10972
9999
10073
10973
10000
10074
10974
10001
10075
10975
10002
10076
10976
10003
10077
10977
10004
10078
10978
10005
10079
10979
10006
10080
10980
10007
10081
10981
10008
10082
10982
10009
10083
10983
10010
10084
10984
10011
10085
10985
10012
10086
10986
10013
10087
10987
10014
10088
10988
10015
10089
10989
10016
10090
10990
10017
10091
10991
10018
10092
10992
10019
10093
10993
10020
10094
10994
10021
10095
10995
10022
10096
10996
10023
10097
10997
10024
10098
10998
10025
10099
10999
10026
10100
11000
10027
10101
11001
10028
10102
11002
10029
10103
11003
10030
10104
11004
10031
10105
11005
10032
10106
11006
10033
10107
11007
10034
10108
11008
10035
10109
11009
10036
10110
11010
10037
10111
11011
10038
10112
11012
10039
10113
11013
10040
10114
11014
10041
10115
11015
10042
10116
11016
10043
10117
11017
10044
10118
11018
10045
10119
11019
10046
10120
11020
10047
10121
11021
10048
10122
11022
10049
10123
11023
10124
11024
10051
10125
11025
10052
10126
11026
10053
10127
11027
10054
10128
11028
10055
10129
11029
10056
10130
11030
10057
10131
11031
10058
10132
11032
10059
10133
11033
10060
10134
11034
10061
10135
11035
10062
10136
11036
10063
10137
11037
10064
10138
11038
10065
10139
11039
10066
10140
11040
10067
10141
11041
10068
10142
11042
10069
10143
11043
10070
10144
11044
10071
10145
11045
10072
10146
11046
10073
10147
11047
10074
10148
11048
10075
10149
11049
10076
10150
11050
10077
10151
11051
10078
10152
11052
10079
10153
11053
10080
10154
11054
10081
10155
11055
10082
10156
11056
10083
10157
11057
10084
10158
11058
10085
10159
11059
10086
10160
11060
10087
10161
11061
10088
10162
11062
10089
10163
11063
10090
10164
11064
10091
10165
11065
10092
10166
11066
10093
10167
11067
10094
10168
11068
10095
10169
11069
10096
10170
11070
10097
10171
11071
10098
10172
11072
10099
10173
11073
10100
10174
11074
10101
10175
11075
10102
10176
11076
10103
10177
11077
10104
10178
11078
10105
10179
11079
10106
10180
11080
10107
10181
11081
10108
10182
11082
10109
10183
11083
10110
10184
11084
10111
10185
11085
10112
10186
11086
10113
10187
11087
10114
10188
11088
10115
10189
11089
10116
10190
11090
10117
10191
11091
10118
10192
11092
10119
10193
11093
10120
10194
11094
10121
10195
11095
10122
10196
11096
10123
10197
11097
10124
10198
11098
10199
11099
10126
10200
11100
10127
10201
11101
10128
10202
11102
10129
10203
11103
10130
10204
11104
10131
10205
11105
10132
10206
11106
10133
10207
11107
10134
10208
11108
10135
10209
11109
10136
10210
11110
10137
10211
11111
10138
10212
11112
10139
10213
11113
10140
10214
11114
10141
10215
11115
10142
10216
11116
10143
10217
11117
10144
10218
11118
10145
10219
11119
10146
10220
11120
10147
10221
11121
10148
10222
11122
10149
10223
11123
10150
10224
11124
10151
10225
11125
10152
10226
11126
10153
10227
11127
10154
10228
11128
10155
10229
11129
10156
10230
11130
10157
10231
11131
10158
10232
11132
10159
10233
11133
10160
10234
11134
10161
10235
11135
10162
10236
11136
10163
10237
11137
10164
10238
11138
10165
10239
11139
10166
10240
11140
10167
10241
11141
10168
10242
11142
10169
10243
11143
10170
10244
11144
10171
10245
11145
10172
10246
11146
10173
10247
11147
10174
10248
11148
10175
10249
11149
10176
10250
11150
10177
10251
11151
10178
10252
11152
10179
10253
11153
10180
10254
11154
10181
10255
11155
10182
10256
11156
10183
10257
11157
10184
10258
11158
10185
10259
11159
10186
10260
11160
10187
10261
11161
10188
10262
11162
10189
10263
11163
10190
10264
11164
10191
10265
11165
10192
10266
11166
10193
10267
11167
10194
10268
11168
10195
10269
11169
10196
10270
11170
10197
10271
11171
10198
10272
11172
10199
10273
11173
10274
11174
10201
10275
11175
10202
10276
11176
10203
10277
11177
10204
10278
11178
10205
10279
11179
10206
10280
11180
10207
10281
11181
10208
10282
11182
10209
10283
11183
10210
10284
11184
10211
10285
11185
10212
10286
11186
10213
10287
11187
10214
10288
11188
10215
10289
11189
10216
10290
11190
10217
10291
11191
10218
10292
11192
10219
10293
11193
10220
10294
11194
10221
10295
11195
10222
10296
11196
10223
10297
11197
10224
10298
11198
10225
10299
11199
10226
10300
11200
10227
10301
11201
10228
10302
11202
10229
10303
11203
10230
10304
11204
10231
10305
11205
10232
10306
11206
10233
10307
11207
10234
10308
11208
10235
10309
11209
10236
10310
11210
10237
10311
11211
10238
10312
11212
10239
10313
11213
10240
10314
11214
10241
10315
11215
10242
10316
11216
10243
10317
11217
10244
10318
11218
10245
10319
11219
10246
10320
11220
10247
10321
11221
10248
10322
11222
10249
10323
11223
10250
10324
11224
10251
10325
11225
10252
10326
11226
10253
10327
11227
10254
10328
11228
10255
10329
11229
10256
10330
11230
10257
10331
11231
10258
10332
11232
10259
10333
11233
10260
10334
11234
10261
10335
11235
10262
10336
11236
10263
10337
11237
10264
10338
11238
10265
10339
11239
10266
10340
11240
10267
10341
11241
10268
10342
11242
10269
10343
11243
10270
10344
11244
10271
10345
11245
10272
10346
11246
10273
10347
11247
10274
10348
11248
10349
11249
10276
10350
11250
10277
10351
11251
10278
10352
11252
10279
10353
11253
10280
10354
11254
10281
10355
11255
10282
10356
11256
10283
10357
11257
10284
10358
11258
10285
10359
11259
10286
10360
11260
10287
10361
11261
10288
10362
11262
10289
10363
11263
10290
10364
11264
10291
10365
11265
10292
10366
11266
10293
10367
11267
10294
10368
11268
10295
10369
11269
10296
10370
11270
10297
10371
11271
10298
10372
11272
10299
10373
11273
10300
10374
11274
10301
10375
11275
10302
10376
11276
10303
10377
11277
10304
10378
11278
10305
10379
11279
10306
10380
11280
10307
10381
11281
10308
10382
11282
10309
10383
11283
10310
10384
11284
10311
10385
11285
10312
10386
11286
10313
10387
11287
10314
10388
11288
10315
10389
11289
10316
10390
11290
10317
10391
11291
10318
10392
11292
10319
10393
11293
10320
10394
11294
10321
10395
11295
10322
10396
11296
10323
10397
11297
10324
10398
11298
10325
10399
11299
10326
10400
11300
10327
10401
11301
10328
10402
11302
10329
10403
11303
10330
10404
11304
10331
10405
11305
10332
10406
11306
10333
10407
11307
10334
10408
11308
10335
10409
11309
10336
10410
11310
10337
10411
11311
10338
10412
11312
10339
10413
11313
10340
10414
11314
10341
10415
11315
10342
10416
11316
10343
10417
11317
10344
10418
11318
10345
10419
11319
10346
10420
11320
10347
10421
11321
10348
10422
11322
10349
10423
11323
10424
11324
10351
10425
11325
10352
10426
11326
10353
10427
11327
10354
10428
11328
10355
10429
11329
10356
10430
11330
10357
10431
11331
10358
10432
11332
10359
10433
11333
10360
10434
11334
10361
10435
11335
10362
10436
11336
10363
10437
11337
10364
10438
11338
10365
10439
11339
10366
10440
11340
10367
10441
11341
10368
10442
11342
10369
10443
11343
10370
10444
11344
10371
10445
11345
10372
10446
11346
10373
10447
11347
10374
10448
11348
10375
10449
11349
10376
10450
11350
10377
10451
11351
10378
10452
11352
10379
10453
11353
10380
10454
11354
10381
10455
11355
10382
10456
11356
10383
10457
11357
10384
10458
11358
10385
10459
11359
10386
10460
11360
10387
10461
11361
10388
10462
11362
10389
10463
11363
10390
10464
11364
10391
10465
11365
10392
10466
11366
10393
10467
11367
10394
10468
11368
10395
10469
11369
10396
10470
11370
10397
10471
11371
10398
10472
11372
10399
10473
11373
10400
10474
11374
10401
10475
11375
10402
10476
11376
10403
10477
11377
10404
10478
11378
10405
10479
11379
10406
10480
11380
10407
10481
11381
10408
10482
11382
10409
10483
11383
10410
10484
11384
10411
10485
11385
10412
10486
11386
10413
10487
11387
10414
10488
11388
10415
10489
11389
10416
10490
11390
10417
10491
11391
10418
10492
11392
10419
10493
11393
10420
10494
11394
10421
10495
11395
10422
10496
11396
10423
10497
11397
10424
10498
11398
10499
11399
10426
10500
11400
10427
10501
11401
10428
10502
11402
10429
10503
11403
10430
10504
11404
10431
10505
11405
10432
10506
11406
10433
10507
11407
10434
10508
11408
10435
10509
11409
10436
10510
11410
10437
10511
11411
10438
10512
11412
10439
10513
11413
10440
10514
11414
10441
10515
11415
10442
10516
11416
10443
10517
11417
10444
10518
11418
10445
10519
11419
10446
10520
11420
10447
10521
11421
10448
10522
11422
10449
10523
11423
10450
10524
11424
10451
10525
11425
10452
10526
11426
10453
10527
11427
10454
10528
11428
10455
10529
11429
10456
10530
11430
10457
10531
11431
10458
10532
11432
10459
10533
11433
10460
10534
11434
10461
10535
11435
10462
10536
11436
10463
10537
11437
10464
10538
11438
10465
10539
11439
10466
10540
11440
10467
10541
11441
10468
10542
11442
10469
10543
11443
10470
10544
11444
10471
10545
11445
10472
10546
11446
10473
10547
11447
10474
10548
11448
10475
10549
11449
10476
10550
11450
10477
10551
11451
10478
10552
11452
10479
10553
11453
10480
10554
11454
10481
10555
11455
10482
10556
11456
10483
10557
11457
10484
10558
11458
10485
10559
11459
10486
10560
11460
10487
10561
11461
10488
10562
11462
10489
10563
11463
10490
10564
11464
10491
10565
11465
10492
10566
11466
10493
10567
11467
10494
10568
11468
10495
10569
11469
10496
10570
11470
10497
10571
11471
10498
10572
11472
10499
10573
11473
10574
11474
10501
10575
11475
10502
10576
11476
10503
10577
11477
10504
10578
11478
10505
10579
11479
10506
10580
11480
10507
10581
11481
10508
10582
11482
10509
10583
11483
10510
10584
11484
10511
10585
11485
10512
10586
11486
10513
10587
11487
10514
10588
11488
10515
10589
11489
10516
10590
11490
10517
10591
11491
10518
10592
11492
10519
10593
11493
10520
10594
11494
10521
10595
11495
10522
10596
11496
10523
10597
11497
10524
10598
11498
10525
10599
11499
10526
10600
11500
10527
10601
11501
10528
10602
11502
10529
10603
11503
10530
10604
11504
10531
10605
11505
10532
10606
11506
10533
10607
11507
10534
10608
11508
10535
10609
11509
10536
10610
11510
10537
10611
11511
10538
10612
11512
10539
10613
11513
10540
10614
11514
10541
10615
11515
10542
10616
11516
10543
10617
11517
10544
10618
11518
10545
10619
11519
10546
10620
11520
10547
10621
11521
10548
10622
11522
10549
10623
11523
10550
10624
11524
10551
10625
11525
10552
10626
11526
10553
10627
11527
10554
10628
11528
10555
10629
11529
10556
10630
11530
10557
10631
11531
10558
10632
11532
10559
10633
11533
10560
10634
11534
10561
10635
11535
10562
10636
11536
10563
10637
11537
10564
10638
11538
10565
10639
11539
10566
10640
11540
10567
10641
11541
10568
10642
11542
10569
10643
11543
10570
10644
11544
10571
10645
11545
10572
10646
11546
10573
10647
11547
10574
10648
11548
10649
11549
10576
10650
11550
10577
10651
11551
10578
10652
11552
10579
10653
11553
10580
10654
11554
10581
10655
11555
10582
10656
11556
10583
10657
11557
10584
10658
11558
10585
10659
11559
10586
10660
11560
10587
10661
11561
10588
10662
11562
10589
10663
11563
10590
10664
11564
10591
10665
11565
10592
10666
11566
10593
10667
11567
10594
10668
11568
10595
10669
11569
10596
10670
11570
10597
10671
11571
10598
10672
11572
10599
10673
11573
10600
10674
11574
10601
10675
11575
10602
10676
11576
10603
10677
11577
10604
10678
11578
10605
10679
11579
10606
10680
11580
10607
10681
11581
10608
10682
11582
10609
10683
11583
10610
10684
11584
10611
10685
11585
10612
10686
11586
10613
10687
11587
10614
10688
11588
10615
10689
11589
10616
10690
11590
10617
10691
11591
10618
10692
11592
10619
10693
11593
10620
10694
11594
10621
10695
11595
10622
10696
11596
10623
10697
11597
10624
10698
11598
10625
10699
11599
10626
10700
11600
10627
10701
11601
10628
10702
11602
10629
10703
11603
10630
10704
11604
10631
10705
11605
10632
10706
11606
10633
10707
11607
10634
10708
11608
10635
10709
11609
10636
10710
11610
10637
10711
11611
10638
10712
11612
10639
10713
11613
10640
10714
11614
10641
10715
11615
10642
10716
11616
10643
10717
11617
10644
10718
11618
10645
10719
11619
10646
10720
11620
10647
10721
11621
10648
10722
11622
10649
10723
11623
10724
11624
10651
10725
11625
10652
10726
11626
10653
10727
11627
10654
10728
11628
10655
10729
11629
10656
10730
11630
10657
10731
11631
10658
10732
11632
10659
10733
11633
10660
10734
11634
10661
10735
11635
10662
10736
11636
10663
10737
11637
10664
10738
11638
10665
10739
11639
10666
10740
11640
10667
10741
11641
10668
10742
11642
10669
10743
11643
10670
10744
11644
10671
10745
11645
10672
10746
11646
10673
10747
11647
10674
10748
11648
10675
10749
11649
10676
10750
11650
10677
10751
11651
10678
10752
11652
10679
10753
11653
10680
10754
11654
10681
10755
11655
10682
10756
11656
10683
10757
11657
10684
10758
11658
10685
10759
11659
10686
10760
11660
10687
10761
11661
10688
10762
11662
10689
10763
11663
10690
10764
11664
10691
10765
11665
10692
10766
11666
10693
10767
11667
10694
10768
11668
10695
10769
11669
10696
10770
11670
10697
10771
11671
10698
10772
11672
10699
10773
11673
10700
10774
11674
10701
10775
11675
10702
10776
11676
10703
10777
11677
10704
10778
11678
10705
10779
11679
10706
10780
11680
10707
10781
11681
10708
10782
11682
10709
10783
11683
10710
10784
11684
10711
10785
11685
10712
10786
11686
10713
10787
11687
10714
10788
11688
10715
10789
11689
10716
10790
11690
10717
10791
11691
10718
10792
11692
10719
10793
11693
10720
10794
11694
10721
10795
11695
10722
10796
11696
10723
10797
11697
10724
10798
11698
10799
11699
10726
11700
10727
11701
10728
11702
10729
11703
10730
11704
10731
11705
10732
11706
10733
11707
10734
11708
10735
11709
10736
11710
10737
11711
10738
11712
10739
11713
10740
11714
10741
11715
10742
11716
10743
11717
10744
11718
10745
11719
10746
11720
10747
11721
10748
11722
10749
11723
10750
11724
10751
11725
10752
11726
10753
11727
10754
11728
10755
11729
10756
11730
10757
11731
10758
11732
10759
11733
10760
11734
10761
11735
10762
11736
10763
11737
10764
11738
10765
11739
10766
11740
10767
11741
10768
11742
10769
11743
10770
11744
10771
11745
10772
11746
10773
11747
10774
11748
10775
11749
10776
11750
10777
11751
10778
11752
10779
11753
10780
11754
10781
11755
10782
11756
10783
11757
10784
11758
10785
11759
10786
11760
10787
11761
10788
11762
10789
11763
10790
11764
10791
11765
10792
11766
10793
11767
10794
11768
10795
11769
10796
11770
10797
11771
10798
11772
10799
11773
11774
10801
10875
11775
10802
10876
11776
10803
10877
11777
10804
10878
11778
10805
10879
11779
10806
10880
11780
10807
10881
11781
10808
10882
11782
10809
10883
11783
10810
10884
11784
10811
10885
11785
10812
10886
11786
10813
10887
11787
10814
10888
11788
10815
10889
11789
10816
10890
11790
10817
10891
11791
10818
10892
11792
10819
10893
11793
10820
10894
11794
10821
10895
11795
10822
10896
11796
10823
10897
11797
10824
10898
11798
10825
10899
11799
10826
10900
11800
10827
10901
11801
10828
10902
11802
10829
10903
11803
10830
10904
11804
10831
10905
11805
10832
10906
11806
10833
10907
11807
10834
10908
11808
10835
10909
11809
10836
10910
11810
10837
10911
11811
10838
10912
11812
10839
10913
11813
10840
10914
11814
10841
10915
11815
10842
10916
11816
10843
10917
11817
10844
10918
11818
10845
10919
11819
10846
10920
11820
10847
10921
11821
10848
10922
11822
10849
10923
11823
10850
10924
11824
10851
10925
11825
10852
10926
11826
10853
10927
11827
10854
10928
11828
10855
10929
11829
10856
10930
11830
10857
10931
11831
10858
10932
11832
10859
10933
11833
10860
10934
11834
10861
10935
11835
10862
10936
11836
10863
10937
11837
10864
10938
11838
10865
10939
11839
10866
10940
11840
10867
10941
11841
10868
10942
11842
10869
10943
11843
10870
10944
11844
10871
10945
11845
10872
10946
11846
10873
10947
11847
10874
10948
11848
10949
11849
10876
10950
11850
10877
10951
11851
10878
10952
11852
10879
10953
11853
10880
10954
11854
10881
10955
11855
10882
10956
11856
10883
10957
11857
10884
10958
11858
10885
10959
11859
10886
10960
11860
10887
10961
11861
10888
10962
11862
10889
10963
11863
10890
10964
11864
10891
10965
11865
10892
10966
11866
10893
10967
11867
10894
10968
11868
10895
10969
11869
10896
10970
11870
10897
10971
11871
10898
10972
11872
10899
10973
11873
10900
10974
11874
10901
10975
11875
10902
10976
11876
10903
10977
11877
10904
10978
11878
10905
10979
11879
10906
10980
11880
10907
10981
11881
10908
10982
11882
10909
10983
11883
10910
10984
11884
10911
10985
11885
10912
10986
11886
10913
10987
11887
10914
10988
11888
10915
10989
11889
10916
10990
11890
10917
10991
11891
10918
10992
11892
10919
10993
11893
10920
10994
11894
10921
10995
11895
10922
10996
11896
10923
10997
11897
10924
10998
11898
10925
10999
11899
10926
11000
11900
10927
11001
11901
10928
11002
11902
10929
11003
11903
10930
11004
11904
10931
11005
11905
10932
11006
11906
10933
11007
11907
10934
11008
11908
10935
11009
11909
10936
11010
11910
10937
11011
11911
10938
11012
11912
10939
11013
11913
10940
11014
11914
10941
11015
11915
10942
11016
11916
10943
11017
11917
10944
11018
11918
10945
11019
11919
10946
11020
11920
10947
11021
11921
10948
11022
11922
10949
11023
11923
11024
11924
10951
11025
11925
10952
11026
11926
10953
11027
11927
10954
11028
11928
10955
11029
11929
10956
11030
11930
10957
11031
11931
10958
11032
11932
10959
11033
11933
10960
11034
11934
10961
11035
11935
10962
11036
11936
10963
11037
11937
10964
11038
11938
10965
11039
11939
10966
11040
11940
10967
11041
11941
10968
11042
11942
10969
11043
11943
10970
11044
11944
10971
11045
11945
10972
11046
11946
10973
11047
11947
10974
11048
11948
10975
11049
11949
10976
11050
11950
10977
11051
11951
10978
11052
11952
10979
11053
11953
10980
11054
11954
10981
11055
11955
10982
11056
11956
10983
11057
11957
10984
11058
11958
10985
11059
11959
10986
11060
11960
10987
11061
11961
10988
11062
11962
10989
11063
11963
10990
11064
11964
10991
11065
11965
10992
11066
11966
10993
11067
11967
10994
11068
11968
10995
11069
11969
10996
11070
11970
10997
11071
11971
10998
11072
11972
10999
11073
11973
11000
11074
11974
11001
11075
11975
11002
11076
11976
11003
11077
11977
11004
11078
11978
11005
11079
11979
11006
11080
11980
11007
11081
11981
11008
11082
11982
11009
11083
11983
11010
11084
11984
11011
11085
11985
11012
11086
11986
11013
11087
11987
11014
11088
11988
11015
11089
11989
11016
11090
11990
11017
11091
11991
11018
11092
11992
11019
11093
11993
11020
11094
11994
11021
11095
11995
11022
11096
11996
11023
11097
11997
11024
11098
11998
11099
11999
11026
11100
12000
11027
11101
12001
11028
11102
12002
11029
11103
12003
11030
11104
12004
11031
11105
12005
11032
11106
12006
11033
11107
12007
11034
11108
12008
11035
11109
12009
11036
11110
12010
11037
11111
12011
11038
11112
12012
11039
11113
12013
11040
11114
12014
11041
11115
12015
11042
11116
12016
11043
11117
12017
11044
11118
12018
11045
11119
12019
11046
11120
12020
11047
11121
12021
11048
11122
12022
11049
11123
12023
11050
11124
12024
11051
11125
12025
11052
11126
12026
11053
11127
12027
11054
11128
12028
11055
11129
12029
11056
11130
12030
11057
11131
12031
11058
11132
12032
11059
11133
12033
11060
11134
12034
11061
11135
12035
11062
11136
12036
11063
11137
12037
11064
11138
12038
11065
11139
12039
11066
11140
12040
11067
11141
12041
11068
11142
12042
11069
11143
12043
11070
11144
12044
11071
11145
12045
11072
11146
12046
11073
11147
12047
11074
11148
12048
11075
11149
12049
11076
11150
12050
11077
11151
12051
11078
11152
12052
11079
11153
12053
11080
11154
12054
11081
11155
12055
11082
11156
12056
11083
11157
12057
11084
11158
12058
11085
11159
12059
11086
11160
12060
11087
11161
12061
11088
11162
12062
11089
11163
12063
11090
11164
12064
11091
11165
12065
11092
11166
12066
11093
11167
12067
11094
11168
12068
11095
11169
12069
11096
11170
12070
11097
11171
12071
11098
11172
12072
11099
11173
12073
11174
12074
11101
11175
12075
11102
11176
12076
11103
11177
12077
11104
11178
12078
11105
11179
12079
11106
11180
12080
11107
11181
12081
11108
11182
12082
11109
11183
12083
11110
11184
12084
11111
11185
12085
11112
11186
12086
11113
11187
12087
11114
11188
12088
11115
11189
12089
11116
11190
12090
11117
11191
12091
11118
11192
12092
11119
11193
12093
11120
11194
12094
11121
11195
12095
11122
11196
12096
11123
11197
12097
11124
11198
12098
11125
11199
12099
11126
11200
12100
11127
11201
12101
11128
11202
12102
11129
11203
12103
11130
11204
12104
11131
11205
12105
11132
11206
12106
11133
11207
12107
11134
11208
12108
11135
11209
12109
11136
11210
12110
11137
11211
12111
11138
11212
12112
11139
11213
12113
11140
11214
12114
11141
11215
12115
11142
11216
12116
11143
11217
12117
11144
11218
12118
11145
11219
12119
11146
11220
12120
11147
11221
12121
11148
11222
12122
11149
11223
12123
11150
11224
12124
11151
11225
12125
11152
11226
12126
11153
11227
12127
11154
11228
12128
11155
11229
12129
11156
11230
12130
11157
11231
12131
11158
11232
12132
11159
11233
12133
11160
11234
12134
11161
11235
12135
11162
11236
12136
11163
11237
12137
11164
11238
12138
11165
11239
12139
11166
11240
12140
11167
11241
12141
11168
11242
12142
11169
11243
12143
11170
11244
12144
11171
11245
12145
11172
11246
12146
11173
11247
12147
11174
11248
12148
11249
12149
11176
11250
12150
11177
11251
12151
11178
11252
12152
11179
11253
12153
11180
11254
12154
11181
11255
12155
11182
11256
12156
11183
11257
12157
11184
11258
12158
11185
11259
12159
11186
11260
12160
11187
11261
12161
11188
11262
12162
11189
11263
12163
11190
11264
12164
11191
11265
12165
11192
11266
12166
11193
11267
12167
11194
11268
12168
11195
11269
12169
11196
11270
12170
11197
11271
12171
11198
11272
12172
11199
11273
12173
11200
11274
12174
11201
11275
12175
11202
11276
12176
11203
11277
12177
11204
11278
12178
11205
11279
12179
11206
11280
12180
11207
11281
12181
11208
11282
12182
11209
11283
12183
11210
11284
12184
11211
11285
12185
11212
11286
12186
11213
11287
12187
11214
11288
12188
11215
11289
12189
11216
11290
12190
11217
11291
12191
11218
11292
12192
11219
11293
12193
11220
11294
12194
11221
11295
12195
11222
11296
12196
11223
11297
12197
11224
11298
12198
11225
11299
12199
11226
11300
12200
11227
11301
12201
11228
11302
12202
11229
11303
12203
11230
11304
12204
11231
11305
12205
11232
11306
12206
11233
11307
12207
11234
11308
12208
11235
11309
12209
11236
11310
12210
11237
11311
12211
11238
11312
12212
11239
11313
12213
11240
11314
12214
11241
11315
12215
11242
11316
12216
11243
11317
12217
11244
11318
12218
11245
11319
12219
11246
11320
12220
11247
11321
12221
11248
11322
12222
11249
11323
12223
11324
12224
11251
11325
12225
11252
11326
12226
11253
11327
12227
11254
11328
12228
11255
11329
12229
11256
11330
12230
11257
11331
12231
11258
11332
12232
11259
11333
12233
11260
11334
12234
11261
11335
12235
11262
11336
12236
11263
11337
12237
11264
11338
12238
11265
11339
12239
11266
11340
12240
11267
11341
12241
11268
11342
12242
11269
11343
12243
11270
11344
12244
11271
11345
12245
11272
11346
12246
11273
11347
12247
11274
11348
12248
11275
11349
12249
11276
11350
12250
11277
11351
12251
11278
11352
12252
11279
11353
12253
11280
11354
12254
11281
11355
12255
11282
11356
12256
11283
11357
12257
11284
11358
12258
11285
11359
12259
11286
11360
12260
11287
11361
12261
11288
11362
12262
11289
11363
12263
11290
11364
12264
11291
11365
12265
11292
11366
12266
11293
11367
12267
11294
11368
12268
11295
11369
12269
11296
11370
12270
11297
11371
12271
11298
11372
12272
11299
11373
12273
11300
11374
12274
11301
11375
12275
11302
11376
12276
11303
11377
12277
11304
11378
12278
11305
11379
12279
11306
11380
12280
11307
11381
12281
11308
11382
12282
11309
11383
12283
11310
11384
12284
11311
11385
12285
11312
11386
12286
11313
11387
12287
11314
11388
12288
11315
11389
12289
11316
11390
12290
11317
11391
12291
11318
11392
12292
11319
11393
12293
11320
11394
12294
11321
11395
12295
11322
11396
12296
11323
11397
12297
11324
11398
12298
11399
12299
11326
11400
12300
11327
11401
12301
11328
11402
12302
11329
11403
12303
11330
11404
12304
11331
11405
12305
11332
11406
12306
11333
11407
12307
11334
11408
12308
11335
11409
12309
11336
11410
12310
11337
11411
12311
11338
11412
12312
11339
11413
12313
11340
11414
12314
11341
11415
12315
11342
11416
12316
11343
11417
12317
11344
11418
12318
11345
11419
12319
11346
11420
12320
11347
11421
12321
11348
11422
12322
11349
11423
12323
11350
11424
12324
11351
11425
12325
11352
11426
12326
11353
11427
12327
11354
11428
12328
11355
11429
12329
11356
11430
12330
11357
11431
12331
11358
11432
12332
11359
11433
12333
11360
11434
12334
11361
11435
12335
11362
11436
12336
11363
11437
12337
11364
11438
12338
11365
11439
12339
11366
11440
12340
11367
11441
12341
11368
11442
12342
11369
11443
12343
11370
11444
12344
11371
11445
12345
11372
11446
12346
11373
11447
12347
11374
11448
12348
11375
11449
12349
11376
11450
12350
11377
11451
12351
11378
11452
12352
11379
11453
12353
11380
11454
12354
11381
11455
12355
11382
11456
12356
11383
11457
12357
11384
11458
12358
11385
11459
12359
11386
11460
12360
11387
11461
12361
11388
11462
12362
11389
11463
12363
11390
11464
12364
11391
11465
12365
11392
11466
12366
11393
11467
12367
11394
11468
12368
11395
11469
12369
11396
11470
12370
11397
11471
12371
11398
11472
12372
11399
11473
12373
11474
12374
11401
11475
12375
11402
11476
12376
11403
11477
12377
11404
11478
12378
11405
11479
12379
11406
11480
12380
11407
11481
12381
11408
11482
12382
11409
11483
12383
11410
11484
12384
11411
11485
12385
11412
11486
12386
11413
11487
12387
11414
11488
12388
11415
11489
12389
11416
11490
12390
11417
11491
12391
11418
11492
12392
11419
11493
12393
11420
11494
12394
11421
11495
12395
11422
11496
12396
11423
11497
12397
11424
11498
12398
11425
11499
12399
11426
11500
12400
11427
11501
12401
11428
11502
12402
11429
11503
12403
11430
11504
12404
11431
11505
12405
11432
11506
12406
11433
11507
12407
11434
11508
12408
11435
11509
12409
11436
11510
12410
11437
11511
12411
11438
11512
12412
11439
11513
12413
11440
11514
12414
11441
11515
12415
11442
11516
12416
11443
11517
12417
11444
11518
12418
11445
11519
12419
11446
11520
12420
11447
11521
12421
11448
11522
12422
11449
11523
12423
11450
11524
12424
11451
11525
12425
11452
11526
12426
11453
11527
12427
11454
11528
12428
11455
11529
12429
11456
11530
12430
11457
11531
12431
11458
11532
12432
11459
11533
12433
11460
11534
12434
11461
11535
12435
11462
11536
12436
11463
11537
12437
11464
11538
12438
11465
11539
12439
11466
11540
12440
11467
11541
12441
11468
11542
12442
11469
11543
12443
11470
11544
12444
11471
11545
12445
11472
11546
12446
11473
11547
12447
11474
11548
12448
11549
12449
11476
11550
12450
11477
11551
12451
11478
11552
12452
11479
11553
12453
11480
11554
12454
11481
11555
12455
11482
11556
12456
11483
11557
12457
11484
11558
12458
11485
11559
12459
11486
11560
12460
11487
11561
12461
11488
11562
12462
11489
11563
12463
11490
11564
12464
11491
11565
12465
11492
11566
12466
11493
11567
12467
11494
11568
12468
11495
11569
12469
11496
11570
12470
11497
11571
12471
11498
11572
12472
11499
11573
12473
11500
11574
12474
11501
11575
12475
11502
11576
12476
11503
11577
12477
11504
11578
12478
11505
11579
12479
11506
11580
12480
11507
11581
12481
11508
11582
12482
11509
11583
12483
11510
11584
12484
11511
11585
12485
11512
11586
12486
11513
11587
12487
11514
11588
12488
11515
11589
12489
11516
11590
12490
11517
11591
12491
11518
11592
12492
11519
11593
12493
11520
11594
12494
11521
11595
12495
11522
11596
12496
11523
11597
12497
11524
11598
12498
11525
11599
12499
11526
11600
12500
11527
11601
12501
11528
11602
12502
11529
11603
12503
11530
11604
12504
11531
11605
12505
11532
11606
12506
11533
11607
12507
11534
11608
12508
11535
11609
12509
11536
11610
12510
11537
11611
12511
11538
11612
12512
11539
11613
12513
11540
11614
12514
11541
11615
12515
11542
11616
12516
11543
11617
12517
11544
11618
12518
11545
11619
12519
11546
11620
12520
11547
11621
12521
11548
11622
12522
11549
11623
12523
11624
12524
11551
11625
12525
11552
11626
12526
11553
11627
12527
11554
11628
12528
11555
11629
12529
11556
11630
12530
11557
11631
12531
11558
11632
12532
11559
11633
12533
11560
11634
12534
11561
11635
12535
11562
11636
12536
11563
11637
12537
11564
11638
12538
11565
11639
12539
11566
11640
12540
11567
11641
12541
11568
11642
12542
11569
11643
12543
11570
11644
12544
11571
11645
12545
11572
11646
12546
11573
11647
12547
11574
11648
12548
11575
11649
12549
11576
11650
12550
11577
11651
12551
11578
11652
12552
11579
11653
12553
11580
11654
12554
11581
11655
12555
11582
11656
12556
11583
11657
12557
11584
11658
12558
11585
11659
12559
11586
11660
12560
11587
11661
12561
11588
11662
12562
11589
11663
12563
11590
11664
12564
11591
11665
12565
11592
11666
12566
11593
11667
12567
11594
11668
12568
11595
11669
12569
11596
11670
12570
11597
11671
12571
11598
11672
12572
11599
11673
12573
11600
11674
12574
11601
11675
12575
11602
11676
12576
11603
11677
12577
11604
11678
12578
11605
11679
12579
11606
11680
12580
11607
11681
12581
11608
11682
12582
11609
11683
12583
11610
11684
12584
11611
11685
12585
11612
11686
12586
11613
11687
12587
11614
11688
12588
11615
11689
12589
11616
11690
12590
11617
11691
12591
11618
11692
12592
11619
11693
12593
11620
11694
12594
11621
11695
12595
11622
11696
12596
11623
11697
12597
11624
11698
12598
11699
12599
11626
11700
12600
11627
11701
12601
11628
11702
12602
11629
11703
12603
11630
11704
12604
11631
11705
12605
11632
11706
12606
11633
11707
12607
11634
11708
12608
11635
11709
12609
11636
11710
12610
11637
11711
12611
11638
11712
12612
11639
11713
12613
11640
11714
12614
11641
11715
12615
11642
11716
12616
11643
11717
12617
11644
11718
12618
11645
11719
12619
11646
11720
12620
11647
11721
12621
11648
11722
12622
11649
11723
12623
11650
11724
12624
11651
11725
12625
11652
11726
12626
11653
11727
12627
11654
11728
12628
11655
11729
12629
11656
11730
12630
11657
11731
12631
11658
11732
12632
11659
11733
12633
11660
11734
12634
11661
11735
12635
11662
11736
12636
11663
11737
12637
11664
11738
12638
11665
11739
12639
11666
11740
12640
11667
11741
12641
11668
11742
12642
11669
11743
12643
11670
11744
12644
11671
11745
12645
11672
11746
12646
11673
11747
12647
11674
11748
12648
11675
11749
12649
11676
11750
12650
11677
11751
12651
11678
11752
12652
11679
11753
12653
11680
11754
12654
11681
11755
12655
11682
11756
12656
11683
11757
12657
11684
11758
12658
11685
11759
12659
11686
11760
12660
11687
11761
12661
11688
11762
12662
11689
11763
12663
11690
11764
12664
11691
11765
12665
11692
11766
12666
11693
11767
12667
11694
11768
12668
11695
11769
12669
11696
11770
12670
11697
11771
12671
11698
11772
12672
11699
11773
12673
11774
12674
11701
12675
11702
12676
11703
12677
11704
12678
11705
12679
11706
12680
11707
12681
11708
12682
11709
12683
11710
12684
11711
12685
11712
12686
11713
12687
11714
12688
11715
12689
11716
12690
11717
12691
11718
12692
11719
12693
11720
12694
11721
12695
11722
12696
11723
12697
11724
12698
11725
12699
11726
12700
11727
12701
11728
12702
11729
12703
11730
12704
11731
12705
11732
12706
11733
12707
11734
12708
11735
12709
11736
12710
11737
12711
11738
12712
11739
12713
11740
12714
11741
12715
11742
12716
11743
12717
11744
12718
11745
12719
11746
12720
11747
12721
11748
12722
11749
12723
11750
12724
11751
12725
11752
12726
11753
12727
11754
12728
11755
12729
11756
12730
11757
12731
11758
12732
11759
12733
11760
12734
11761
12735
11762
12736
11763
12737
11764
12738
11765
12739
11766
12740
11767
12741
11768
12742
11769
12743
11770
12744
11771
12745
11772
12746
11773
12747
11774
12748
12749
11776
11850
19650
11777
11851
19651
11778
11852
19652
11779
11853
19653
11780
11854
19654
11781
11855
19655
11782
11856
19656
11783
11857
19657
11784
11858
19658
11785
11859
19659
11786
11860
19660
11787
11861
19661
11788
11862
19662
11789
11863
19663
11790
11864
19664
11791
11865
19665
11792
11866
19666
11793
11867
19667
11794
11868
19668
11795
11869
19669
11796
11870
19670
11797
11871
19671
11798
11872
19672
11799
11873
19673
11800
11874
19674
11801
11875
19675
11802
11876
19676
11803
11877
19677
11804
11878
19678
11805
11879
19679
11806
11880
19680
11807
11881
19681
11808
11882
19682
11809
11883
19683
11810
11884
19684
11811
11885
19685
11812
11886
19686
11813
11887
19687
11814
11888
19688
11815
11889
19689
11816
11890
19690
11817
11891
19691
11818
11892
19692
11819
11893
19693
11820
11894
19694
11821
11895
19695
11822
11896
19696
11823
11897
19697
11824
11898
19698
11825
11899
19699
11826
11900
19700
11827
11901
19701
11828
11902
19702
11829
11903
19703
11830
11904
19704
11831
11905
19705
11832
11906
19706
11833
11907
19707
11834
11908
19708
11835
11909
19709
11836
11910
19710
11837
11911
19711
11838
11912
19712
11839
11913
19713
11840
11914
19714
11841
11915
19715
11842
11916
19716
11843
11917
19717
11844
11918
19718
11845
11919
19719
11846
11920
19720
11847
11921
19721
11848
11922
19722
11849
11923
19723
11924
19724
11851
11925
19725
11852
11926
19726
11853
11927
19727
11854
11928
19728
11855
11929
19729
11856
11930
19730
11857
11931
19731
11858
11932
19732
11859
11933
19733
11860
11934
19734
11861
11935
19735
11862
11936
19736
11863
11937
19737
11864
11938
19738
11865
11939
19739
11866
11940
19740
11867
11941
19741
11868
11942
19742
11869
11943
19743
11870
11944
19744
11871
11945
19745
11872
11946
19746
11873
11947
19747
11874
11948
19748
11875
11949
19749
11876
11950
19750
11877
11951
19751
11878
11952
19752
11879
11953
19753
11880
11954
19754
11881
11955
19755
11882
11956
19756
11883
11957
19757
11884
11958
19758
11885
11959
19759
11886
11960
19760
11887
11961
19761
11888
11962
19762
11889
11963
19763
11890
11964
19764
11891
11965
19765
11892
11966
19766
11893
11967
19767
11894
11968
19768
11895
11969
19769
11896
11970
19770
11897
11971
19771
11898
11972
19772
11899
11973
19773
11900
11974
19774
11901
11975
19775
11902
11976
19776
11903
11977
19777
11904
11978
19778
11905
11979
19779
11906
11980
19780
11907
11981
19781
11908
11982
19782
11909
11983
19783
11910
11984
19784
11911
11985
19785
11912
11986
19786
11913
11987
19787
11914
11988
19788
11915
11989
19789
11916
11990
19790
11917
11991
19791
11918
11992
19792
11919
11993
19793
11920
11994
19794
11921
11995
19795
11922
11996
19796
11923
11997
19797
11924
11998
19798
11999
19799
11926
12000
19800
11927
12001
19801
11928
12002
19802
11929
12003
19803
11930
12004
19804
11931
12005
19805
11932
12006
19806
11933
12007
19807
11934
12008
19808
11935
12009
19809
11936
12010
19810
11937
12011
19811
11938
12012
19812
11939
12013
19813
11940
12014
19814
11941
12015
19815
11942
12016
19816
11943
12017
19817
11944
12018
19818
11945
12019
19819
11946
12020
19820
11947
12021
19821
11948
12022
19822
11949
12023
19823
11950
12024
19824
11951
12025
19825
11952
12026
19826
11953
12027
19827
11954
12028
19828
11955
12029
19829
11956
12030
19830
11957
12031
19831
11958
12032
19832
11959
12033
19833
11960
12034
19834
11961
12035
19835
11962
12036
19836
11963
12037
19837
11964
12038
19838
11965
12039
19839
11966
12040
19840
11967
12041
19841
11968
12042
19842
11969
12043
19843
11970
12044
19844
11971
12045
19845
11972
12046
19846
11973
12047
19847
11974
12048
19848
11975
12049
19849
11976
12050
19850
11977
12051
19851
11978
12052
19852
11979
12053
19853
11980
12054
19854
11981
12055
19855
11982
12056
19856
11983
12057
19857
11984
12058
19858
11985
12059
19859
11986
12060
19860
11987
12061
19861
11988
12062
19862
11989
12063
19863
11990
12064
19864
11991
12065
19865
11992
12066
19866
11993
12067
19867
11994
12068
19868
11995
12069
19869
11996
12070
19870
11997
12071
19871
11998
12072
19872
11999
12073
19873
12074
19874
12001
12075
19875
12002
12076
19876
12003
12077
19877
12004
12078
19878
12005
12079
19879
12006
12080
19880
12007
12081
19881
12008
12082
19882
12009
12083
19883
12010
12084
19884
12011
12085
19885
12012
12086
19886
12013
12087
19887
12014
12088
19888
12015
12089
19889
12016
12090
19890
12017
12091
19891
12018
12092
19892
12019
12093
19893
12020
12094
19894
12021
12095
19895
12022
12096
19896
12023
12097
19897
12024
12098
19898
12025
12099
19899
12026
12100
19900
12027
12101
19901
12028
12102
19902
12029
12103
19903
12030
12104
19904
12031
12105
19905
12032
12106
19906
12033
12107
19907
12034
12108
19908
12035
12109
19909
12036
12110
19910
12037
12111
19911
12038
12112
19912
12039
12113
19913
12040
12114
19914
12041
12115
19915
12042
12116
19916
12043
12117
19917
12044
12118
19918
12045
12119
19919
12046
12120
19920
12047
12121
19921
12048
12122
19922
12049
12123
19923
12050
12124
19924
12051
12125
19925
12052
12126
19926
12053
12127
19927
12054
12128
19928
12055
12129
19929
12056
12130
19930
12057
12131
19931
12058
12132
19932
12059
12133
19933
12060
12134
19934
12061
12135
19935
12062
12136
19936
12063
12137
19937
12064
12138
19938
12065
12139
19939
12066
12140
19940
12067
12141
19941
12068
12142
19942
12069
12143
19943
12070
12144
19944
12071
12145
19945
12072
12146
19946
12073
12147
19947
12074
12148
19948
12149
19949
12076
12150
19950
12077
12151
19951
12078
12152
19952
12079
12153
19953
12080
12154
19954
12081
12155
19955
12082
12156
19956
12083
12157
19957
12084
12158
19958
12085
12159
19959
12086
12160
19960
12087
12161
19961
12088
12162
19962
12089
12163
19963
12090
12164
19964
12091
12165
19965
12092
12166
19966
12093
12167
19967
12094
12168
19968
12095
12169
19969
12096
12170
19970
12097
12171
19971
12098
12172
19972
12099
12173
19973
12100
12174
19974
12101
12175
19975
12102
12176
19976
12103
12177
19977
12104
12178
19978
12105
12179
19979
12106
12180
19980
12107
12181
19981
12108
12182
19982
12109
12183
19983
12110
12184
19984
12111
12185
19985
12112
12186
19986
12113
12187
19987
12114
12188
19988
12115
12189
19989
12116
12190
19990
12117
12191
19991
12118
12192
19992
12119
12193
19993
12120
12194
19994
12121
12195
19995
12122
12196
19996
12123
12197
19997
12124
12198
19998
12125
12199
19999
12126
12200
20000
12127
12201
20001
12128
12202
20002
12129
12203
20003
12130
12204
20004
12131
12205
20005
12132
12206
20006
12133
12207
20007
12134
12208
20008
12135
12209
20009
12136
12210
20010
12137
12211
20011
12138
12212
20012
12139
12213
20013
12140
12214
20014
12141
12215
20015
12142
12216
20016
12143
12217
20017
12144
12218
20018
12145
12219
20019
12146
12220
20020
12147
12221
20021
12148
12222
20022
12149
12223
20023
12224
20024
12151
12225
20025
12152
12226
20026
12153
12227
20027
12154
12228
20028
12155
12229
20029
12156
12230
20030
12157
12231
20031
12158
12232
20032
12159
12233
20033
12160
12234
20034
12161
12235
20035
12162
12236
20036
12163
12237
20037
12164
12238
20038
12165
12239
20039
12166
12240
20040
12167
12241
20041
12168
12242
20042
12169
12243
20043
12170
12244
20044
12171
12245
20045
12172
12246
20046
12173
12247
20047
12174
12248
20048
12175
12249
20049
12176
12250
20050
12177
12251
20051
12178
12252
20052
12179
12253
20053
12180
12254
20054
12181
12255
20055
12182
12256
20056
12183
12257
20057
12184
12258
20058
12185
12259
20059
12186
12260
20060
12187
12261
20061
12188
12262
20062
12189
12263
20063
12190
12264
20064
12191
12265
20065
12192
12266
20066
12193
12267
20067
12194
12268
20068
12195
12269
20069
12196
12270
20070
12197
12271
20071
12198
12272
20072
12199
12273
20073
12200
12274
20074
12201
12275
20075
12202
12276
20076
12203
12277
20077
12204
12278
20078
12205
12279
20079
12206
12280
20080
12207
12281
20081
12208
12282
20082
12209
12283
20083
12210
12284
20084
12211
12285
20085
12212
12286
20086
12213
12287
20087
12214
12288
20088
12215
12289
20089
12216
12290
20090
12217
12291
20091
12218
12292
20092
12219
12293
20093
12220
12294
20094
12221
12295
20095
12222
12296
20096
12223
12297
20097
12224
12298
20098
12299
20099
12226
12300
20100
12227
12301
20101
12228
12302
20102
12229
12303
20103
12230
12304
20104
12231
12305
20105
12232
12306
20106
12233
12307
20107
12234
12308
20108
12235
12309
20109
12236
12310
20110
12237
12311
20111
12238
12312
20112
12239
12313
20113
12240
12314
20114
12241
12315
20115
12242
12316
20116
12243
12317
20117
12244
12318
20118
12245
12319
20119
12246
12320
20120
12247
12321
20121
12248
12322
20122
12249
12323
20123
12250
12324
20124
12251
12325
20125
12252
12326
20126
12253
12327
20127
12254
12328
20128
12255
12329
20129
12256
12330
20130
12257
12331
20131
12258
12332
20132
12259
12333
20133
12260
12334
20134
12261
12335
20135
12262
12336
20136
12263
12337
20137
12264
12338
20138
12265
12339
20139
12266
12340
20140
12267
12341
20141
12268
12342
20142
12269
12343
20143
12270
12344
20144
12271
12345
20145
12272
12346
20146
12273
12347
20147
12274
12348
20148
12275
12349
20149
12276
12350
20150
12277
12351
20151
12278
12352
20152
12279
12353
20153
12280
12354
20154
12281
12355
20155
12282
12356
20156
12283
12357
20157
12284
12358
20158
12285
12359
20159
12286
12360
20160
12287
12361
20161
12288
12362
20162
12289
12363
20163
12290
12364
20164
12291
12365
20165
12292
12366
20166
12293
12367
20167
12294
12368
20168
12295
12369
20169
12296
12370
20170
12297
12371
20171
12298
12372
20172
12299
12373
20173
12374
20174
12301
12375
20175
12302
12376
20176
12303
12377
20177
12304
12378
20178
12305
12379
20179
12306
12380
20180
12307
12381
20181
12308
12382
20182
12309
12383
20183
12310
12384
20184
12311
12385
20185
12312
12386
20186
12313
12387
20187
12314
12388
20188
12315
12389
20189
12316
12390
20190
12317
12391
20191
12318
12392
20192
12319
12393
20193
12320
12394
20194
12321
12395
20195
12322
12396
20196
12323
12397
20197
12324
12398
20198
12325
12399
20199
12326
12400
20200
12327
12401
20201
12328
12402
20202
12329
12403
20203
12330
12404
20204
12331
12405
20205
12332
12406
20206
12333
12407
20207
12334
12408
20208
12335
12409
20209
12336
12410
20210
12337
12411
20211
12338
12412
20212
12339
12413
20213
12340
12414
20214
12341
12415
20215
12342
12416
20216
12343
12417
20217
12344
12418
20218
12345
12419
20219
12346
12420
20220
12347
12421
20221
12348
12422
20222
12349
12423
20223
12350
12424
20224
12351
12425
20225
12352
12426
20226
12353
12427
20227
12354
12428
20228
12355
12429
20229
12356
12430
20230
12357
12431
20231
12358
12432
20232
12359
12433
20233
12360
12434
20234
12361
12435
20235
12362
12436
20236
12363
12437
20237
12364
12438
20238
12365
12439
20239
12366
12440
20240
12367
12441
20241
12368
12442
20242
12369
12443
20243
12370
12444
20244
12371
12445
20245
12372
12446
20246
12373
12447
20247
12374
12448
20248
12449
20249
12376
12450
20250
12377
12451
20251
12378
12452
20252
12379
12453
20253
12380
12454
20254
12381
12455
20255
12382
12456
20256
12383
12457
20257
12384
12458
20258
12385
12459
20259
12386
12460
20260
12387
12461
20261
12388
12462
20262
12389
12463
20263
12390
12464
20264
12391
12465
20265
12392
12466
20266
12393
12467
20267
12394
12468
20268
12395
12469
20269
12396
12470
20270
12397
12471
20271
12398
12472
20272
12399
12473
20273
12400
12474
20274
12401
12475
20275
12402
12476
20276
12403
12477
20277
12404
12478
20278
12405
12479
20279
12406
12480
20280
12407
12481
20281
12408
12482
20282
12409
12483
20283
12410
12484
20284
12411
12485
20285
12412
12486
20286
12413
12487
20287
12414
12488
20288
12415
12489
20289
12416
12490
20290
12417
12491
20291
12418
12492
20292
12419
12493
20293
12420
12494
20294
12421
12495
20295
12422
12496
20296
12423
12497
20297
12424
12498
20298
12425
12499
20299
12426
12500
20300
12427
12501
20301
12428
12502
20302
12429
12503
20303
12430
12504
20304
12431
12505
20305
12432
12506
20306
12433
12507
20307
12434
12508
20308
12435
12509
20309
12436
12510
20310
12437
12511
20311
12438
12512
20312
12439
12513
20313
12440
12514
20314
12441
12515
20315
12442
12516
20316
12443
12517
20317
12444
12518
20318
12445
12519
20319
12446
12520
20320
12447
12521
20321
12448
12522
20322
12449
12523
20323
12524
20324
12451
12525
20325
12452
12526
20326
12453
12527
20327
12454
12528
20328
12455
12529
20329
12456
12530
20330
12457
12531
20331
12458
12532
20332
12459
12533
20333
12460
12534
20334
12461
12535
20335
12462
12536
20336
12463
12537
20337
12464
12538
20338
12465
12539
20339
12466
12540
20340
12467
12541
20341
12468
12542
20342
12469
12543
20343
12470
12544
20344
12471
12545
20345
12472
12546
20346
12473
12547
20347
12474
12548
20348
12475
12549
20349
12476
12550
20350
12477
12551
20351
12478
12552
20352
12479
12553
20353
12480
12554
20354
12481
12555
20355
12482
12556
20356
12483
12557
20357
12484
12558
20358
12485
12559
20359
12486
12560
20360
12487
12561
20361
12488
12562
20362
12489
12563
20363
12490
12564
20364
12491
12565
20365
12492
12566
20366
12493
12567
20367
12494
12568
20368
12495
12569
20369
12496
12570
20370
12497
12571
20371
12498
12572
20372
12499
12573
20373
12500
12574
20374
12501
12575
20375
12502
12576
20376
12503
12577
20377
12504
12578
20378
12505
12579
20379
12506
12580
20380
12507
12581
20381
12508
12582
20382
12509
12583
20383
12510
12584
20384
12511
12585
20385
12512
12586
20386
12513
12587
20387
12514
12588
20388
12515
12589
20389
12516
12590
20390
12517
12591
20391
12518
12592
20392
12519
12593
20393
12520
12594
20394
12521
12595
20395
12522
12596
20396
12523
12597
20397
12524
12598
20398
12599
20399
12526
12600
20400
12527
12601
20401
12528
12602
20402
12529
12603
20403
12530
12604
20404
12531
12605
20405
12532
12606
20406
12533
12607
20407
12534
12608
20408
12535
12609
20409
12536
12610
20410
12537
12611
20411
12538
12612
20412
12539
12613
20413
12540
12614
20414
12541
12615
20415
12542
12616
20416
12543
12617
20417
12544
12618
20418
12545
12619
20419
12546
12620
20420
12547
12621
20421
12548
12622
20422
12549
12623
20423
12550
12624
20424
12551
12625
20425
12552
12626
20426
12553
12627
20427
12554
12628
20428
12555
12629
20429
12556
12630
20430
12557
12631
20431
12558
12632
20432
12559
12633
20433
12560
12634
20434
12561
12635
20435
12562
12636
20436
12563
12637
20437
12564
12638
20438
12565
12639
20439
12566
12640
20440
12567
12641
20441
12568
12642
20442
12569
12643
20443
12570
12644
20444
12571
12645
20445
12572
12646
20446
12573
12647
20447
12574
12648
20448
12575
12649
20449
12576
12650
20450
12577
12651
20451
12578
12652
20452
12579
12653
20453
12580
12654
20454
12581
12655
20455
12582
12656
20456
12583
12657
20457
12584
12658
20458
12585
12659
20459
12586
12660
20460
12587
12661
20461
12588
12662
20462
12589
12663
20463
12590
12664
20464
12591
12665
20465
12592
12666
20466
12593
12667
20467
12594
12668
20468
12595
12669
20469
12596
12670
20470
12597
12671
20471
12598
12672
20472
12599
12673
20473
12674
20474
12601
12675
20475
12602
12676
20476
12603
12677
20477
12604
12678
20478
12605
12679
20479
12606
12680
20480
12607
12681
20481
12608
12682
20482
12609
12683
20483
12610
12684
20484
12611
12685
20485
12612
12686
20486
12613
12687
20487
12614
12688
20488
12615
12689
20489
12616
12690
20490
12617
12691
20491
12618
12692
20492
12619
12693
20493
12620
12694
20494
12621
12695
20495
12622
12696
20496
12623
12697
20497
12624
12698
20498
12625
12699
20499
12626
12700
20500
12627
12701
20501
12628
12702
20502
12629
12703
20503
12630
12704
20504
12631
12705
20505
12632
12706
20506
12633
12707
20507
12634
12708
20508
12635
12709
20509
12636
12710
20510
12637
12711
20511
12638
12712
20512
12639
12713
20513
12640
12714
20514
12641
12715
20515
12642
12716
20516
12643
12717
20517
12644
12718
20518
12645
12719
20519
12646
12720
20520
12647
12721
20521
12648
12722
20522
12649
12723
20523
12650
12724
20524
12651
12725
20525
12652
12726
20526
12653
12727
20527
12654
12728
20528
12655
12729
20529
12656
12730
20530
12657
12731
20531
12658
12732
20532
12659
12733
20533
12660
12734
20534
12661
12735
20535
12662
12736
20536
12663
12737
20537
12664
12738
20538
12665
12739
20539
12666
12740
20540
12667
12741
20541
12668
12742
20542
12669
12743
20543
12670
12744
20544
12671
12745
20545
12672
12746
20546
12673
12747
20547
12674
12748
20548
12749
20549
12676
20550
12677
20551
12678
20552
12679
20553
12680
20554
12681
20555
12682
20556
12683
20557
12684
20558
12685
20559
12686
20560
12687
20561
12688
20562
12689
20563
12690
20564
12691
20565
12692
20566
12693
20567
12694
20568
12695
20569
12696
20570
12697
20571
12698
20572
12699
20573
12700
20574
12701
20575
12702
20576
12703
20577
12704
20578
12705
20579
12706
20580
12707
20581
12708
20582
12709
20583
12710
20584
12711
20585
12712
20586
12713
20587
12714
20588
12715
20589
12716
20590
12717
20591
12718
20592
12719
20593
12720
20594
12721
20595
12722
20596
12723
20597
12724
20598
12725
20599
12726
20600
12727
20601
12728
20602
12729
20603
12730
20604
12731
20605
12732
20606
12733
20607
12734
20608
12735
20609
12736
20610
12737
20611
12738
20612
12739
20613
12740
20614
12741
20615
12742
20616
12743
20617
12744
20618
12745
20619
12746
20620
12747
20621
12748
20622
12749
20623
20624
12751
12825
13050
12752
12826
13051
12753
12827
13052
12754
12828
13053
12755
12829
13054
12756
12830
13055
12757
12831
13056
12758
12832
13057
12759
12833
13058
12760
12834
13059
12761
12835
13060
12762
12836
13061
12763
12837
13062
12764
12838
13063
12765
12839
13064
12766
12840
13065
12767
12841
13066
12768
12842
13067
12769
12843
13068
12770
12844
13069
12771
12845
13070
12772
12846
13071
12773
12847
13072
12774
12848
13073
12775
12849
13074
12776
12850
13075
12777
12851
13076
12778
12852
13077
12779
12853
13078
12780
12854
13079
12781
12855
13080
12782
12856
13081
12783
12857
13082
12784
12858
13083
12785
12859
13084
12786
12860
13085
12787
12861
13086
12788
12862
13087
12789
12863
13088
12790
12864
13089
12791
12865
13090
12792
12866
13091
12793
12867
13092
12794
12868
13093
12795
12869
13094
12796
12870
13095
12797
12871
13096
12798
12872
13097
12799
12873
13098
12800
12874
13099
12801
12875
13100
12802
12876
13101
12803
12877
13102
12804
12878
13103
12805
12879
13104
12806
12880
13105
12807
12881
13106
12808
12882
13107
12809
12883
13108
12810
12884
13109
12811
12885
13110
12812
12886
13111
12813
12887
13112
12814
12888
13113
12815
12889
13114
12816
12890
13115
12817
12891
13116
12818
12892
13117
12819
12893
13118
12820
12894
13119
12821
12895
13120
12822
12896
13121
12823
12897
13122
12824
12898
13123
12899
13124
12826
12900
13125
12827
12901
13126
12828
12902
13127
12829
12903
13128
12830
12904
13129
12831
12905
13130
12832
12906
13131
12833
12907
13132
12834
12908
13133
12835
12909
13134
12836
12910
13135
12837
12911
13136
12838
12912
13137
12839
12913
13138
12840
12914
13139
12841
12915
13140
12842
12916
13141
12843
12917
13142
12844
12918
13143
12845
12919
13144
12846
12920
13145
12847
12921
13146
12848
12922
13147
12849
12923
13148
12850
12924
13149
12851
12925
13150
12852
12926
13151
12853
12927
13152
12854
12928
13153
12855
12929
13154
12856
12930
13155
12857
12931
13156
12858
12932
13157
12859
12933
13158
12860
12934
13159
12861
12935
13160
12862
12936
13161
12863
12937
13162
12864
12938
13163
12865
12939
13164
12866
12940
13165
12867
12941
13166
12868
12942
13167
12869
12943
13168
12870
12944
13169
12871
12945
13170
12872
12946
13171
12873
12947
13172
12874
12948
13173
12875
12949
13174
12876
12950
13175
12877
12951
13176
12878
12952
13177
12879
12953
13178
12880
12954
13179
12881
12955
13180
12882
12956
13181
12883
12957
13182
12884
12958
13183
12885
12959
13184
12886
12960
13185
12887
12961
13186
12888
12962
13187
12889
12963
13188
12890
12964
13189
12891
12965
13190
12892
12966
13191
12893
12967
13192
12894
12968
13193
12895
12969
13194
12896
12970
13195
12897
12971
13196
12898
12972
13197
12899
12973
13198
12974
13199
12901
12975
13200
12902
12976
13201
12903
12977
13202
12904
12978
13203
12905
12979
13204
12906
12980
13205
12907
12981
13206
12908
12982
13207
12909
12983
13208
12910
12984
13209
12911
12985
13210
12912
12986
13211
12913
12987
13212
12914
12988
13213
12915
12989
13214
12916
12990
13215
12917
12991
13216
12918
12992
13217
12919
12993
13218
12920
12994
13219
12921
12995
13220
12922
12996
13221
12923
12997
13222
12924
12998
13223
12925
12999
13224
12926
13000
13225
12927
13001
13226
12928
13002
13227
12929
13003
13228
12930
13004
13229
12931
13005
13230
12932
13006
13231
12933
13007
13232
12934
13008
13233
12935
13009
13234
12936
13010
13235
12937
13011
13236
12938
13012
13237
12939
13013
13238
12940
13014
13239
12941
13015
13240
12942
13016
13241
12943
13017
13242
12944
13018
13243
12945
13019
13244
12946
13020
13245
12947
13021
13246
12948
13022
13247
12949
13023
13248
12950
13024
13249
12951
13025
13250
12952
13026
13251
12953
13027
13252
12954
13028
13253
12955
13029
13254
12956
13030
13255
12957
13031
13256
12958
13032
13257
12959
13033
13258
12960
13034
13259
12961
13035
13260
12962
13036
13261
12963
13037
13262
12964
13038
13263
12965
13039
13264
12966
13040
13265
12967
13041
13266
12968
13042
13267
12969
13043
13268
12970
13044
13269
12971
13045
13270
12972
13046
13271
12973
13047
13272
12974
13048
13273
13049
13274
12976
13275
19650
12977
13276
19651
12978
13277
19652
12979
13278
19653
12980
13279
19654
12981
13280
19655
12982
13281
19656
12983
13282
19657
12984
13283
19658
12985
13284
19659
12986
13285
19660
12987
13286
19661
12988
13287
19662
12989
13288
19663
12990
13289
19664
12991
13290
19665
12992
13291
19666
12993
13292
19667
12994
13293
19668
12995
13294
19669
12996
13295
19670
12997
13296
19671
12998
13297
19672
12999
13298
19673
13000
13299
19674
13001
13300
19675
13002
13301
19676
13003
13302
19677
13004
13303
19678
13005
13304
19679
13006
13305
19680
13007
13306
19681
13008
13307
19682
13009
13308
19683
13010
13309
19684
13011
13310
19685
13012
13311
19686
13013
13312
19687
13014
13313
19688
13015
13314
19689
13016
13315
19690
13017
13316
19691
13018
13317
19692
13019
13318
19693
13020
13319
19694
13021
13320
19695
13022
13321
19696
13023
13322
19697
13024
13323
19698
13025
13324
19699
13026
13325
19700
13027
13326
19701
13028
13327
19702
13029
13328
19703
13030
13329
19704
13031
13330
19705
13032
13331
19706
13033
13332
19707
13034
13333
19708
13035
13334
19709
13036
13335
19710
13037
13336
19711
13038
13337
19712
13039
13338
19713
13040
13339
19714
13041
13340
19715
13042
13341
19716
13043
13342
19717
13044
13343
19718
13045
13344
19719
13046
13345
19720
13047
13346
19721
13048
13347
19722
13049
13348
19723
13349
19724
13051
13125
13350
13052
13126
13351
13053
13127
13352
13054
13128
13353
13055
13129
13354
13056
13130
13355
13057
13131
13356
13058
13132
13357
13059
13133
13358
13060
13134
13359
13061
13135
13360
13062
13136
13361
13063
13137
13362
13064
13138
13363
13065
13139
13364
13066
13140
13365
13067
13141
13366
13068
13142
13367
13069
13143
13368
13070
13144
13369
13071
13145
13370
13072
13146
13371
13073
13147
13372
13074
13148
13373
13075
13149
13374
13076
13150
13375
13077
13151
13376
13078
13152
13377
13079
13153
13378
13080
13154
13379
13081
13155
13380
13082
13156
13381
13083
13157
13382
13084
13158
13383
13085
13159
13384
13086
13160
13385
13087
13161
13386
13088
13162
13387
13089
13163
13388
13090
13164
13389
13091
13165
13390
13092
13166
13391
13093
13167
13392
13094
13168
13393
13095
13169
13394
13096
13170
13395
13097
13171
13396
13098
13172
13397
13099
13173
13398
13100
13174
13399
13101
13175
13400
13102
13176
13401
13103
13177
13402
13104
13178
13403
13105
13179
13404
13106
13180
13405
13107
13181
13406
13108
13182
13407
13109
13183
13408
13110
13184
13409
13111
13185
13410
13112
13186
13411
13113
13187
13412
13114
13188
13413
13115
13189
13414
13116
13190
13415
13117
13191
13416
13118
13192
13417
13119
13193
13418
13120
13194
13419
13121
13195
13420
13122
13196
13421
13123
13197
13422
13124
13198
13423
13199
13424
13126
13200
13425
13127
13201
13426
13128
13202
13427
13129
13203
13428
13130
13204
13429
13131
13205
13430
13132
13206
13431
13133
13207
13432
13134
13208
13433
13135
13209
13434
13136
13210
13435
13137
13211
13436
13138
13212
13437
13139
13213
13438
13140
13214
13439
13141
13215
13440
13142
13216
13441
13143
13217
13442
13144
13218
13443
13145
13219
13444
13146
13220
13445
13147
13221
13446
13148
13222
13447
13149
13223
13448
13150
13224
13449
13151
13225
13450
13152
13226
13451
13153
13227
13452
13154
13228
13453
13155
13229
13454
13156
13230
13455
13157
13231
13456
13158
13232
13457
13159
13233
13458
13160
13234
13459
13161
13235
13460
13162
13236
13461
13163
13237
13462
13164
13238
13463
13165
13239
13464
13166
13240
13465
13167
13241
13466
13168
13242
13467
13169
13243
13468
13170
13244
13469
13171
13245
13470
13172
13246
13471
13173
13247
13472
13174
13248
13473
13175
13249
13474
13176
13250
13475
13177
13251
13476
13178
13252
13477
13179
13253
13478
13180
13254
13479
13181
13255
13480
13182
13256
13481
13183
13257
13482
13184
13258
13483
13185
13259
13484
13186
13260
13485
13187
13261
13486
13188
13262
13487
13189
13263
13488
13190
13264
13489
13191
13265
13490
13192
13266
13491
13193
13267
13492
13194
13268
13493
13195
13269
13494
13196
13270
13495
13197
13271
13496
13198
13272
13497
13199
13273
13498
13274
13499
13201
13275
13500
13202
13276
13501
13203
13277
13502
13204
13278
13503
13205
13279
13504
13206
13280
13505
13207
13281
13506
13208
13282
13507
13209
13283
13508
13210
13284
13509
13211
13285
13510
13212
13286
13511
13213
13287
13512
13214
13288
13513
13215
13289
13514
13216
13290
13515
13217
13291
13516
13218
13292
13517
13219
13293
13518
13220
13294
13519
13221
13295
13520
13222
13296
13521
13223
13297
13522
13224
13298
13523
13225
13299
13524
13226
13300
13525
13227
13301
13526
13228
13302
13527
13229
13303
13528
13230
13304
13529
13231
13305
13530
13232
13306
13531
13233
13307
13532
13234
13308
13533
13235
13309
13534
13236
13310
13535
13237
13311
13536
13238
13312
13537
13239
13313
13538
13240
13314
13539
13241
13315
13540
13242
13316
13541
13243
13317
13542
13244
13318
13543
13245
13319
13544
13246
13320
13545
13247
13321
13546
13248
13322
13547
13249
13323
13548
13250
13324
13549
13251
13325
13550
13252
13326
13551
13253
13327
13552
13254
13328
13553
13255
13329
13554
13256
13330
13555
13257
13331
13556
13258
13332
13557
13259
13333
13558
13260
13334
13559
13261
13335
13560
13262
13336
13561
13263
13337
13562
13264
13338
13563
13265
13339
13564
13266
13340
13565
13267
13341
13566
13268
13342
13567
13269
13343
13568
13270
13344
13569
13271
13345
13570
13272
13346
13571
13273
13347
13572
13274
13348
13573
13349
13574
13276
13575
20625
13277
13576
20626
13278
13577
20627
13279
13578
20628
13280
13579
20629
13281
13580
20630
13282
13581
20631
13283
13582
20632
13284
13583
20633
13285
13584
20634
13286
13585
20635
13287
13586
20636
13288
13587
20637
13289
13588
20638
13290
13589
20639
13291
13590
20640
13292
13591
20641
13293
13592
20642
13294
13593
20643
13295
13594
20644
13296
13595
20645
13297
13596
20646
13298
13597
20647
13299
13598
20648
13300
13599
20649
13301
13600
20650
13302
13601
20651
13303
13602
20652
13304
13603
20653
13305
13604
20654
13306
13605
20655
13307
13606
20656
13308
13607
20657
13309
13608
20658
13310
13609
20659
13311
13610
20660
13312
13611
20661
13313
13612
20662
13314
13613
20663
13315
13614
20664
13316
13615
20665
13317
13616
20666
13318
13617
20667
13319
13618
20668
13320
13619
20669
13321
13620
20670
13322
13621
20671
13323
13622
20672
13324
13623
20673
13325
13624
20674
13326
13625
20675
13327
13626
20676
13328
13627
20677
13329
13628
20678
13330
13629
20679
13331
13630
20680
13332
13631
20681
13333
13632
20682
13334
13633
20683
13335
13634
20684
13336
13635
20685
13337
13636
20686
13338
13637
20687
13339
13638
20688
13340
13639
20689
13341
13640
20690
13342
13641
20691
13343
13642
20692
13344
13643
20693
13345
13644
20694
13346
13645
20695
13347
13646
20696
13348
13647
20697
13349
13648
20698
13649
20699
13351
13425
13650
13352
13426
13651
13353
13427
13652
13354
13428
13653
13355
13429
13654
13356
13430
13655
13357
13431
13656
13358
13432
13657
13359
13433
13658
13360
13434
13659
13361
13435
13660
13362
13436
13661
13363
13437
13662
13364
13438
13663
13365
13439
13664
13366
13440
13665
13367
13441
13666
13368
13442
13667
13369
13443
13668
13370
13444
13669
13371
13445
13670
13372
13446
13671
13373
13447
13672
13374
13448
13673
13375
13449
13674
13376
13450
13675
13377
13451
13676
13378
13452
13677
13379
13453
13678
13380
13454
13679
13381
13455
13680
13382
13456
13681
13383
13457
13682
13384
13458
13683
13385
13459
13684
13386
13460
13685
13387
13461
13686
13388
13462
13687
13389
13463
13688
13390
13464
13689
13391
13465
13690
13392
13466
13691
13393
13467
13692
13394
13468
13693
13395
13469
13694
13396
13470
13695
13397
13471
13696
13398
13472
13697
13399
13473
13698
13400
13474
13699
13401
13475
13700
13402
13476
13701
13403
13477
13702
13404
13478
13703
13405
13479
13704
13406
13480
13705
13407
13481
13706
13408
13482
13707
13409
13483
13708
13410
13484
13709
13411
13485
13710
13412
13486
13711
13413
13487
13712
13414
13488
13713
13415
13489
13714
13416
13490
13715
13417
13491
13716
13418
13492
13717
13419
13493
13718
13420
13494
13719
13421
13495
13720
13422
13496
13721
13423
13497
13722
13424
13498
13723
13499
13724
13426
13500
13725
13427
13501
13726
13428
13502
13727
13429
13503
13728
13430
13504
13729
13431
13505
13730
13432
13506
13731
13433
13507
13732
13434
13508
13733
13435
13509
13734
13436
13510
13735
13437
13511
13736
13438
13512
13737
13439
13513
13738
13440
13514
13739
13441
13515
13740
13442
13516
13741
13443
13517
13742
13444
13518
13743
13445
13519
13744
13446
13520
13745
13447
13521
13746
13448
13522
13747
13449
13523
13748
13450
13524
13749
13451
13525
13750
13452
13526
13751
13453
13527
13752
13454
13528
13753
13455
13529
13754
13456
13530
13755
13457
13531
13756
13458
13532
13757
13459
13533
13758
13460
13534
13759
13461
13535
13760
13462
13536
13761
13463
13537
13762
13464
13538
13763
13465
13539
13764
13466
13540
13765
13467
13541
13766
13468
13542
13767
13469
13543
13768
13470
13544
13769
13471
13545
13770
13472
13546
13771
13473
13547
13772
13474
13548
13773
13475
13549
13774
13476
13550
13775
13477
13551
13776
13478
13552
13777
13479
13553
13778
13480
13554
13779
13481
13555
13780
13482
13556
13781
13483
13557
13782
13484
13558
13783
13485
13559
13784
13486
13560
13785
13487
13561
13786
13488
13562
13787
13489
13563
13788
13490
13564
13789
13491
13565
13790
13492
13566
13791
13493
13567
13792
13494
13568
13793
13495
13569
13794
13496
13570
13795
13497
13571
13796
13498
13572
13797
13499
13573
13798
13574
13799
13501
13575
13800
13502
13576
13801
13503
13577
13802
13504
13578
13803
13505
13579
13804
13506
13580
13805
13507
13581
13806
13508
13582
13807
13509
13583
13808
13510
13584
13809
13511
13585
13810
13512
13586
13811
13513
13587
13812
13514
13588
13813
13515
13589
13814
13516
13590
13815
13517
13591
13816
13518
13592
13817
13519
13593
13818
13520
13594
13819
13521
13595
13820
13522
13596
13821
13523
13597
13822
13524
13598
13823
13525
13599
13824
13526
13600
13825
13527
13601
13826
13528
13602
13827
13529
13603
13828
13530
13604
13829
13531
13605
13830
13532
13606
13831
13533
13607
13832
13534
13608
13833
13535
13609
13834
13536
13610
13835
13537
13611
13836
13538
13612
13837
13539
13613
13838
13540
13614
13839
13541
13615
13840
13542
13616
13841
13543
13617
13842
13544
13618
13843
13545
13619
13844
13546
13620
13845
13547
13621
13846
13548
13622
13847
13549
13623
13848
13550
13624
13849
13551
13625
13850
13552
13626
13851
13553
13627
13852
13554
13628
13853
13555
13629
13854
13556
13630
13855
13557
13631
13856
13558
13632
13857
13559
13633
13858
13560
13634
13859
13561
13635
13860
13562
13636
13861
13563
13637
13862
13564
13638
13863
13565
13639
13864
13566
13640
13865
13567
13641
13866
13568
13642
13867
13569
13643
13868
13570
13644
13869
13571
13645
13870
13572
13646
13871
13573
13647
13872
13574
13648
13873
13649
13874
13576
13875
21600
13577
13876
21601
13578
13877
21602
13579
13878
21603
13580
13879
21604
13581
13880
21605
13582
13881
21606
13583
13882
21607
13584
13883
21608
13585
13884
21609
13586
13885
21610
13587
13886
21611
13588
13887
21612
13589
13888
21613
13590
13889
21614
13591
13890
21615
13592
13891
21616
13593
13892
21617
13594
13893
21618
13595
13894
21619
13596
13895
21620
13597
13896
21621
13598
13897
21622
13599
13898
21623
13600
13899
21624
13601
13900
21625
13602
13901
21626
13603
13902
21627
13604
13903
21628
13605
13904
21629
13606
13905
21630
13607
13906
21631
13608
13907
21632
13609
13908
21633
13610
13909
21634
13611
13910
21635
13612
13911
21636
13613
13912
21637
13614
13913
21638
13615
13914
21639
13616
13915
21640
13617
13916
21641
13618
13917
21642
13619
13918
21643
13620
13919
21644
13621
13920
21645
13622
13921
21646
13623
13922
21647
13624
13923
21648
13625
13924
21649
13626
13925
21650
13627
13926
21651
13628
13927
21652
13629
13928
21653
13630
13929
21654
13631
13930
21655
13632
13931
21656
13633
13932
21657
13634
13933
21658
13635
13934
21659
13636
13935
21660
13637
13936
21661
13638
13937
21662
13639
13938
21663
13640
13939
21664
13641
13940
21665
13642
13941
21666
13643
13942
21667
13644
13943
21668
13645
13944
21669
13646
13945
21670
13647
13946
21671
13648
13947
21672
13649
13948
21673
13949
21674
13651
13725
13950
13652
13726
13951
13653
13727
13952
13654
13728
13953
13655
13729
13954
13656
13730
13955
13657
13731
13956
13658
13732
13957
13659
13733
13958
13660
13734
13959
13661
13735
13960
13662
13736
13961
13663
13737
13962
13664
13738
13963
13665
13739
13964
13666
13740
13965
13667
13741
13966
13668
13742
13967
13669
13743
13968
13670
13744
13969
13671
13745
13970
13672
13746
13971
13673
13747
13972
13674
13748
13973
13675
13749
13974
13676
13750
13975
13677
13751
13976
13678
13752
13977
13679
13753
13978
13680
13754
13979
13681
13755
13980
13682
13756
13981
13683
13757
13982
13684
13758
13983
13685
13759
13984
13686
13760
13985
13687
13761
13986
13688
13762
13987
13689
13763
13988
13690
13764
13989
13691
13765
13990
13692
13766
13991
13693
13767
13992
13694
13768
13993
13695
13769
13994
13696
13770
13995
13697
13771
13996
13698
13772
13997
13699
13773
13998
13700
13774
13999
13701
13775
14000
13702
13776
14001
13703
13777
14002
13704
13778
14003
13705
13779
14004
13706
13780
14005
13707
13781
14006
13708
13782
14007
13709
13783
14008
13710
13784
14009
13711
13785
14010
13712
13786
14011
13713
13787
14012
13714
13788
14013
13715
13789
14014
13716
13790
14015
13717
13791
14016
13718
13792
14017
13719
13793
14018
13720
13794
14019
13721
13795
14020
13722
13796
14021
13723
13797
14022
13724
13798
14023
13799
14024
13726
13800
14025
13727
13801
14026
13728
13802
14027
13729
13803
14028
13730
13804
14029
13731
13805
14030
13732
13806
14031
13733
13807
14032
13734
13808
14033
13735
13809
14034
13736
13810
14035
13737
13811
14036
13738
13812
14037
13739
13813
14038
13740
13814
14039
13741
13815
14040
13742
13816
14041
13743
13817
14042
13744
13818
14043
13745
13819
14044
13746
13820
14045
13747
13821
14046
13748
13822
14047
13749
13823
14048
13750
13824
14049
13751
13825
14050
13752
13826
14051
13753
13827
14052
13754
13828
14053
13755
13829
14054
13756
13830
14055
13757
13831
14056
13758
13832
14057
13759
13833
14058
13760
13834
14059
13761
13835
14060
13762
13836
14061
13763
13837
14062
13764
13838
14063
13765
13839
14064
13766
13840
14065
13767
13841
14066
13768
13842
14067
13769
13843
14068
13770
13844
14069
13771
13845
14070
13772
13846
14071
13773
13847
14072
13774
13848
14073
13775
13849
14074
13776
13850
14075
13777
13851
14076
13778
13852
14077
13779
13853
14078
13780
13854
14079
13781
13855
14080
13782
13856
14081
13783
13857
14082
13784
13858
14083
13785
13859
14084
13786
13860
14085
13787
13861
14086
13788
13862
14087
13789
13863
14088
13790
13864
14089
13791
13865
14090
13792
13866
14091
13793
13867
14092
13794
13868
14093
13795
13869
14094
13796
13870
14095
13797
13871
14096
13798
13872
14097
13799
13873
14098
13874
14099
13801
13875
14100
13802
13876
14101
13803
13877
14102
13804
13878
14103
13805
13879
14104
13806
13880
14105
13807
13881
14106
13808
13882
14107
13809
13883
14108
13810
13884
14109
13811
13885
14110
13812
13886
14111
13813
13887
14112
13814
13888
14113
13815
13889
14114
13816
13890
14115
13817
13891
14116
13818
13892
14117
13819
13893
14118
13820
13894
14119
13821
13895
14120
13822
13896
14121
13823
13897
14122
13824
13898
14123
13825
13899
14124
13826
13900
14125
13827
13901
14126
13828
13902
14127
13829
13903
14128
13830
13904
14129
13831
13905
14130
13832
13906
14131
13833
13907
14132
13834
13908
14133
13835
13909
14134
13836
13910
14135
13837
13911
14136
13838
13912
14137
13839
13913
14138
13840
13914
14139
13841
13915
14140
13842
13916
14141
13843
13917
14142
13844
13918
14143
13845
13919
14144
13846
13920
14145
13847
13921
14146
13848
13922
14147
13849
13923
14148
13850
13924
14149
13851
13925
14150
13852
13926
14151
13853
13927
14152
13854
13928
14153
13855
13929
14154
13856
13930
14155
13857
13931
14156
13858
13932
14157
13859
13933
14158
13860
13934
14159
13861
13935
14160
13862
13936
14161
13863
13937
14162
13864
13938
14163
13865
13939
14164
13866
13940
14165
13867
13941
14166
13868
13942
14167
13869
13943
14168
13870
13944
14169
13871
13945
14170
13872
13946
14171
13873
13947
14172
13874
13948
14173
13949
14174
13876
14175
22575
13877
14176
22576
13878
14177
22577
13879
14178
22578
13880
14179
22579
13881
14180
22580
13882
14181
22581
13883
14182
22582
13884
14183
22583
13885
14184
22584
13886
14185
22585
13887
14186
22586
13888
14187
22587
13889
14188
22588
13890
14189
22589
13891
14190
22590
13892
14191
22591
13893
14192
22592
13894
14193
22593
13895
14194
22594
13896
14195
22595
13897
14196
22596
13898
14197
22597
13899
14198
22598
13900
14199
22599
13901
14200
22600
13902
14201
22601
13903
14202
22602
13904
14203
22603
13905
14204
22604
13906
14205
22605
13907
14206
22606
13908
14207
22607
13909
14208
22608
13910
14209
22609
13911
14210
22610
13912
14211
22611
13913
14212
22612
13914
14213
22613
13915
14214
22614
13916
14215
22615
13917
14216
22616
13918
14217
22617
13919
14218
22618
13920
14219
22619
13921
14220
22620
13922
14221
22621
13923
14222
22622
13924
14223
22623
13925
14224
22624
13926
14225
22625
13927
14226
22626
13928
14227
22627
13929
14228
22628
13930
14229
22629
13931
14230
22630
13932
14231
22631
13933
14232
22632
13934
14233
22633
13935
14234
22634
13936
14235
22635
13937
14236
22636
13938
14237
22637
13939
14238
22638
13940
14239
22639
13941
14240
22640
13942
14241
22641
13943
14242
22642
13944
14243
22643
13945
14244
22644
13946
14245
22645
13947
14246
22646
13948
14247
22647
13949
14248
22648
14249
22649
13951
14025
14250
13952
14026
14251
13953
14027
14252
13954
14028
14253
13955
14029
14254
13956
14030
14255
13957
14031
14256
13958
14032
14257
13959
14033
14258
13960
14034
14259
13961
14035
14260
13962
14036
14261
13963
14037
14262
13964
14038
14263
13965
14039
14264
13966
14040
14265
13967
14041
14266
13968
14042
14267
13969
14043
14268
13970
14044
14269
13971
14045
14270
13972
14046
14271
13973
14047
14272
13974
14048
14273
13975
14049
14274
13976
14050
14275
13977
14051
14276
13978
14052
14277
13979
14053
14278
13980
14054
14279
13981
14055
14280
13982
14056
14281
13983
14057
14282
13984
14058
14283
13985
14059
14284
13986
14060
14285
13987
14061
14286
13988
14062
14287
13989
14063
14288
13990
14064
14289
13991
14065
14290
13992
14066
14291
13993
14067
14292
13994
14068
14293
13995
14069
14294
13996
14070
14295
13997
14071
14296
13998
14072
14297
13999
14073
14298
14000
14074
14299
14001
14075
14300
14002
14076
14301
14003
14077
14302
14004
14078
14303
14005
14079
14304
14006
14080
14305
14007
14081
14306
14008
14082
14307
14009
14083
14308
14010
14084
14309
14011
14085
14310
14012
14086
14311
14013
14087
14312
14014
14088
14313
14015
14089
14314
14016
14090
14315
14017
14091
14316
14018
14092
14317
14019
14093
14318
14020
14094
14319
14021
14095
14320
14022
14096
14321
14023
14097
14322
14024
14098
14323
14099
14324
14026
14100
14325
14027
14101
14326
14028
14102
14327
14029
14103
14328
14030
14104
14329
14031
14105
14330
14032
14106
14331
14033
14107
14332
14034
14108
14333
14035
14109
14334
14036
14110
14335
14037
14111
14336
14038
14112
14337
14039
14113
14338
14040
14114
14339
14041
14115
14340
14042
14116
14341
14043
14117
14342
14044
14118
14343
14045
14119
14344
14046
14120
14345
14047
14121
14346
14048
14122
14347
14049
14123
14348
14050
14124
14349
14051
14125
14350
14052
14126
14351
14053
14127
14352
14054
14128
14353
14055
14129
14354
14056
14130
14355
14057
14131
14356
14058
14132
14357
14059
14133
14358
14060
14134
14359
14061
14135
14360
14062
14136
14361
14063
14137
14362
14064
14138
14363
14065
14139
14364
14066
14140
14365
14067
14141
14366
14068
14142
14367
14069
14143
14368
14070
14144
14369
14071
14145
14370
14072
14146
14371
14073
14147
14372
14074
14148
14373
14075
14149
14374
14076
14150
14375
14077
14151
14376
14078
14152
14377
14079
14153
14378
14080
14154
14379
14081
14155
14380
14082
14156
14381
14083
14157
14382
14084
14158
14383
14085
14159
14384
14086
14160
14385
14087
14161
14386
14088
14162
14387
14089
14163
14388
14090
14164
14389
14091
14165
14390
14092
14166
14391
14093
14167
14392
14094
14168
14393
14095
14169
14394
14096
14170
14395
14097
14171
14396
14098
14172
14397
14099
14173
14398
14174
14399
14101
14175
14400
14102
14176
14401
14103
14177
14402
14104
14178
14403
14105
14179
14404
14106
14180
14405
14107
14181
14406
14108
14182
14407
14109
14183
14408
14110
14184
14409
14111
14185
14410
14112
14186
14411
14113
14187
14412
14114
14188
14413
14115
14189
14414
14116
14190
14415
14117
14191
14416
14118
14192
14417
14119
14193
14418
14120
14194
14419
14121
14195
14420
14122
14196
14421
14123
14197
14422
14124
14198
14423
14125
14199
14424
14126
14200
14425
14127
14201
14426
14128
14202
14427
14129
14203
14428
14130
14204
14429
14131
14205
14430
14132
14206
14431
14133
14207
14432
14134
14208
14433
14135
14209
14434
14136
14210
14435
14137
14211
14436
14138
14212
14437
14139
14213
14438
14140
14214
14439
14141
14215
14440
14142
14216
14441
14143
14217
14442
14144
14218
14443
14145
14219
14444
14146
14220
14445
14147
14221
14446
14148
14222
14447
14149
14223
14448
14150
14224
14449
14151
14225
14450
14152
14226
14451
14153
14227
14452
14154
14228
14453
14155
14229
14454
14156
14230
14455
14157
14231
14456
14158
14232
14457
14159
14233
14458
14160
14234
14459
14161
14235
14460
14162
14236
14461
14163
14237
14462
14164
14238
14463
14165
14239
14464
14166
14240
14465
14167
14241
14466
14168
14242
14467
14169
14243
14468
14170
14244
14469
14171
14245
14470
14172
14246
14471
14173
14247
14472
14174
14248
14473
14249
14474
14176
14475
23550
14177
14476
23551
14178
14477
23552
14179
14478
23553
14180
14479
23554
14181
14480
23555
14182
14481
23556
14183
14482
23557
14184
14483
23558
14185
14484
23559
14186
14485
23560
14187
14486
23561
14188
14487
23562
14189
14488
23563
14190
14489
23564
14191
14490
23565
14192
14491
23566
14193
14492
23567
14194
14493
23568
14195
14494
23569
14196
14495
23570
14197
14496
23571
14198
14497
23572
14199
14498
23573
14200
14499
23574
14201
14500
23575
14202
14501
23576
14203
14502
23577
14204
14503
23578
14205
14504
23579
14206
14505
23580
14207
14506
23581
14208
14507
23582
14209
14508
23583
14210
14509
23584
14211
14510
23585
14212
14511
23586
14213
14512
23587
14214
14513
23588
14215
14514
23589
14216
14515
23590
14217
14516
23591
14218
14517
23592
14219
14518
23593
14220
14519
23594
14221
14520
23595
14222
14521
23596
14223
14522
23597
14224
14523
23598
14225
14524
23599
14226
14525
23600
14227
14526
23601
14228
14527
23602
14229
14528
23603
14230
14529
23604
14231
14530
23605
14232
14531
23606
14233
14532
23607
14234
14533
23608
14235
14534
23609
14236
14535
23610
14237
14536
23611
14238
14537
23612
14239
14538
23613
14240
14539
23614
14241
14540
23615
14242
14541
23616
14243
14542
23617
14244
14543
23618
14245
14544
23619
14246
14545
23620
14247
14546
23621
14248
14547
23622
14249
14548
23623
14549
23624
14251
14325
14550
14252
14326
14551
14253
14327
14552
14254
14328
14553
14255
14329
14554
14256
14330
14555
14257
14331
14556
14258
14332
14557
14259
14333
14558
14260
14334
14559
14261
14335
14560
14262
14336
14561
14263
14337
14562
14264
14338
14563
14265
14339
14564
14266
14340
14565
14267
14341
14566
14268
14342
14567
14269
14343
14568
14270
14344
14569
14271
14345
14570
14272
14346
14571
14273
14347
14572
14274
14348
14573
14275
14349
14574
14276
14350
14575
14277
14351
14576
14278
14352
14577
14279
14353
14578
14280
14354
14579
14281
14355
14580
14282
14356
14581
14283
14357
14582
14284
14358
14583
14285
14359
14584
14286
14360
14585
14287
14361
14586
14288
14362
14587
14289
14363
14588
14290
14364
14589
14291
14365
14590
14292
14366
14591
14293
14367
14592
14294
14368
14593
14295
14369
14594
14296
14370
14595
14297
14371
14596
14298
14372
14597
14299
14373
14598
14300
14374
14599
14301
14375
14600
14302
14376
14601
14303
14377
14602
14304
14378
14603
14305
14379
14604
14306
14380
14605
14307
14381
14606
14308
14382
14607
14309
14383
14608
14310
14384
14609
14311
14385
14610
14312
14386
14611
14313
14387
14612
14314
14388
14613
14315
14389
14614
14316
14390
14615
14317
14391
14616
14318
14392
14617
14319
14393
14618
14320
14394
14619
14321
14395
14620
14322
14396
14621
14323
14397
14622
14324
14398
14623
14399
14624
14326
14400
14625
14327
14401
14626
14328
14402
14627
14329
14403
14628
14330
14404
14629
14331
14405
14630
14332
14406
14631
14333
14407
14632
14334
14408
14633
14335
14409
14634
14336
14410
14635
14337
14411
14636
14338
14412
14637
14339
14413
14638
14340
14414
14639
14341
14415
14640
14342
14416
14641
14343
14417
14642
14344
14418
14643
14345
14419
14644
14346
14420
14645
14347
14421
14646
14348
14422
14647
14349
14423
14648
14350
14424
14649
14351
14425
14650
14352
14426
14651
14353
14427
14652
14354
14428
14653
14355
14429
14654
14356
14430
14655
14357
14431
14656
14358
14432
14657
14359
14433
14658
14360
14434
14659
14361
14435
14660
14362
14436
14661
14363
14437
14662
14364
14438
14663
14365
14439
14664
14366
14440
14665
14367
14441
14666
14368
14442
14667
14369
14443
14668
14370
14444
14669
14371
14445
14670
14372
14446
14671
14373
14447
14672
14374
14448
14673
14375
14449
14674
14376
14450
14675
14377
14451
14676
14378
14452
14677
14379
14453
14678
14380
14454
14679
14381
14455
14680
14382
14456
14681
14383
14457
14682
14384
14458
14683
14385
14459
14684
14386
14460
14685
14387
14461
14686
14388
14462
14687
14389
14463
14688
14390
14464
14689
14391
14465
14690
14392
14466
14691
14393
14467
14692
14394
14468
14693
14395
14469
14694
14396
14470
14695
14397
14471
14696
14398
14472
14697
14399
14473
14698
14474
14699
14401
14475
14700
14402
14476
14701
14403
14477
14702
14404
14478
14703
14405
14479
14704
14406
14480
14705
14407
14481
14706
14408
14482
14707
14409
14483
14708
14410
14484
14709
14411
14485
14710
14412
14486
14711
14413
14487
14712
14414
14488
14713
14415
14489
14714
14416
14490
14715
14417
14491
14716
14418
14492
14717
14419
14493
14718
14420
14494
14719
14421
14495
14720
14422
14496
14721
14423
14497
14722
14424
14498
14723
14425
14499
14724
14426
14500
14725
14427
14501
14726
14428
14502
14727
14429
14503
14728
14430
14504
14729
14431
14505
14730
14432
14506
14731
14433
14507
14732
14434
14508
14733
14435
14509
14734
14436
14510
14735
14437
14511
14736
14438
14512
14737
14439
14513
14738
14440
14514
14739
14441
14515
14740
14442
14516
14741
14443
14517
14742
14444
14518
14743
14445
14519
14744
14446
14520
14745
14447
14521
14746
14448
14522
14747
14449
14523
14748
14450
14524
14749
14451
14525
14750
14452
14526
14751
14453
14527
14752
14454
14528
14753
14455
14529
14754
14456
14530
14755
14457
14531
14756
14458
14532
14757
14459
14533
14758
14460
14534
14759
14461
14535
14760
14462
14536
14761
14463
14537
14762
14464
14538
14763
14465
14539
14764
14466
14540
14765
14467
14541
14766
14468
14542
14767
14469
14543
14768
14470
14544
14769
14471
14545
14770
14472
14546
14771
14473
14547
14772
14474
14548
14773
14549
14774
14476
14775
24525
14477
14776
24526
14478
14777
24527
14479
14778
24528
14480
14779
24529
14481
14780
24530
14482
14781
24531
14483
14782
24532
14484
14783
24533
14485
14784
24534
14486
14785
24535
14487
14786
24536
14488
14787
24537
14489
14788
24538
14490
14789
24539
14491
14790
24540
14492
14791
24541
14493
14792
24542
14494
14793
24543
14495
14794
24544
14496
14795
24545
14497
14796
24546
14498
14797
24547
14499
14798
24548
14500
14799
24549
14501
14800
24550
14502
14801
24551
14503
14802
24552
14504
14803
24553
14505
14804
24554
14506
14805
24555
14507
14806
24556
14508
14807
24557
14509
14808
24558
14510
14809
24559
14511
14810
24560
14512
14811
24561
14513
14812
24562
14514
14813
24563
14515
14814
24564
14516
14815
24565
14517
14816
24566
14518
14817
24567
14519
14818
24568
14520
14819
24569
14521
14820
24570
14522
14821
24571
14523
14822
24572
14524
14823
24573
14525
14824
24574
14526
14825
24575
14527
14826
24576
14528
14827
24577
14529
14828
24578
14530
14829
24579
14531
14830
24580
14532
14831
24581
14533
14832
24582
14534
14833
24583
14535
14834
24584
14536
14835
24585
14537
14836
24586
14538
14837
24587
14539
14838
24588
14540
14839
24589
14541
14840
24590
14542
14841
24591
14543
14842
24592
14544
14843
24593
14545
14844
24594
14546
14845
24595
14547
14846
24596
14548
14847
24597
14549
14848
24598
14849
24599
14551
14625
14850
14552
14626
14851
14553
14627
14852
14554
14628
14853
14555
14629
14854
14556
14630
14855
14557
14631
14856
14558
14632
14857
14559
14633
14858
14560
14634
14859
14561
14635
14860
14562
14636
14861
14563
14637
14862
14564
14638
14863
14565
14639
14864
14566
14640
14865
14567
14641
14866
14568
14642
14867
14569
14643
14868
14570
14644
14869
14571
14645
14870
14572
14646
14871
14573
14647
14872
14574
14648
14873
14575
14649
14874
14576
14650
14875
14577
14651
14876
14578
14652
14877
14579
14653
14878
14580
14654
14879
14581
14655
14880
14582
14656
14881
14583
14657
14882
14584
14658
14883
14585
14659
14884
14586
14660
14885
14587
14661
14886
14588
14662
14887
14589
14663
14888
14590
14664
14889
14591
14665
14890
14592
14666
14891
14593
14667
14892
14594
14668
14893
14595
14669
14894
14596
14670
14895
14597
14671
14896
14598
14672
14897
14599
14673
14898
14600
14674
14899
14601
14675
14900
14602
14676
14901
14603
14677
14902
14604
14678
14903
14605
14679
14904
14606
14680
14905
14607
14681
14906
14608
14682
14907
14609
14683
14908
14610
14684
14909
14611
14685
14910
14612
14686
14911
14613
14687
14912
14614
14688
14913
14615
14689
14914
14616
14690
14915
14617
14691
14916
14618
14692
14917
14619
14693
14918
14620
14694
14919
14621
14695
14920
14622
14696
14921
14623
14697
14922
14624
14698
14923
14699
14924
14626
14700
14925
14627
14701
14926
14628
14702
14927
14629
14703
14928
14630
14704
14929
14631
14705
14930
14632
14706
14931
14633
14707
14932
14634
14708
14933
14635
14709
14934
14636
14710
14935
14637
14711
14936
14638
14712
14937
14639
14713
14938
14640
14714
14939
14641
14715
14940
14642
14716
14941
14643
14717
14942
14644
14718
14943
14645
14719
14944
14646
14720
14945
14647
14721
14946
14648
14722
14947
14649
14723
14948
14650
14724
14949
14651
14725
14950
14652
14726
14951
14653
14727
14952
14654
14728
14953
14655
14729
14954
14656
14730
14955
14657
14731
14956
14658
14732
14957
14659
14733
14958
14660
14734
14959
14661
14735
14960
14662
14736
14961
14663
14737
14962
14664
14738
14963
14665
14739
14964
14666
14740
14965
14667
14741
14966
14668
14742
14967
14669
14743
14968
14670
14744
14969
14671
14745
14970
14672
14746
14971
14673
14747
14972
14674
14748
14973
14675
14749
14974
14676
14750
14975
14677
14751
14976
14678
14752
14977
14679
14753
14978
14680
14754
14979
14681
14755
14980
14682
14756
14981
14683
14757
14982
14684
14758
14983
14685
14759
14984
14686
14760
14985
14687
14761
14986
14688
14762
14987
14689
14763
14988
14690
14764
14989
14691
14765
14990
14692
14766
14991
14693
14767
14992
14694
14768
14993
14695
14769
14994
14696
14770
14995
14697
14771
14996
14698
14772
14997
14699
14773
14998
14774
14999
14701
14775
15000
14702
14776
15001
14703
14777
15002
14704
14778
15003
14705
14779
15004
14706
14780
15005
14707
14781
15006
14708
14782
15007
14709
14783
15008
14710
14784
15009
14711
14785
15010
14712
14786
15011
14713
14787
15012
14714
14788
15013
14715
14789
15014
14716
14790
15015
14717
14791
15016
14718
14792
15017
14719
14793
15018
14720
14794
15019
14721
14795
15020
14722
14796
15021
14723
14797
15022
14724
14798
15023
14725
14799
15024
14726
14800
15025
14727
14801
15026
14728
14802
15027
14729
14803
15028
14730
14804
15029
14731
14805
15030
14732
14806
15031
14733
14807
15032
14734
14808
15033
14735
14809
15034
14736
14810
15035
14737
14811
15036
14738
14812
15037
14739
14813
15038
14740
14814
15039
14741
14815
15040
14742
14816
15041
14743
14817
15042
14744
14818
15043
14745
14819
15044
14746
14820
15045
14747
14821
15046
14748
14822
15047
14749
14823
15048
14750
14824
15049
14751
14825
15050
14752
14826
15051
14753
14827
15052
14754
14828
15053
14755
14829
15054
14756
14830
15055
14757
14831
15056
14758
14832
15057
14759
14833
15058
14760
14834
15059
14761
14835
15060
14762
14836
15061
14763
14837
15062
14764
14838
15063
14765
14839
15064
14766
14840
15065
14767
14841
15066
14768
14842
15067
14769
14843
15068
14770
14844
15069
14771
14845
15070
14772
14846
15071
14773
14847
15072
14774
14848
15073
14849
15074
14776
15075
25500
14777
15076
25501
14778
15077
25502
14779
15078
25503
14780
15079
25504
14781
15080
25505
14782
15081
25506
14783
15082
25507
14784
15083
25508
14785
15084
25509
14786
15085
25510
14787
15086
25511
14788
15087
25512
14789
15088
25513
14790
15089
25514
14791
15090
25515
14792
15091
25516
14793
15092
25517
14794
15093
25518
14795
15094
25519
14796
15095
25520
14797
15096
25521
14798
15097
25522
14799
15098
25523
14800
15099
25524
14801
15100
25525
14802
15101
25526
14803
15102
25527
14804
15103
25528
14805
15104
25529
14806
15105
25530
14807
15106
25531
14808
15107
25532
14809
15108
25533
14810
15109
25534
14811
15110
25535
14812
15111
25536
14813
15112
25537
14814
15113
25538
14815
15114
25539
14816
15115
25540
14817
15116
25541
14818
15117
25542
14819
15118
25543
14820
15119
25544
14821
15120
25545
14822
15121
25546
14823
15122
25547
14824
15123
25548
14825
15124
25549
14826
15125
25550
14827
15126
25551
14828
15127
25552
14829
15128
25553
14830
15129
25554
14831
15130
25555
14832
15131
25556
14833
15132
25557
14834
15133
25558
14835
15134
25559
14836
15135
25560
14837
15136
25561
14838
15137
25562
14839
15138
25563
14840
15139
25564
14841
15140
25565
14842
15141
25566
14843
15142
25567
14844
15143
25568
14845
15144
25569
14846
15145
25570
14847
15146
25571
14848
15147
25572
14849
15148
25573
15149
25574
14851
14925
15150
14852
14926
15151
14853
14927
15152
14854
14928
15153
14855
14929
15154
14856
14930
15155
14857
14931
15156
14858
14932
15157
14859
14933
15158
14860
14934
15159
14861
14935
15160
14862
14936
15161
14863
14937
15162
14864
14938
15163
14865
14939
15164
14866
14940
15165
14867
14941
15166
14868
14942
15167
14869
14943
15168
14870
14944
15169
14871
14945
15170
14872
14946
15171
14873
14947
15172
14874
14948
15173
14875
14949
15174
14876
14950
15175
14877
14951
15176
14878
14952
15177
14879
14953
15178
14880
14954
15179
14881
14955
15180
14882
14956
15181
14883
14957
15182
14884
14958
15183
14885
14959
15184
14886
14960
15185
14887
14961
15186
14888
14962
15187
14889
14963
15188
14890
14964
15189
14891
14965
15190
14892
14966
15191
14893
14967
15192
14894
14968
15193
14895
14969
15194
14896
14970
15195
14897
14971
15196
14898
14972
15197
14899
14973
15198
14900
14974
15199
14901
14975
15200
14902
14976
15201
14903
14977
15202
14904
14978
15203
14905
14979
15204
14906
14980
15205
14907
14981
15206
14908
14982
15207
14909
14983
15208
14910
14984
15209
14911
14985
15210
14912
14986
15211
14913
14987
15212
14914
14988
15213
14915
14989
15214
14916
14990
15215
14917
14991
15216
14918
14992
15217
14919
14993
15218
14920
14994
15219
14921
14995
15220
14922
14996
15221
14923
14997
15222
14924
14998
15223
14999
15224
14926
15000
15225
14927
15001
15226
14928
15002
15227
14929
15003
15228
14930
15004
15229
14931
15005
15230
14932
15006
15231
14933
15007
15232
14934
15008
15233
14935
15009
15234
14936
15010
15235
14937
15011
15236
14938
15012
15237
14939
15013
15238
14940
15014
15239
14941
15015
15240
14942
15016
15241
14943
15017
15242
14944
15018
15243
14945
15019
15244
14946
15020
15245
14947
15021
15246
14948
15022
15247
14949
15023
15248
14950
15024
15249
14951
15025
15250
14952
15026
15251
14953
15027
15252
14954
15028
15253
14955
15029
15254
14956
15030
15255
14957
15031
15256
14958
15032
15257
14959
15033
15258
14960
15034
15259
14961
15035
15260
14962
15036
15261
14963
15037
15262
14964
15038
15263
14965
15039
15264
14966
15040
15265
14967
15041
15266
14968
15042
15267
14969
15043
15268
14970
15044
15269
14971
15045
15270
14972
15046
15271
14973
15047
15272
14974
15048
15273
14975
15049
15274
14976
15050
15275
14977
15051
15276
14978
15052
15277
14979
15053
15278
14980
15054
15279
14981
15055
15280
14982
15056
15281
14983
15057
15282
14984
15058
15283
14985
15059
15284
14986
15060
15285
14987
15061
15286
14988
15062
15287
14989
15063
15288
14990
15064
15289
14991
15065
15290
14992
15066
15291
14993
15067
15292
14994
15068
15293
14995
15069
15294
14996
15070
15295
14997
15071
15296
14998
15072
15297
14999
15073
15298
15074
15299
15001
15075
15300
15002
15076
15301
15003
15077
15302
15004
15078
15303
15005
15079
15304
15006
15080
15305
15007
15081
15306
15008
15082
15307
15009
15083
15308
15010
15084
15309
15011
15085
15310
15012
15086
15311
15013
15087
15312
15014
15088
15313
15015
15089
15314
15016
15090
15315
15017
15091
15316
15018
15092
15317
15019
15093
15318
15020
15094
15319
15021
15095
15320
15022
15096
15321
15023
15097
15322
15024
15098
15323
15025
15099
15324
15026
15100
15325
15027
15101
15326
15028
15102
15327
15029
15103
15328
15030
15104
15329
15031
15105
15330
15032
15106
15331
15033
15107
15332
15034
15108
15333
15035
15109
15334
15036
15110
15335
15037
15111
15336
15038
15112
15337
15039
15113
15338
15040
15114
15339
15041
15115
15340
15042
15116
15341
15043
15117
15342
15044
15118
15343
15045
15119
15344
15046
15120
15345
15047
15121
15346
15048
15122
15347
15049
15123
15348
15050
15124
15349
15051
15125
15350
15052
15126
15351
15053
15127
15352
15054
15128
15353
15055
15129
15354
15056
15130
15355
15057
15131
15356
15058
15132
15357
15059
15133
15358
15060
15134
15359
15061
15135
15360
15062
15136
15361
15063
15137
15362
15064
15138
15363
15065
15139
15364
15066
15140
15365
15067
15141
15366
15068
15142
15367
15069
15143
15368
15070
15144
15369
15071
15145
15370
15072
15146
15371
15073
15147
15372
15074
15148
15373
15149
15374
15076
15375
26475
15077
15376
26476
15078
15377
26477
15079
15378
26478
15080
15379
26479
15081
15380
26480
15082
15381
26481
15083
15382
26482
15084
15383
26483
15085
15384
26484
15086
15385
26485
15087
15386
26486
15088
15387
26487
15089
15388
26488
15090
15389
26489
15091
15390
26490
15092
15391
26491
15093
15392
26492
15094
15393
26493
15095
15394
26494
15096
15395
26495
15097
15396
26496
15098
15397
26497
15099
15398
26498
15100
15399
26499
15101
15400
26500
15102
15401
26501
15103
15402
26502
15104
15403
26503
15105
15404
26504
15106
15405
26505
15107
15406
26506
15108
15407
26507
15109
15408
26508
15110
15409
26509
15111
15410
26510
15112
15411
26511
15113
15412
26512
15114
15413
26513
15115
15414
26514
15116
15415
26515
15117
15416
26516
15118
15417
26517
15119
15418
26518
15120
15419
26519
15121
15420
26520
15122
15421
26521
15123
15422
26522
15124
15423
26523
15125
15424
26524
15126
15425
26525
15127
15426
26526
15128
15427
26527
15129
15428
26528
15130
15429
26529
15131
15430
26530
15132
15431
26531
15133
15432
26532
15134
15433
26533
15135
15434
26534
15136
15435
26535
15137
15436
26536
15138
15437
26537
15139
15438
26538
15140
15439
26539
15141
15440
26540
15142
15441
26541
15143
15442
26542
15144
15443
26543
15145
15444
26544
15146
15445
26545
15147
15446
26546
15148
15447
26547
15149
15448
26548
15449
26549
15151
15225
15450
15152
15226
15451
15153
15227
15452
15154
15228
15453
15155
15229
15454
15156
15230
15455
15157
15231
15456
15158
15232
15457
15159
15233
15458
15160
15234
15459
15161
15235
15460
15162
15236
15461
15163
15237
15462
15164
15238
15463
15165
15239
15464
15166
15240
15465
15167
15241
15466
15168
15242
15467
15169
15243
15468
15170
15244
15469
15171
15245
15470
15172
15246
15471
15173
15247
15472
15174
15248
15473
15175
15249
15474
15176
15250
15475
15177
15251
15476
15178
15252
15477
15179
15253
15478
15180
15254
15479
15181
15255
15480
15182
15256
15481
15183
15257
15482
15184
15258
15483
15185
15259
15484
15186
15260
15485
15187
15261
15486
15188
15262
15487
15189
15263
15488
15190
15264
15489
15191
15265
15490
15192
15266
15491
15193
15267
15492
15194
15268
15493
15195
15269
15494
15196
15270
15495
15197
15271
15496
15198
15272
15497
15199
15273
15498
15200
15274
15499
15201
15275
15500
15202
15276
15501
15203
15277
15502
15204
15278
15503
15205
15279
15504
15206
15280
15505
15207
15281
15506
15208
15282
15507
15209
15283
15508
15210
15284
15509
15211
15285
15510
15212
15286
15511
15213
15287
15512
15214
15288
15513
15215
15289
15514
15216
15290
15515
15217
15291
15516
15218
15292
15517
15219
15293
15518
15220
15294
15519
15221
15295
15520
15222
15296
15521
15223
15297
15522
15224
15298
15523
15299
15524
15226
15300
15525
15227
15301
15526
15228
15302
15527
15229
15303
15528
15230
15304
15529
15231
15305
15530
15232
15306
15531
15233
15307
15532
15234
15308
15533
15235
15309
15534
15236
15310
15535
15237
15311
15536
15238
15312
15537
15239
15313
15538
15240
15314
15539
15241
15315
15540
15242
15316
15541
15243
15317
15542
15244
15318
15543
15245
15319
15544
15246
15320
15545
15247
15321
15546
15248
15322
15547
15249
15323
15548
15250
15324
15549
15251
15325
15550
15252
15326
15551
15253
15327
15552
15254
15328
15553
15255
15329
15554
15256
15330
15555
15257
15331
15556
15258
15332
15557
15259
15333
15558
15260
15334
15559
15261
15335
15560
15262
15336
15561
15263
15337
15562
15264
15338
15563
15265
15339
15564
15266
15340
15565
15267
15341
15566
15268
15342
15567
15269
15343
15568
15270
15344
15569
15271
15345
15570
15272
15346
15571
15273
15347
15572
15274
15348
15573
15275
15349
15574
15276
15350
15575
15277
15351
15576
15278
15352
15577
15279
15353
15578
15280
15354
15579
15281
15355
15580
15282
15356
15581
15283
15357
15582
15284
15358
15583
15285
15359
15584
15286
15360
15585
15287
15361
15586
15288
15362
15587
15289
15363
15588
15290
15364
15589
15291
15365
15590
15292
15366
15591
15293
15367
15592
15294
15368
15593
15295
15369
15594
15296
15370
15595
15297
15371
15596
15298
15372
15597
15299
15373
15598
15374
15599
15301
15375
15600
15302
15376
15601
15303
15377
15602
15304
15378
15603
15305
15379
15604
15306
15380
15605
15307
15381
15606
15308
15382
15607
15309
15383
15608
15310
15384
15609
15311
15385
15610
15312
15386
15611
15313
15387
15612
15314
15388
15613
15315
15389
15614
15316
15390
15615
15317
15391
15616
15318
15392
15617
15319
15393
15618
15320
15394
15619
15321
15395
15620
15322
15396
15621
15323
15397
15622
15324
15398
15623
15325
15399
15624
15326
15400
15625
15327
15401
15626
15328
15402
15627
15329
15403
15628
15330
15404
15629
15331
15405
15630
15332
15406
15631
15333
15407
15632
15334
15408
15633
15335
15409
15634
15336
15410
15635
15337
15411
15636
15338
15412
15637
15339
15413
15638
15340
15414
15639
15341
15415
15640
15342
15416
15641
15343
15417
15642
15344
15418
15643
15345
15419
15644
15346
15420
15645
15347
15421
15646
15348
15422
15647
15349
15423
15648
15350
15424
15649
15351
15425
15650
15352
15426
15651
15353
15427
15652
15354
15428
15653
15355
15429
15654
15356
15430
15655
15357
15431
15656
15358
15432
15657
15359
15433
15658
15360
15434
15659
15361
15435
15660
15362
15436
15661
15363
15437
15662
15364
15438
15663
15365
15439
15664
15366
15440
15665
15367
15441
15666
15368
15442
15667
15369
15443
15668
15370
15444
15669
15371
15445
15670
15372
15446
15671
15373
15447
15672
15374
15448
15673
15449
15674
15376
15675
27450
15377
15676
27451
15378
15677
27452
15379
15678
27453
15380
15679
27454
15381
15680
27455
15382
15681
27456
15383
15682
27457
15384
15683
27458
15385
15684
27459
15386
15685
27460
15387
15686
27461
15388
15687
27462
15389
15688
27463
15390
15689
27464
15391
15690
27465
15392
15691
27466
15393
15692
27467
15394
15693
27468
15395
15694
27469
15396
15695
27470
15397
15696
27471
15398
15697
27472
15399
15698
27473
15400
15699
27474
15401
15700
27475
15402
15701
27476
15403
15702
27477
15404
15703
27478
15405
15704
27479
15406
15705
27480
15407
15706
27481
15408
15707
27482
15409
15708
27483
15410
15709
27484
15411
15710
27485
15412
15711
27486
15413
15712
27487
15414
15713
27488
15415
15714
27489
15416
15715
27490
15417
15716
27491
15418
15717
27492
15419
15718
27493
15420
15719
27494
15421
15720
27495
15422
15721
27496
15423
15722
27497
15424
15723
27498
15425
15724
27499
15426
15725
27500
15427
15726
27501
15428
15727
27502
15429
15728
27503
15430
15729
27504
15431
15730
27505
15432
15731
27506
15433
15732
27507
15434
15733
27508
15435
15734
27509
15436
15735
27510
15437
15736
27511
15438
15737
27512
15439
15738
27513
15440
15739
27514
15441
15740
27515
15442
15741
27516
15443
15742
27517
15444
15743
27518
15445
15744
27519
15446
15745
27520
15447
15746
27521
15448
15747
27522
15449
15748
27523
15749
27524
15451
15525
15750
15452
15526
15751
15453
15527
15752
15454
15528
15753
15455
15529
15754
15456
15530
15755
15457
15531
15756
15458
15532
15757
15459
15533
15758
15460
15534
15759
15461
15535
15760
15462
15536
15761
15463
15537
15762
15464
15538
15763
15465
15539
15764
15466
15540
15765
15467
15541
15766
15468
15542
15767
15469
15543
15768
15470
15544
15769
15471
15545
15770
15472
15546
15771
15473
15547
15772
15474
15548
15773
15475
15549
15774
15476
15550
15775
15477
15551
15776
15478
15552
15777
15479
15553
15778
15480
15554
15779
15481
15555
15780
15482
15556
15781
15483
15557
15782
15484
15558
15783
15485
15559
15784
15486
15560
15785
15487
15561
15786
15488
15562
15787
15489
15563
15788
15490
15564
15789
15491
15565
15790
15492
15566
15791
15493
15567
15792
15494
15568
15793
15495
15569
15794
15496
15570
15795
15497
15571
15796
15498
15572
15797
15499
15573
15798
15500
15574
15799
15501
15575
15800
15502
15576
15801
15503
15577
15802
15504
15578
15803
15505
15579
15804
15506
15580
15805
15507
15581
15806
15508
15582
15807
15509
15583
15808
15510
15584
15809
15511
15585
15810
15512
15586
15811
15513
15587
15812
15514
15588
15813
15515
15589
15814
15516
15590
15815
15517
15591
15816
15518
15592
15817
15519
15593
15818
15520
15594
15819
15521
15595
15820
15522
15596
15821
15523
15597
15822
15524
15598
15823
15599
15824
15526
15600
15825
15527
15601
15826
15528
15602
15827
15529
15603
15828
15530
15604
15829
15531
15605
15830
15532
15606
15831
15533
15607
15832
15534
15608
15833
15535
15609
15834
15536
15610
15835
15537
15611
15836
15538
15612
15837
15539
15613
15838
15540
15614
15839
15541
15615
15840
15542
15616
15841
15543
15617
15842
15544
15618
15843
15545
15619
15844
15546
15620
15845
15547
15621
15846
15548
15622
15847
15549
15623
15848
15550
15624
15849
15551
15625
15850
15552
15626
15851
15553
15627
15852
15554
15628
15853
15555
15629
15854
15556
15630
15855
15557
15631
15856
15558
15632
15857
15559
15633
15858
15560
15634
15859
15561
15635
15860
15562
15636
15861
15563
15637
15862
15564
15638
15863
15565
15639
15864
15566
15640
15865
15567
15641
15866
15568
15642
15867
15569
15643
15868
15570
15644
15869
15571
15645
15870
15572
15646
15871
15573
15647
15872
15574
15648
15873
15575
15649
15874
15576
15650
15875
15577
15651
15876
15578
15652
15877
15579
15653
15878
15580
15654
15879
15581
15655
15880
15582
15656
15881
15583
15657
15882
15584
15658
15883
15585
15659
15884
15586
15660
15885
15587
15661
15886
15588
15662
15887
15589
15663
15888
15590
15664
15889
15591
15665
15890
15592
15666
15891
15593
15667
15892
15594
15668
15893
15595
15669
15894
15596
15670
15895
15597
15671
15896
15598
15672
15897
15599
15673
15898
15674
15899
15601
15675
15900
15602
15676
15901
15603
15677
15902
15604
15678
15903
15605
15679
15904
15606
15680
15905
15607
15681
15906
15608
15682
15907
15609
15683
15908
15610
15684
15909
15611
15685
15910
15612
15686
15911
15613
15687
15912
15614
15688
15913
15615
15689
15914
15616
15690
15915
15617
15691
15916
15618
15692
15917
15619
15693
15918
15620
15694
15919
15621
15695
15920
15622
15696
15921
15623
15697
15922
15624
15698
15923
15625
15699
15924
15626
15700
15925
15627
15701
15926
15628
15702
15927
15629
15703
15928
15630
15704
15929
15631
15705
15930
15632
15706
15931
15633
15707
15932
15634
15708
15933
15635
15709
15934
15636
15710
15935
15637
15711
15936
15638
15712
15937
15639
15713
15938
15640
15714
15939
15641
15715
15940
15642
15716
15941
15643
15717
15942
15644
15718
15943
15645
15719
15944
15646
15720
15945
15647
15721
15946
15648
15722
15947
15649
15723
15948
15650
15724
15949
15651
15725
15950
15652
15726
15951
15653
15727
15952
15654
15728
15953
15655
15729
15954
15656
15730
15955
15657
15731
15956
15658
15732
15957
15659
15733
15958
15660
15734
15959
15661
15735
15960
15662
15736
15961
15663
15737
15962
15664
15738
15963
15665
15739
15964
15666
15740
15965
15667
15741
15966
15668
15742
15967
15669
15743
15968
15670
15744
15969
15671
15745
15970
15672
15746
15971
15673
15747
15972
15674
15748
15973
15749
15974
15676
15975
28425
15677
15976
28426
15678
15977
28427
15679
15978
28428
15680
15979
28429
15681
15980
28430
15682
15981
28431
15683
15982
28432
15684
15983
28433
15685
15984
28434
15686
15985
28435
15687
15986
28436
15688
15987
28437
15689
15988
28438
15690
15989
28439
15691
15990
28440
15692
15991
28441
15693
15992
28442
15694
15993
28443
15695
15994
28444
15696
15995
28445
15697
15996
28446
15698
15997
28447
15699
15998
28448
15700
15999
28449
15701
16000
28450
15702
16001
28451
15703
16002
28452
15704
16003
28453
15705
16004
28454
15706
16005
28455
15707
16006
28456
15708
16007
28457
15709
16008
28458
15710
16009
28459
15711
16010
28460
15712
16011
28461
15713
16012
28462
15714
16013
28463
15715
16014
28464
15716
16015
28465
15717
16016
28466
15718
16017
28467
15719
16018
28468
15720
16019
28469
15721
16020
28470
15722
16021
28471
15723
16022
28472
15724
16023
28473
15725
16024
28474
15726
16025
28475
15727
16026
28476
15728
16027
28477
15729
16028
28478
15730
16029
28479
15731
16030
28480
15732
16031
28481
15733
16032
28482
15734
16033
28483
15735
16034
28484
15736
16035
28485
15737
16036
28486
15738
16037
28487
15739
16038
28488
15740
16039
28489
15741
16040
28490
15742
16041
28491
15743
16042
28492
15744
16043
28493
15745
16044
28494
15746
16045
28495
15747
16046
28496
15748
16047
28497
15749
16048
28498
16049
28499
15751
15825
16050
15752
15826
16051
15753
15827
16052
15754
15828
16053
15755
15829
16054
15756
15830
16055
15757
15831
16056
15758
15832
16057
15759
15833
16058
15760
15834
16059
15761
15835
16060
15762
15836
16061
15763
15837
16062
15764
15838
16063
15765
15839
16064
15766
15840
16065
15767
15841
16066
15768
15842
16067
15769
15843
16068
15770
15844
16069
15771
15845
16070
15772
15846
16071
15773
15847
16072
15774
15848
16073
15775
15849
16074
15776
15850
16075
15777
15851
16076
15778
15852
16077
15779
15853
16078
15780
15854
16079
15781
15855
16080
15782
15856
16081
15783
15857
16082
15784
15858
16083
15785
15859
16084
15786
15860
16085
15787
15861
16086
15788
15862
16087
15789
15863
16088
15790
15864
16089
15791
15865
16090
15792
15866
16091
15793
15867
16092
15794
15868
16093
15795
15869
16094
15796
15870
16095
15797
15871
16096
15798
15872
16097
15799
15873
16098
15800
15874
16099
15801
15875
16100
15802
15876
16101
15803
15877
16102
15804
15878
16103
15805
15879
16104
15806
15880
16105
15807
15881
16106
15808
15882
16107
15809
15883
16108
15810
15884
16109
15811
15885
16110
15812
15886
16111
15813
15887
16112
15814
15888
16113
15815
15889
16114
15816
15890
16115
15817
15891
16116
15818
15892
16117
15819
15893
16118
15820
15894
16119
15821
15895
16120
15822
15896
16121
15823
15897
16122
15824
15898
16123
15899
16124
15826
15900
16125
15827
15901
16126
15828
15902
16127
15829
15903
16128
15830
15904
16129
15831
15905
16130
15832
15906
16131
15833
15907
16132
15834
15908
16133
15835
15909
16134
15836
15910
16135
15837
15911
16136
15838
15912
16137
15839
15913
16138
15840
15914
16139
15841
15915
16140
15842
15916
16141
15843
15917
16142
15844
15918
16143
15845
15919
16144
15846
15920
16145
15847
15921
16146
15848
15922
16147
15849
15923
16148
15850
15924
16149
15851
15925
16150
15852
15926
16151
15853
15927
16152
15854
15928
16153
15855
15929
16154
15856
15930
16155
15857
15931
16156
15858
15932
16157
15859
15933
16158
15860
15934
16159
15861
15935
16160
15862
15936
16161
15863
15937
16162
15864
15938
16163
15865
15939
16164
15866
15940
16165
15867
15941
16166
15868
15942
16167
15869
15943
16168
15870
15944
16169
15871
15945
16170
15872
15946
16171
15873
15947
16172
15874
15948
16173
15875
15949
16174
15876
15950
16175
15877
15951
16176
15878
15952
16177
15879
15953
16178
15880
15954
16179
15881
15955
16180
15882
15956
16181
15883
15957
16182
15884
15958
16183
15885
15959
16184
15886
15960
16185
15887
15961
16186
15888
15962
16187
15889
15963
16188
15890
15964
16189
15891
15965
16190
15892
15966
16191
15893
15967
16192
15894
15968
16193
15895
15969
16194
15896
15970
16195
15897
15971
16196
15898
15972
16197
15899
15973
16198
15974
16199
15901
15975
16200
15902
15976
16201
15903
15977
16202
15904
15978
16203
15905
15979
16204
15906
15980
16205
15907
15981
16206
15908
15982
16207
15909
15983
16208
15910
15984
16209
15911
15985
16210
15912
15986
16211
15913
15987
16212
15914
15988
16213
15915
15989
16214
15916
15990
16215
15917
15991
16216
15918
15992
16217
15919
15993
16218
15920
15994
16219
15921
15995
16220
15922
15996
16221
15923
15997
16222
15924
15998
16223
15925
15999
16224
15926
16000
16225
15927
16001
16226
15928
16002
16227
15929
16003
16228
15930
16004
16229
15931
16005
16230
15932
16006
16231
15933
16007
16232
15934
16008
16233
15935
16009
16234
15936
16010
16235
15937
16011
16236
15938
16012
16237
15939
16013
16238
15940
16014
16239
15941
16015
16240
15942
16016
16241
15943
16017
16242
15944
16018
16243
15945
16019
16244
15946
16020
16245
15947
16021
16246
15948
16022
16247
15949
16023
16248
15950
16024
16249
15951
16025
16250
15952
16026
16251
15953
16027
16252
15954
16028
16253
15955
16029
16254
15956
16030
16255
15957
16031
16256
15958
16032
16257
15959
16033
16258
15960
16034
16259
15961
16035
16260
15962
16036
16261
15963
16037
16262
15964
16038
16263
15965
16039
16264
15966
16040
16265
15967
16041
16266
15968
16042
16267
15969
16043
16268
15970
16044
16269
15971
16045
16270
15972
16046
16271
15973
16047
16272
15974
16048
16273
16049
16274
15976
16275
29400
15977
16276
29401
15978
16277
29402
15979
16278
29403
15980
16279
29404
15981
16280
29405
15982
16281
29406
15983
16282
29407
15984
16283
29408
15985
16284
29409
15986
16285
29410
15987
16286
29411
15988
16287
29412
15989
16288
29413
15990
16289
29414
15991
16290
29415
15992
16291
29416
15993
16292
29417
15994
16293
29418
15995
16294
29419
15996
16295
29420
15997
16296
29421
15998
16297
29422
15999
16298
29423
16000
16299
29424
16001
16300
29425
16002
16301
29426
16003
16302
29427
16004
16303
29428
16005
16304
29429
16006
16305
29430
16007
16306
29431
16008
16307
29432
16009
16308
29433
16010
16309
29434
16011
16310
29435
16012
16311
29436
16013
16312
29437
16014
16313
29438
16015
16314
29439
16016
16315
29440
16017
16316
29441
16018
16317
29442
16019
16318
29443
16020
16319
29444
16021
16320
29445
16022
16321
29446
16023
16322
29447
16024
16323
29448
16025
16324
29449
16026
16325
29450
16027
16326
29451
16028
16327
29452
16029
16328
29453
16030
16329
29454
16031
16330
29455
16032
16331
29456
16033
16332
29457
16034
16333
29458
16035
16334
29459
16036
16335
29460
16037
16336
29461
16038
16337
29462
16039
16338
29463
16040
16339
29464
16041
16340
29465
16042
16341
29466
16043
16342
29467
16044
16343
29468
16045
16344
29469
16046
16345
29470
16047
16346
29471
16048
16347
29472
16049
16348
29473
16349
29474
16051
16125
16350
16052
16126
16351
16053
16127
16352
16054
16128
16353
16055
16129
16354
16056
16130
16355
16057
16131
16356
16058
16132
16357
16059
16133
16358
16060
16134
16359
16061
16135
16360
16062
16136
16361
16063
16137
16362
16064
16138
16363
16065
16139
16364
16066
16140
16365
16067
16141
16366
16068
16142
16367
16069
16143
16368
16070
16144
16369
16071
16145
16370
16072
16146
16371
16073
16147
16372
16074
16148
16373
16075
16149
16374
16076
16150
16375
16077
16151
16376
16078
16152
16377
16079
16153
16378
16080
16154
16379
16081
16155
16380
16082
16156
16381
16083
16157
16382
16084
16158
16383
16085
16159
16384
16086
16160
16385
16087
16161
16386
16088
16162
16387
16089
16163
16388
16090
16164
16389
16091
16165
16390
16092
16166
16391
16093
16167
16392
16094
16168
16393
16095
16169
16394
16096
16170
16395
16097
16171
16396
16098
16172
16397
16099
16173
16398
16100
16174
16399
16101
16175
16400
16102
16176
16401
16103
16177
16402
16104
16178
16403
16105
16179
16404
16106
16180
16405
16107
16181
16406
16108
16182
16407
16109
16183
16408
16110
16184
16409
16111
16185
16410
16112
16186
16411
16113
16187
16412
16114
16188
16413
16115
16189
16414
16116
16190
16415
16117
16191
16416
16118
16192
16417
16119
16193
16418
16120
16194
16419
16121
16195
16420
16122
16196
16421
16123
16197
16422
16124
16198
16423
16199
16424
16126
16200
16425
16127
16201
16426
16128
16202
16427
16129
16203
16428
16130
16204
16429
16131
16205
16430
16132
16206
16431
16133
16207
16432
16134
16208
16433
16135
16209
16434
16136
16210
16435
16137
16211
16436
16138
16212
16437
16139
16213
16438
16140
16214
16439
16141
16215
16440
16142
16216
16441
16143
16217
16442
16144
16218
16443
16145
16219
16444
16146
16220
16445
16147
16221
16446
16148
16222
16447
16149
16223
16448
16150
16224
16449
16151
16225
16450
16152
16226
16451
16153
16227
16452
16154
16228
16453
16155
16229
16454
16156
16230
16455
16157
16231
16456
16158
16232
16457
16159
16233
16458
16160
16234
16459
16161
16235
16460
16162
16236
16461
16163
16237
16462
16164
16238
16463
16165
16239
16464
16166
16240
16465
16167
16241
16466
16168
16242
16467
16169
16243
16468
16170
16244
16469
16171
16245
16470
16172
16246
16471
16173
16247
16472
16174
16248
16473
16175
16249
16474
16176
16250
16475
16177
16251
16476
16178
16252
16477
16179
16253
16478
16180
16254
16479
16181
16255
16480
16182
16256
16481
16183
16257
16482
16184
16258
16483
16185
16259
16484
16186
16260
16485
16187
16261
16486
16188
16262
16487
16189
16263
16488
16190
16264
16489
16191
16265
16490
16192
16266
16491
16193
16267
16492
16194
16268
16493
16195
16269
16494
16196
16270
16495
16197
16271
16496
16198
16272
16497
16199
16273
16498
16274
16499
16201
16275
16500
16202
16276
16501
16203
16277
16502
16204
16278
16503
16205
16279
16504
16206
16280
16505
16207
16281
16506
16208
16282
16507
16209
16283
16508
16210
16284
16509
16211
16285
16510
16212
16286
16511
16213
16287
16512
16214
16288
16513
16215
16289
16514
16216
16290
16515
16217
16291
16516
16218
16292
16517
16219
16293
16518
16220
16294
16519
16221
16295
16520
16222
16296
16521
16223
16297
16522
16224
16298
16523
16225
16299
16524
16226
16300
16525
16227
16301
16526
16228
16302
16527
16229
16303
16528
16230
16304
16529
16231
16305
16530
16232
16306
16531
16233
16307
16532
16234
16308
16533
16235
16309
16534
16236
16310
16535
16237
16311
16536
16238
16312
16537
16239
16313
16538
16240
16314
16539
16241
16315
16540
16242
16316
16541
16243
16317
16542
16244
16318
16543
16245
16319
16544
16246
16320
16545
16247
16321
16546
16248
16322
16547
16249
16323
16548
16250
16324
16549
16251
16325
16550
16252
16326
16551
16253
16327
16552
16254
16328
16553
16255
16329
16554
16256
16330
16555
16257
16331
16556
16258
16332
16557
16259
16333
16558
16260
16334
16559
16261
16335
16560
16262
16336
16561
16263
16337
16562
16264
16338
16563
16265
16339
16564
16266
16340
16565
16267
16341
16566
16268
16342
16567
16269
16343
16568
16270
16344
16569
16271
16345
16570
16272
16346
16571
16273
16347
16572
16274
16348
16573
16349
16574
16276
16575
30375
16277
16576
30376
16278
16577
30377
16279
16578
30378
16280
16579
30379
16281
16580
30380
16282
16581
30381
16283
16582
30382
16284
16583
30383
16285
16584
30384
16286
16585
30385
16287
16586
30386
16288
16587
30387
16289
16588
30388
16290
16589
30389
16291
16590
30390
16292
16591
30391
16293
16592
30392
16294
16593
30393
16295
16594
30394
16296
16595
30395
16297
16596
30396
16298
16597
30397
16299
16598
30398
16300
16599
30399
16301
16600
30400
16302
16601
30401
16303
16602
30402
16304
16603
30403
16305
16604
30404
16306
16605
30405
16307
16606
30406
16308
16607
30407
16309
16608
30408
16310
16609
30409
16311
16610
30410
16312
16611
30411
16313
16612
30412
16314
16613
30413
16315
16614
30414
16316
16615
30415
16317
16616
30416
16318
16617
30417
16319
16618
30418
16320
16619
30419
16321
16620
30420
16322
16621
30421
16323
16622
30422
16324
16623
30423
16325
16624
30424
16326
16625
30425
16327
16626
30426
16328
16627
30427
16329
16628
30428
16330
16629
30429
16331
16630
30430
16332
16631
30431
16333
16632
30432
16334
16633
30433
16335
16634
30434
16336
16635
30435
16337
16636
30436
16338
16637
30437
16339
16638
30438
16340
16639
30439
16341
16640
30440
16342
16641
30441
16343
16642
30442
16344
16643
30443
16345
16644
30444
16346
16645
30445
16347
16646
30446
16348
16647
30447
16349
16648
30448
16649
30449
16351
16425
16650
16352
16426
16651
16353
16427
16652
16354
16428
16653
16355
16429
16654
16356
16430
16655
16357
16431
16656
16358
16432
16657
16359
16433
16658
16360
16434
16659
16361
16435
16660
16362
16436
16661
16363
16437
16662
16364
16438
16663
16365
16439
16664
16366
16440
16665
16367
16441
16666
16368
16442
16667
16369
16443
16668
16370
16444
16669
16371
16445
16670
16372
16446
16671
16373
16447
16672
16374
16448
16673
16375
16449
16674
16376
16450
16675
16377
16451
16676
16378
16452
16677
16379
16453
16678
16380
16454
16679
16381
16455
16680
16382
16456
16681
16383
16457
16682
16384
16458
16683
16385
16459
16684
16386
16460
16685
16387
16461
16686
16388
16462
16687
16389
16463
16688
16390
16464
16689
16391
16465
16690
16392
16466
16691
16393
16467
16692
16394
16468
16693
16395
16469
16694
16396
16470
16695
16397
16471
16696
16398
16472
16697
16399
16473
16698
16400
16474
16699
16401
16475
16700
16402
16476
16701
16403
16477
16702
16404
16478
16703
16405
16479
16704
16406
16480
16705
16407
16481
16706
16408
16482
16707
16409
16483
16708
16410
16484
16709
16411
16485
16710
16412
16486
16711
16413
16487
16712
16414
16488
16713
16415
16489
16714
16416
16490
16715
16417
16491
16716
16418
16492
16717
16419
16493
16718
16420
16494
16719
16421
16495
16720
16422
16496
16721
16423
16497
16722
16424
16498
16723
16499
16724
16426
16500
16725
16427
16501
16726
16428
16502
16727
16429
16503
16728
16430
16504
16729
16431
16505
16730
16432
16506
16731
16433
16507
16732
16434
16508
16733
16435
16509
16734
16436
16510
16735
16437
16511
16736
16438
16512
16737
16439
16513
16738
16440
16514
16739
16441
16515
16740
16442
16516
16741
16443
16517
16742
16444
16518
16743
16445
16519
16744
16446
16520
16745
16447
16521
16746
16448
16522
16747
16449
16523
16748
16450
16524
16749
16451
16525
16750
16452
16526
16751
16453
16527
16752
16454
16528
16753
16455
16529
16754
16456
16530
16755
16457
16531
16756
16458
16532
16757
16459
16533
16758
16460
16534
16759
16461
16535
16760
16462
16536
16761
16463
16537
16762
16464
16538
16763
16465
16539
16764
16466
16540
16765
16467
16541
16766
16468
16542
16767
16469
16543
16768
16470
16544
16769
16471
16545
16770
16472
16546
16771
16473
16547
16772
16474
16548
16773
16475
16549
16774
16476
16550
16775
16477
16551
16776
16478
16552
16777
16479
16553
16778
16480
16554
16779
16481
16555
16780
16482
16556
16781
16483
16557
16782
16484
16558
16783
16485
16559
16784
16486
16560
16785
16487
16561
16786
16488
16562
16787
16489
16563
16788
16490
16564
16789
16491
16565
16790
16492
16566
16791
16493
16567
16792
16494
16568
16793
16495
16569
16794
16496
16570
16795
16497
16571
16796
16498
16572
16797
16499
16573
16798
16574
16799
16501
16575
16800
16502
16576
16801
16503
16577
16802
16504
16578
16803
16505
16579
16804
16506
16580
16805
16507
16581
16806
16508
16582
16807
16509
16583
16808
16510
16584
16809
16511
16585
16810
16512
16586
16811
16513
16587
16812
16514
16588
16813
16515
16589
16814
16516
16590
16815
16517
16591
16816
16518
16592
16817
16519
16593
16818
16520
16594
16819
16521
16595
16820
16522
16596
16821
16523
16597
16822
16524
16598
16823
16525
16599
16824
16526
16600
16825
16527
16601
16826
16528
16602
16827
16529
16603
16828
16530
16604
16829
16531
16605
16830
16532
16606
16831
16533
16607
16832
16534
16608
16833
16535
16609
16834
16536
16610
16835
16537
16611
16836
16538
16612
16837
16539
16613
16838
16540
16614
16839
16541
16615
16840
16542
16616
16841
16543
16617
16842
16544
16618
16843
16545
16619
16844
16546
16620
16845
16547
16621
16846
16548
16622
16847
16549
16623
16848
16550
16624
16849
16551
16625
16850
16552
16626
16851
16553
16627
16852
16554
16628
16853
16555
16629
16854
16556
16630
16855
16557
16631
16856
16558
16632
16857
16559
16633
16858
16560
16634
16859
16561
16635
16860
16562
16636
16861
16563
16637
16862
16564
16638
16863
16565
16639
16864
16566
16640
16865
16567
16641
16866
16568
16642
16867
16569
16643
16868
16570
16644
16869
16571
16645
16870
16572
16646
16871
16573
16647
16872
16574
16648
16873
16649
16874
16576
16875
31350
16577
16876
31351
16578
16877
31352
16579
16878
31353
16580
16879
31354
16581
16880
31355
16582
16881
31356
16583
16882
31357
16584
16883
31358
16585
16884
31359
16586
16885
31360
16587
16886
31361
16588
16887
31362
16589
16888
31363
16590
16889
31364
16591
16890
31365
16592
16891
31366
16593
16892
31367
16594
16893
31368
16595
16894
31369
16596
16895
31370
16597
16896
31371
16598
16897
31372
16599
16898
31373
16600
16899
31374
16601
16900
31375
16602
16901
31376
16603
16902
31377
16604
16903
31378
16605
16904
31379
16606
16905
31380
16607
16906
31381
16608
16907
31382
16609
16908
31383
16610
16909
31384
16611
16910
31385
16612
16911
31386
16613
16912
31387
16614
16913
31388
16615
16914
31389
16616
16915
31390
16617
16916
31391
16618
16917
31392
16619
16918
31393
16620
16919
31394
16621
16920
31395
16622
16921
31396
16623
16922
31397
16624
16923
31398
16625
16924
31399
16626
16925
31400
16627
16926
31401
16628
16927
31402
16629
16928
31403
16630
16929
31404
16631
16930
31405
16632
16931
31406
16633
16932
31407
16634
16933
31408
16635
16934
31409
16636
16935
31410
16637
16936
31411
16638
16937
31412
16639
16938
31413
16640
16939
31414
16641
16940
31415
16642
16941
31416
16643
16942
31417
16644
16943
31418
16645
16944
31419
16646
16945
31420
16647
16946
31421
16648
16947
31422
16649
16948
31423
16949
31424
16651
16725
16950
16652
16726
16951
16653
16727
16952
16654
16728
16953
16655
16729
16954
16656
16730
16955
16657
16731
16956
16658
16732
16957
16659
16733
16958
16660
16734
16959
16661
16735
16960
16662
16736
16961
16663
16737
16962
16664
16738
16963
16665
16739
16964
16666
16740
16965
16667
16741
16966
16668
16742
16967
16669
16743
16968
16670
16744
16969
16671
16745
16970
16672
16746
16971
16673
16747
16972
16674
16748
16973
16675
16749
16974
16676
16750
16975
16677
16751
16976
16678
16752
16977
16679
16753
16978
16680
16754
16979
16681
16755
16980
16682
16756
16981
16683
16757
16982
16684
16758
16983
16685
16759
16984
16686
16760
16985
16687
16761
16986
16688
16762
16987
16689
16763
16988
16690
16764
16989
16691
16765
16990
16692
16766
16991
16693
16767
16992
16694
16768
16993
16695
16769
16994
16696
16770
16995
16697
16771
16996
16698
16772
16997
16699
16773
16998
16700
16774
16999
16701
16775
17000
16702
16776
17001
16703
16777
17002
16704
16778
17003
16705
16779
17004
16706
16780
17005
16707
16781
17006
16708
16782
17007
16709
16783
17008
16710
16784
17009
16711
16785
17010
16712
16786
17011
16713
16787
17012
16714
16788
17013
16715
16789
17014
16716
16790
17015
16717
16791
17016
16718
16792
17017
16719
16793
17018
16720
16794
17019
16721
16795
17020
16722
16796
17021
16723
16797
17022
16724
16798
17023
16799
17024
16726
16800
17025
16727
16801
17026
16728
16802
17027
16729
16803
17028
16730
16804
17029
16731
16805
17030
16732
16806
17031
16733
16807
17032
16734
16808
17033
16735
16809
17034
16736
16810
17035
16737
16811
17036
16738
16812
17037
16739
16813
17038
16740
16814
17039
16741
16815
17040
16742
16816
17041
16743
16817
17042
16744
16818
17043
16745
16819
17044
16746
16820
17045
16747
16821
17046
16748
16822
17047
16749
16823
17048
16750
16824
17049
16751
16825
17050
16752
16826
17051
16753
16827
17052
16754
16828
17053
16755
16829
17054
16756
16830
17055
16757
16831
17056
16758
16832
17057
16759
16833
17058
16760
16834
17059
16761
16835
17060
16762
16836
17061
16763
16837
17062
16764
16838
17063
16765
16839
17064
16766
16840
17065
16767
16841
17066
16768
16842
17067
16769
16843
17068
16770
16844
17069
16771
16845
17070
16772
16846
17071
16773
16847
17072
16774
16848
17073
16775
16849
17074
16776
16850
17075
16777
16851
17076
16778
16852
17077
16779
16853
17078
16780
16854
17079
16781
16855
17080
16782
16856
17081
16783
16857
17082
16784
16858
17083
16785
16859
17084
16786
16860
17085
16787
16861
17086
16788
16862
17087
16789
16863
17088
16790
16864
17089
16791
16865
17090
16792
16866
17091
16793
16867
17092
16794
16868
17093
16795
16869
17094
16796
16870
17095
16797
16871
17096
16798
16872
17097
16799
16873
17098
16874
17099
16801
16875
17100
16802
16876
17101
16803
16877
17102
16804
16878
17103
16805
16879
17104
16806
16880
17105
16807
16881
17106
16808
16882
17107
16809
16883
17108
16810
16884
17109
16811
16885
17110
16812
16886
17111
16813
16887
17112
16814
16888
17113
16815
16889
17114
16816
16890
17115
16817
16891
17116
16818
16892
17117
16819
16893
17118
16820
16894
17119
16821
16895
17120
16822
16896
17121
16823
16897
17122
16824
16898
17123
16825
16899
17124
16826
16900
17125
16827
16901
17126
16828
16902
17127
16829
16903
17128
16830
16904
17129
16831
16905
17130
16832
16906
17131
16833
16907
17132
16834
16908
17133
16835
16909
17134
16836
16910
17135
16837
16911
17136
16838
16912
17137
16839
16913
17138
16840
16914
17139
16841
16915
17140
16842
16916
17141
16843
16917
17142
16844
16918
17143
16845
16919
17144
16846
16920
17145
16847
16921
17146
16848
16922
17147
16849
16923
17148
16850
16924
17149
16851
16925
17150
16852
16926
17151
16853
16927
17152
16854
16928
17153
16855
16929
17154
16856
16930
17155
16857
16931
17156
16858
16932
17157
16859
16933
17158
16860
16934
17159
16861
16935
17160
16862
16936
17161
16863
16937
17162
16864
16938
17163
16865
16939
17164
16866
16940
17165
16867
16941
17166
16868
16942
17167
16869
16943
17168
16870
16944
17169
16871
16945
17170
16872
16946
17171
16873
16947
17172
16874
16948
17173
16949
17174
16876
17175
32325
16877
17176
32326
16878
17177
32327
16879
17178
32328
16880
17179
32329
16881
17180
32330
16882
17181
32331
16883
17182
32332
16884
17183
32333
16885
17184
32334
16886
17185
32335
16887
17186
32336
16888
17187
32337
16889
17188
32338
16890
17189
32339
16891
17190
32340
16892
17191
32341
16893
17192
32342
16894
17193
32343
16895
17194
32344
16896
17195
32345
16897
17196
32346
16898
17197
32347
16899
17198
32348
16900
17199
32349
16901
17200
32350
16902
17201
32351
16903
17202
32352
16904
17203
32353
16905
17204
32354
16906
17205
32355
16907
17206
32356
16908
17207
32357
16909
17208
32358
16910
17209
32359
16911
17210
32360
16912
17211
32361
16913
17212
32362
16914
17213
32363
16915
17214
32364
16916
17215
32365
16917
17216
32366
16918
17217
32367
16919
17218
32368
16920
17219
32369
16921
17220
32370
16922
17221
32371
16923
17222
32372
16924
17223
32373
16925
17224
32374
16926
17225
32375
16927
17226
32376
16928
17227
32377
16929
17228
32378
16930
17229
32379
16931
17230
32380
16932
17231
32381
16933
17232
32382
16934
17233
32383
16935
17234
32384
16936
17235
32385
16937
17236
32386
16938
17237
32387
16939
17238
32388
16940
17239
32389
16941
17240
32390
16942
17241
32391
16943
17242
32392
16944
17243
32393
16945
17244
32394
16946
17245
32395
16947
17246
32396
16948
17247
32397
16949
17248
32398
17249
32399
16951
17025
17250
16952
17026
17251
16953
17027
17252
16954
17028
17253
16955
17029
17254
16956
17030
17255
16957
17031
17256
16958
17032
17257
16959
17033
17258
16960
17034
17259
16961
17035
17260
16962
17036
17261
16963
17037
17262
16964
17038
17263
16965
17039
17264
16966
17040
17265
16967
17041
17266
16968
17042
17267
16969
17043
17268
16970
17044
17269
16971
17045
17270
16972
17046
17271
16973
17047
17272
16974
17048
17273
16975
17049
17274
16976
17050
17275
16977
17051
17276
16978
17052
17277
16979
17053
17278
16980
17054
17279
16981
17055
17280
16982
17056
17281
16983
17057
17282
16984
17058
17283
16985
17059
17284
16986
17060
17285
16987
17061
17286
16988
17062
17287
16989
17063
17288
16990
17064
17289
16991
17065
17290
16992
17066
17291
16993
17067
17292
16994
17068
17293
16995
17069
17294
16996
17070
17295
16997
17071
17296
16998
17072
17297
16999
17073
17298
17000
17074
17299
17001
17075
17300
17002
17076
17301
17003
17077
17302
17004
17078
17303
17005
17079
17304
17006
17080
17305
17007
17081
17306
17008
17082
17307
17009
17083
17308
17010
17084
17309
17011
17085
17310
17012
17086
17311
17013
17087
17312
17014
17088
17313
17015
17089
17314
17016
17090
17315
17017
17091
17316
17018
17092
17317
17019
17093
17318
17020
17094
17319
17021
17095
17320
17022
17096
17321
17023
17097
17322
17024
17098
17323
17099
17324
17026
17100
17325
17027
17101
17326
17028
17102
17327
17029
17103
17328
17030
17104
17329
17031
17105
17330
17032
17106
17331
17033
17107
17332
17034
17108
17333
17035
17109
17334
17036
17110
17335
17037
17111
17336
17038
17112
17337
17039
17113
17338
17040
17114
17339
17041
17115
17340
17042
17116
17341
17043
17117
17342
17044
17118
17343
17045
17119
17344
17046
17120
17345
17047
17121
17346
17048
17122
17347
17049
17123
17348
17050
17124
17349
17051
17125
17350
17052
17126
17351
17053
17127
17352
17054
17128
17353
17055
17129
17354
17056
17130
17355
17057
17131
17356
17058
17132
17357
17059
17133
17358
17060
17134
17359
17061
17135
17360
17062
17136
17361
17063
17137
17362
17064
17138
17363
17065
17139
17364
17066
17140
17365
17067
17141
17366
17068
17142
17367
17069
17143
17368
17070
17144
17369
17071
17145
17370
17072
17146
17371
17073
17147
17372
17074
17148
17373
17075
17149
17374
17076
17150
17375
17077
17151
17376
17078
17152
17377
17079
17153
17378
17080
17154
17379
17081
17155
17380
17082
17156
17381
17083
17157
17382
17084
17158
17383
17085
17159
17384
17086
17160
17385
17087
17161
17386
17088
17162
17387
17089
17163
17388
17090
17164
17389
17091
17165
17390
17092
17166
17391
17093
17167
17392
17094
17168
17393
17095
17169
17394
17096
17170
17395
17097
17171
17396
17098
17172
17397
17099
17173
17398
17174
17399
17101
17175
17400
17102
17176
17401
17103
17177
17402
17104
17178
17403
17105
17179
17404
17106
17180
17405
17107
17181
17406
17108
17182
17407
17109
17183
17408
17110
17184
17409
17111
17185
17410
17112
17186
17411
17113
17187
17412
17114
17188
17413
17115
17189
17414
17116
17190
17415
17117
17191
17416
17118
17192
17417
17119
17193
17418
17120
17194
17419
17121
17195
17420
17122
17196
17421
17123
17197
17422
17124
17198
17423
17125
17199
17424
17126
17200
17425
17127
17201
17426
17128
17202
17427
17129
17203
17428
17130
17204
17429
17131
17205
17430
17132
17206
17431
17133
17207
17432
17134
17208
17433
17135
17209
17434
17136
17210
17435
17137
17211
17436
17138
17212
17437
17139
17213
17438
17140
17214
17439
17141
17215
17440
17142
17216
17441
17143
17217
17442
17144
17218
17443
17145
17219
17444
17146
17220
17445
17147
17221
17446
17148
17222
17447
17149
17223
17448
17150
17224
17449
17151
17225
17450
17152
17226
17451
17153
17227
17452
17154
17228
17453
17155
17229
17454
17156
17230
17455
17157
17231
17456
17158
17232
17457
17159
17233
17458
17160
17234
17459
17161
17235
17460
17162
17236
17461
17163
17237
17462
17164
17238
17463
17165
17239
17464
17166
17240
17465
17167
17241
17466
17168
17242
17467
17169
17243
17468
17170
17244
17469
17171
17245
17470
17172
17246
17471
17173
17247
17472
17174
17248
17473
17249
17474
17176
17475
33300
17177
17476
33301
17178
17477
33302
17179
17478
33303
17180
17479
33304
17181
17480
33305
17182
17481
33306
17183
17482
33307
17184
17483
33308
17185
17484
33309
17186
17485
33310
17187
17486
33311
17188
17487
33312
17189
17488
33313
17190
17489
33314
17191
17490
33315
17192
17491
33316
17193
17492
33317
17194
17493
33318
17195
17494
33319
17196
17495
33320
17197
17496
33321
17198
17497
33322
17199
17498
33323
17200
17499
33324
17201
17500
33325
17202
17501
33326
17203
17502
33327
17204
17503
33328
17205
17504
33329
17206
17505
33330
17207
17506
33331
17208
17507
33332
17209
17508
33333
17210
17509
33334
17211
17510
33335
17212
17511
33336
17213
17512
33337
17214
17513
33338
17215
17514
33339
17216
17515
33340
17217
17516
33341
17218
17517
33342
17219
17518
33343
17220
17519
33344
17221
17520
33345
17222
17521
33346
17223
17522
33347
17224
17523
33348
17225
17524
33349
17226
17525
33350
17227
17526
33351
17228
17527
33352
17229
17528
33353
17230
17529
33354
17231
17530
33355
17232
17531
33356
17233
17532
33357
17234
17533
33358
17235
17534
33359
17236
17535
33360
17237
17536
33361
17238
17537
33362
17239
17538
33363
17240
17539
33364
17241
17540
33365
17242
17541
33366
17243
17542
33367
17244
17543
33368
17245
17544
33369
17246
17545
33370
17247
17546
33371
17248
17547
33372
17249
17548
33373
17549
33374
17251
17325
17550
17252
17326
17551
17253
17327
17552
17254
17328
17553
17255
17329
17554
17256
17330
17555
17257
17331
17556
17258
17332
17557
17259
17333
17558
17260
17334
17559
17261
17335
17560
17262
17336
17561
17263
17337
17562
17264
17338
17563
17265
17339
17564
17266
17340
17565
17267
17341
17566
17268
17342
17567
17269
17343
17568
17270
17344
17569
17271
17345
17570
17272
17346
17571
17273
17347
17572
17274
17348
17573
17275
17349
17574
17276
17350
17575
17277
17351
17576
17278
17352
17577
17279
17353
17578
17280
17354
17579
17281
17355
17580
17282
17356
17581
17283
17357
17582
17284
17358
17583
17285
17359
17584
17286
17360
17585
17287
17361
17586
17288
17362
17587
17289
17363
17588
17290
17364
17589
17291
17365
17590
17292
17366
17591
17293
17367
17592
17294
17368
17593
17295
17369
17594
17296
17370
17595
17297
17371
17596
17298
17372
17597
17299
17373
17598
17300
17374
17599
17301
17375
17600
17302
17376
17601
17303
17377
17602
17304
17378
17603
17305
17379
17604
17306
17380
17605
17307
17381
17606
17308
17382
17607
17309
17383
17608
17310
17384
17609
17311
17385
17610
17312
17386
17611
17313
17387
17612
17314
17388
17613
17315
17389
17614
17316
17390
17615
17317
17391
17616
17318
17392
17617
17319
17393
17618
17320
17394
17619
17321
17395
17620
17322
17396
17621
17323
17397
17622
17324
17398
17623
17399
17624
17326
17400
17625
17327
17401
17626
17328
17402
17627
17329
17403
17628
17330
17404
17629
17331
17405
17630
17332
17406
17631
17333
17407
17632
17334
17408
17633
17335
17409
17634
17336
17410
17635
17337
17411
17636
17338
17412
17637
17339
17413
17638
17340
17414
17639
17341
17415
17640
17342
17416
17641
17343
17417
17642
17344
17418
17643
17345
17419
17644
17346
17420
17645
17347
17421
17646
17348
17422
17647
17349
17423
17648
17350
17424
17649
17351
17425
17650
17352
17426
17651
17353
17427
17652
17354
17428
17653
17355
17429
17654
17356
17430
17655
17357
17431
17656
17358
17432
17657
17359
17433
17658
17360
17434
17659
17361
17435
17660
17362
17436
17661
17363
17437
17662
17364
17438
17663
17365
17439
17664
17366
17440
17665
17367
17441
17666
17368
17442
17667
17369
17443
17668
17370
17444
17669
17371
17445
17670
17372
17446
17671
17373
17447
17672
17374
17448
17673
17375
17449
17674
17376
17450
17675
17377
17451
17676
17378
17452
17677
17379
17453
17678
17380
17454
17679
17381
17455
17680
17382
17456
17681
17383
17457
17682
17384
17458
17683
17385
17459
17684
17386
17460
17685
17387
17461
17686
17388
17462
17687
17389
17463
17688
17390
17464
17689
17391
17465
17690
17392
17466
17691
17393
17467
17692
17394
17468
17693
17395
17469
17694
17396
17470
17695
17397
17471
17696
17398
17472
17697
17399
17473
17698
17474
17699
17401
17475
17700
17402
17476
17701
17403
17477
17702
17404
17478
17703
17405
17479
17704
17406
17480
17705
17407
17481
17706
17408
17482
17707
17409
17483
17708
17410
17484
17709
17411
17485
17710
17412
17486
17711
17413
17487
17712
17414
17488
17713
17415
17489
17714
17416
17490
17715
17417
17491
17716
17418
17492
17717
17419
17493
17718
17420
17494
17719
17421
17495
17720
17422
17496
17721
17423
17497
17722
17424
17498
17723
17425
17499
17724
17426
17500
17725
17427
17501
17726
17428
17502
17727
17429
17503
17728
17430
17504
17729
17431
17505
17730
17432
17506
17731
17433
17507
17732
17434
17508
17733
17435
17509
17734
17436
17510
17735
17437
17511
17736
17438
17512
17737
17439
17513
17738
17440
17514
17739
17441
17515
17740
17442
17516
17741
17443
17517
17742
17444
17518
17743
17445
17519
17744
17446
17520
17745
17447
17521
17746
17448
17522
17747
17449
17523
17748
17450
17524
17749
17451
17525
17750
17452
17526
17751
17453
17527
17752
17454
17528
17753
17455
17529
17754
17456
17530
17755
17457
17531
17756
17458
17532
17757
17459
17533
17758
17460
17534
17759
17461
17535
17760
17462
17536
17761
17463
17537
17762
17464
17538
17763
17465
17539
17764
17466
17540
17765
17467
17541
17766
17468
17542
17767
17469
17543
17768
17470
17544
17769
17471
17545
17770
17472
17546
17771
17473
17547
17772
17474
17548
17773
17549
17774
17476
17775
34275
17477
17776
34276
17478
17777
34277
17479
17778
34278
17480
17779
34279
17481
17780
34280
17482
17781
34281
17483
17782
34282
17484
17783
34283
17485
17784
34284
17486
17785
34285
17487
17786
34286
17488
17787
34287
17489
17788
34288
17490
17789
34289
17491
17790
34290
17492
17791
34291
17493
17792
34292
17494
17793
34293
17495
17794
34294
17496
17795
34295
17497
17796
34296
17498
17797
34297
17499
17798
34298
17500
17799
34299
17501
17800
34300
17502
17801
34301
17503
17802
34302
17504
17803
34303
17505
17804
34304
17506
17805
34305
17507
17806
34306
17508
17807
34307
17509
17808
34308
17510
17809
34309
17511
17810
34310
17512
17811
34311
17513
17812
34312
17514
17813
34313
17515
17814
34314
17516
17815
34315
17517
17816
34316
17518
17817
34317
17519
17818
34318
17520
17819
34319
17521
17820
34320
17522
17821
34321
17523
17822
34322
17524
17823
34323
17525
17824
34324
17526
17825
34325
17527
17826
34326
17528
17827
34327
17529
17828
34328
17530
17829
34329
17531
17830
34330
17532
17831
34331
17533
17832
34332
17534
17833
34333
17535
17834
34334
17536
17835
34335
17537
17836
34336
17538
17837
34337
17539
17838
34338
17540
17839
34339
17541
17840
34340
17542
17841
34341
17543
17842
34342
17544
17843
34343
17545
17844
34344
17546
17845
34345
17547
17846
34346
17548
17847
34347
17549
17848
34348
17849
34349
17551
17625
17850
17552
17626
17851
17553
17627
17852
17554
17628
17853
17555
17629
17854
17556
17630
17855
17557
17631
17856
17558
17632
17857
17559
17633
17858
17560
17634
17859
17561
17635
17860
17562
17636
17861
17563
17637
17862
17564
17638
17863
17565
17639
17864
17566
17640
17865
17567
17641
17866
17568
17642
17867
17569
17643
17868
17570
17644
17869
17571
17645
17870
17572
17646
17871
17573
17647
17872
17574
17648
17873
17575
17649
17874
17576
17650
17875
17577
17651
17876
17578
17652
17877
17579
17653
17878
17580
17654
17879
17581
17655
17880
17582
17656
17881
17583
17657
17882
17584
17658
17883
17585
17659
17884
17586
17660
17885
17587
17661
17886
17588
17662
17887
17589
17663
17888
17590
17664
17889
17591
17665
17890
17592
17666
17891
17593
17667
17892
17594
17668
17893
17595
17669
17894
17596
17670
17895
17597
17671
17896
17598
17672
17897
17599
17673
17898
17600
17674
17899
17601
17675
17900
17602
17676
17901
17603
17677
17902
17604
17678
17903
17605
17679
17904
17606
17680
17905
17607
17681
17906
17608
17682
17907
17609
17683
17908
17610
17684
17909
17611
17685
17910
17612
17686
17911
17613
17687
17912
17614
17688
17913
17615
17689
17914
17616
17690
17915
17617
17691
17916
17618
17692
17917
17619
17693
17918
17620
17694
17919
17621
17695
17920
17622
17696
17921
17623
17697
17922
17624
17698
17923
17699
17924
17626
17700
17925
17627
17701
17926
17628
17702
17927
17629
17703
17928
17630
17704
17929
17631
17705
17930
17632
17706
17931
17633
17707
17932
17634
17708
17933
17635
17709
17934
17636
17710
17935
17637
17711
17936
17638
17712
17937
17639
17713
17938
17640
17714
17939
17641
17715
17940
17642
17716
17941
17643
17717
17942
17644
17718
17943
17645
17719
17944
17646
17720
17945
17647
17721
17946
17648
17722
17947
17649
17723
17948
17650
17724
17949
17651
17725
17950
17652
17726
17951
17653
17727
17952
17654
17728
17953
17655
17729
17954
17656
17730
17955
17657
17731
17956
17658
17732
17957
17659
17733
17958
17660
17734
17959
17661
17735
17960
17662
17736
17961
17663
17737
17962
17664
17738
17963
17665
17739
17964
17666
17740
17965
17667
17741
17966
17668
17742
17967
17669
17743
17968
17670
17744
17969
17671
17745
17970
17672
17746
17971
17673
17747
17972
17674
17748
17973
17675
17749
17974
17676
17750
17975
17677
17751
17976
17678
17752
17977
17679
17753
17978
17680
17754
17979
17681
17755
17980
17682
17756
17981
17683
17757
17982
17684
17758
17983
17685
17759
17984
17686
17760
17985
17687
17761
17986
17688
17762
17987
17689
17763
17988
17690
17764
17989
17691
17765
17990
17692
17766
17991
17693
17767
17992
17694
17768
17993
17695
17769
17994
17696
17770
17995
17697
17771
17996
17698
17772
17997
17699
17773
17998
17774
17999
17701
17775
18000
17702
17776
18001
17703
17777
18002
17704
17778
18003
17705
17779
18004
17706
17780
18005
17707
17781
18006
17708
17782
18007
17709
17783
18008
17710
17784
18009
17711
17785
18010
17712
17786
18011
17713
17787
18012
17714
17788
18013
17715
17789
18014
17716
17790
18015
17717
17791
18016
17718
17792
18017
17719
17793
18018
17720
17794
18019
17721
17795
18020
17722
17796
18021
17723
17797
18022
17724
17798
18023
17725
17799
18024
17726
17800
18025
17727
17801
18026
17728
17802
18027
17729
17803
18028
17730
17804
18029
17731
17805
18030
17732
17806
18031
17733
17807
18032
17734
17808
18033
17735
17809
18034
17736
17810
18035
17737
17811
18036
17738
17812
18037
17739
17813
18038
17740
17814
18039
17741
17815
18040
17742
17816
18041
17743
17817
18042
17744
17818
18043
17745
17819
18044
17746
17820
18045
17747
17821
18046
17748
17822
18047
17749
17823
18048
17750
17824
18049
17751
17825
18050
17752
17826
18051
17753
17827
18052
17754
17828
18053
17755
17829
18054
17756
17830
18055
17757
17831
18056
17758
17832
18057
17759
17833
18058
17760
17834
18059
17761
17835
18060
17762
17836
18061
17763
17837
18062
17764
17838
18063
17765
17839
18064
17766
17840
18065
17767
17841
18066
17768
17842
18067
17769
17843
18068
17770
17844
18069
17771
17845
18070
17772
17846
18071
17773
17847
18072
17774
17848
18073
17849
18074
17776
18075
35250
17777
18076
35251
17778
18077
35252
17779
18078
35253
17780
18079
35254
17781
18080
35255
17782
18081
35256
17783
18082
35257
17784
18083
35258
17785
18084
35259
17786
18085
35260
17787
18086
35261
17788
18087
35262
17789
18088
35263
17790
18089
35264
17791
18090
35265
17792
18091
35266
17793
18092
35267
17794
18093
35268
17795
18094
35269
17796
18095
35270
17797
18096
35271
17798
18097
35272
17799
18098
35273
17800
18099
35274
17801
18100
35275
17802
18101
35276
17803
18102
35277
17804
18103
35278
17805
18104
35279
17806
18105
35280
17807
18106
35281
17808
18107
35282
17809
18108
35283
17810
18109
35284
17811
18110
35285
17812
18111
35286
17813
18112
35287
17814
18113
35288
17815
18114
35289
17816
18115
35290
17817
18116
35291
17818
18117
35292
17819
18118
35293
17820
18119
35294
17821
18120
35295
17822
18121
35296
17823
18122
35297
17824
18123
35298
17825
18124
35299
17826
18125
35300
17827
18126
35301
17828
18127
35302
17829
18128
35303
17830
18129
35304
17831
18130
35305
17832
18131
35306
17833
18132
35307
17834
18133
35308
17835
18134
35309
17836
18135
35310
17837
18136
35311
17838
18137
35312
17839
18138
35313
17840
18139
35314
17841
18140
35315
17842
18141
35316
17843
18142
35317
17844
18143
35318
17845
18144
35319
17846
18145
35320
17847
18146
35321
17848
18147
35322
17849
18148
35323
18149
35324
17851
17925
18150
17852
17926
18151
17853
17927
18152
17854
17928
18153
17855
17929
18154
17856
17930
18155
17857
17931
18156
17858
17932
18157
17859
17933
18158
17860
17934
18159
17861
17935
18160
17862
17936
18161
17863
17937
18162
17864
17938
18163
17865
17939
18164
17866
17940
18165
17867
17941
18166
17868
17942
18167
17869
17943
18168
17870
17944
18169
17871
17945
18170
17872
17946
18171
17873
17947
18172
17874
17948
18173
17875
17949
18174
17876
17950
18175
17877
17951
18176
17878
17952
18177
17879
17953
18178
17880
17954
18179
17881
17955
18180
17882
17956
18181
17883
17957
18182
17884
17958
18183
17885
17959
18184
17886
17960
18185
17887
17961
18186
17888
17962
18187
17889
17963
18188
17890
17964
18189
17891
17965
18190
17892
17966
18191
17893
17967
18192
17894
17968
18193
17895
17969
18194
17896
17970
18195
17897
17971
18196
17898
17972
18197
17899
17973
18198
17900
17974
18199
17901
17975
18200
17902
17976
18201
17903
17977
18202
17904
17978
18203
17905
17979
18204
17906
17980
18205
17907
17981
18206
17908
17982
18207
17909
17983
18208
17910
17984
18209
17911
17985
18210
17912
17986
18211
17913
17987
18212
17914
17988
18213
17915
17989
18214
17916
17990
18215
17917
17991
18216
17918
17992
18217
17919
17993
18218
17920
17994
18219
17921
17995
18220
17922
17996
18221
17923
17997
18222
17924
17998
18223
17999
18224
17926
18000
18225
17927
18001
18226
17928
18002
18227
17929
18003
18228
17930
18004
18229
17931
18005
18230
17932
18006
18231
17933
18007
18232
17934
18008
18233
17935
18009
18234
17936
18010
18235
17937
18011
18236
17938
18012
18237
17939
18013
18238
17940
18014
18239
17941
18015
18240
17942
18016
18241
17943
18017
18242
17944
18018
18243
17945
18019
18244
17946
18020
18245
17947
18021
18246
17948
18022
18247
17949
18023
18248
17950
18024
18249
17951
18025
18250
17952
18026
18251
17953
18027
18252
17954
18028
18253
17955
18029
18254
17956
18030
18255
17957
18031
18256
17958
18032
18257
17959
18033
18258
17960
18034
18259
17961
18035
18260
17962
18036
18261
17963
18037
18262
17964
18038
18263
17965
18039
18264
17966
18040
18265
17967
18041
18266
17968
18042
18267
17969
18043
18268
17970
18044
18269
17971
18045
18270
17972
18046
18271
17973
18047
18272
17974
18048
18273
17975
18049
18274
17976
18050
18275
17977
18051
18276
17978
18052
18277
17979
18053
18278
17980
18054
18279
17981
18055
18280
17982
18056
18281
17983
18057
18282
17984
18058
18283
17985
18059
18284
17986
18060
18285
17987
18061
18286
17988
18062
18287
17989
18063
18288
17990
18064
18289
17991
18065
18290
17992
18066
18291
17993
18067
18292
17994
18068
18293
17995
18069
18294
17996
18070
18295
17997
18071
18296
17998
18072
18297
17999
18073
18298
18074
18299
18001
18075
18300
18002
18076
18301
18003
18077
18302
18004
18078
18303
18005
18079
18304
18006
18080
18305
18007
18081
18306
18008
18082
18307
18009
18083
18308
18010
18084
18309
18011
18085
18310
18012
18086
18311
18013
18087
18312
18014
18088
18313
18015
18089
18314
18016
18090
18315
18017
18091
18316
18018
18092
18317
18019
18093
18318
18020
18094
18319
18021
18095
18320
18022
18096
18321
18023
18097
18322
18024
18098
18323
18025
18099
18324
18026
18100
18325
18027
18101
18326
18028
18102
18327
18029
18103
18328
18030
18104
18329
18031
18105
18330
18032
18106
18331
18033
18107
18332
18034
18108
18333
18035
18109
18334
18036
18110
18335
18037
18111
18336
18038
18112
18337
18039
18113
18338
18040
18114
18339
18041
18115
18340
18042
18116
18341
18043
18117
18342
18044
18118
18343
18045
18119
18344
18046
18120
18345
18047
18121
18346
18048
18122
18347
18049
18123
18348
18050
18124
18349
18051
18125
18350
18052
18126
18351
18053
18127
18352
18054
18128
18353
18055
18129
18354
18056
18130
18355
18057
18131
18356
18058
18132
18357
18059
18133
18358
18060
18134
18359
18061
18135
18360
18062
18136
18361
18063
18137
18362
18064
18138
18363
18065
18139
18364
18066
18140
18365
18067
18141
18366
18068
18142
18367
18069
18143
18368
18070
18144
18369
18071
18145
18370
18072
18146
18371
18073
18147
18372
18074
18148
18373
18149
18374
18076
18375
36225
18077
18376
36226
18078
18377
36227
18079
18378
36228
18080
18379
36229
18081
18380
36230
18082
18381
36231
18083
18382
36232
18084
18383
36233
18085
18384
36234
18086
18385
36235
18087
18386
36236
18088
18387
36237
18089
18388
36238
18090
18389
36239
18091
18390
36240
18092
18391
36241
18093
18392
36242
18094
18393
36243
18095
18394
36244
18096
18395
36245
18097
18396
36246
18098
18397
36247
18099
18398
36248
18100
18399
36249
18101
18400
36250
18102
18401
36251
18103
18402
36252
18104
18403
36253
18105
18404
36254
18106
18405
36255
18107
18406
36256
18108
18407
36257
18109
18408
36258
18110
18409
36259
18111
18410
36260
18112
18411
36261
18113
18412
36262
18114
18413
36263
18115
18414
36264
18116
18415
36265
18117
18416
36266
18118
18417
36267
18119
18418
36268
18120
18419
36269
18121
18420
36270
18122
18421
36271
18123
18422
36272
18124
18423
36273
18125
18424
36274
18126
18425
36275
18127
18426
36276
18128
18427
36277
18129
18428
36278
18130
18429
36279
18131
18430
36280
18132
18431
36281
18133
18432
36282
18134
18433
36283
18135
18434
36284
18136
18435
36285
18137
18436
36286
18138
18437
36287
18139
18438
36288
18140
18439
36289
18141
18440
36290
18142
18441
36291
18143
18442
36292
18144
18443
36293
18145
18444
36294
18146
18445
36295
18147
18446
36296
18148
18447
36297
18149
18448
36298
18449
36299
18151
18225
18450
18152
18226
18451
18153
18227
18452
18154
18228
18453
18155
18229
18454
18156
18230
18455
18157
18231
18456
18158
18232
18457
18159
18233
18458
18160
18234
18459
18161
18235
18460
18162
18236
18461
18163
18237
18462
18164
18238
18463
18165
18239
18464
18166
18240
18465
18167
18241
18466
18168
18242
18467
18169
18243
18468
18170
18244
18469
18171
18245
18470
18172
18246
18471
18173
18247
18472
18174
18248
18473
18175
18249
18474
18176
18250
18475
18177
18251
18476
18178
18252
18477
18179
18253
18478
18180
18254
18479
18181
18255
18480
18182
18256
18481
18183
18257
18482
18184
18258
18483
18185
18259
18484
18186
18260
18485
18187
18261
18486
18188
18262
18487
18189
18263
18488
18190
18264
18489
18191
18265
18490
18192
18266
18491
18193
18267
18492
18194
18268
18493
18195
18269
18494
18196
18270
18495
18197
18271
18496
18198
18272
18497
18199
18273
18498
18200
18274
18499
18201
18275
18500
18202
18276
18501
18203
18277
18502
18204
18278
18503
18205
18279
18504
18206
18280
18505
18207
18281
18506
18208
18282
18507
18209
18283
18508
18210
18284
18509
18211
18285
18510
18212
18286
18511
18213
18287
18512
18214
18288
18513
18215
18289
18514
18216
18290
18515
18217
18291
18516
18218
18292
18517
18219
18293
18518
18220
18294
18519
18221
18295
18520
18222
18296
18521
18223
18297
18522
18224
18298
18523
18299
18524
18226
18300
18525
18227
18301
18526
18228
18302
18527
18229
18303
18528
18230
18304
18529
18231
18305
18530
18232
18306
18531
18233
18307
18532
18234
18308
18533
18235
18309
18534
18236
18310
18535
18237
18311
18536
18238
18312
18537
18239
18313
18538
18240
18314
18539
18241
18315
18540
18242
18316
18541
18243
18317
18542
18244
18318
18543
18245
18319
18544
18246
18320
18545
18247
18321
18546
18248
18322
18547
18249
18323
18548
18250
18324
18549
18251
18325
18550
18252
18326
18551
18253
18327
18552
18254
18328
18553
18255
18329
18554
18256
18330
18555
18257
18331
18556
18258
18332
18557
18259
18333
18558
18260
18334
18559
18261
18335
18560
18262
18336
18561
18263
18337
18562
18264
18338
18563
18265
18339
18564
18266
18340
18565
18267
18341
18566
18268
18342
18567
18269
18343
18568
18270
18344
18569
18271
18345
18570
18272
18346
18571
18273
18347
18572
18274
18348
18573
18275
18349
18574
18276
18350
18575
18277
18351
18576
18278
18352
18577
18279
18353
18578
18280
18354
18579
18281
18355
18580
18282
18356
18581
18283
18357
18582
18284
18358
18583
18285
18359
18584
18286
18360
18585
18287
18361
18586
18288
18362
18587
18289
18363
18588
18290
18364
18589
18291
18365
18590
18292
18366
18591
18293
18367
18592
18294
18368
18593
18295
18369
18594
18296
18370
18595
18297
18371
18596
18298
18372
18597
18299
18373
18598
18374
18599
18301
18375
18600
18302
18376
18601
18303
18377
18602
18304
18378
18603
18305
18379
18604
18306
18380
18605
18307
18381
18606
18308
18382
18607
18309
18383
18608
18310
18384
18609
18311
18385
18610
18312
18386
18611
18313
18387
18612
18314
18388
18613
18315
18389
18614
18316
18390
18615
18317
18391
18616
18318
18392
18617
18319
18393
18618
18320
18394
18619
18321
18395
18620
18322
18396
18621
18323
18397
18622
18324
18398
18623
18325
18399
18624
18326
18400
18625
18327
18401
18626
18328
18402
18627
18329
18403
18628
18330
18404
18629
18331
18405
18630
18332
18406
18631
18333
18407
18632
18334
18408
18633
18335
18409
18634
18336
18410
18635
18337
18411
18636
18338
18412
18637
18339
18413
18638
18340
18414
18639
18341
18415
18640
18342
18416
18641
18343
18417
18642
18344
18418
18643
18345
18419
18644
18346
18420
18645
18347
18421
18646
18348
18422
18647
18349
18423
18648
18350
18424
18649
18351
18425
18650
18352
18426
18651
18353
18427
18652
18354
18428
18653
18355
18429
18654
18356
18430
18655
18357
18431
18656
18358
18432
18657
18359
18433
18658
18360
18434
18659
18361
18435
18660
18362
18436
18661
18363
18437
18662
18364
18438
18663
18365
18439
18664
18366
18440
18665
18367
18441
18666
18368
18442
18667
18369
18443
18668
18370
18444
18669
18371
18445
18670
18372
18446
18671
18373
18447
18672
18374
18448
18673
18449
18674
18376
18675
37200
18377
18676
37201
18378
18677
37202
18379
18678
37203
18380
18679
37204
18381
18680
37205
18382
18681
37206
18383
18682
37207
18384
18683
37208
18385
18684
37209
18386
18685
37210
18387
18686
37211
18388
18687
37212
18389
18688
37213
18390
18689
37214
18391
18690
37215
18392
18691
37216
18393
18692
37217
18394
18693
37218
18395
18694
37219
18396
18695
37220
18397
18696
37221
18398
18697
37222
18399
18698
37223
18400
18699
37224
18401
18700
37225
18402
18701
37226
18403
18702
37227
18404
18703
37228
18405
18704
37229
18406
18705
37230
18407
18706
37231
18408
18707
37232
18409
18708
37233
18410
18709
37234
18411
18710
37235
18412
18711
37236
18413
18712
37237
18414
18713
37238
18415
18714
37239
18416
18715
37240
18417
18716
37241
18418
18717
37242
18419
18718
37243
18420
18719
37244
18421
18720
37245
18422
18721
37246
18423
18722
37247
18424
18723
37248
18425
18724
37249
18426
18725
37250
18427
18726
37251
18428
18727
37252
18429
18728
37253
18430
18729
37254
18431
18730
37255
18432
18731
37256
18433
18732
37257
18434
18733
37258
18435
18734
37259
18436
18735
37260
18437
18736
37261
18438
18737
37262
18439
18738
37263
18440
18739
37264
18441
18740
37265
18442
18741
37266
18443
18742
37267
18444
18743
37268
18445
18744
37269
18446
18745
37270
18447
18746
37271
18448
18747
37272
18449
18748
37273
18749
37274
18451
18525
18750
18452
18526
18751
18453
18527
18752
18454
18528
18753
18455
18529
18754
18456
18530
18755
18457
18531
18756
18458
18532
18757
18459
18533
18758
18460
18534
18759
18461
18535
18760
18462
18536
18761
18463
18537
18762
18464
18538
18763
18465
18539
18764
18466
18540
18765
18467
18541
18766
18468
18542
18767
18469
18543
18768
18470
18544
18769
18471
18545
18770
18472
18546
18771
18473
18547
18772
18474
18548
18773
18475
18549
18774
18476
18550
18775
18477
18551
18776
18478
18552
18777
18479
18553
18778
18480
18554
18779
18481
18555
18780
18482
18556
18781
18483
18557
18782
18484
18558
18783
18485
18559
18784
18486
18560
18785
18487
18561
18786
18488
18562
18787
18489
18563
18788
18490
18564
18789
18491
18565
18790
18492
18566
18791
18493
18567
18792
18494
18568
18793
18495
18569
18794
18496
18570
18795
18497
18571
18796
18498
18572
18797
18499
18573
18798
18500
18574
18799
18501
18575
18800
18502
18576
18801
18503
18577
18802
18504
18578
18803
18505
18579
18804
18506
18580
18805
18507
18581
18806
18508
18582
18807
18509
18583
18808
18510
18584
18809
18511
18585
18810
18512
18586
18811
18513
18587
18812
18514
18588
18813
18515
18589
18814
18516
18590
18815
18517
18591
18816
18518
18592
18817
18519
18593
18818
18520
18594
18819
18521
18595
18820
18522
18596
18821
18523
18597
18822
18524
18598
18823
18599
18824
18526
18600
18825
18527
18601
18826
18528
18602
18827
18529
18603
18828
18530
18604
18829
18531
18605
18830
18532
18606
18831
18533
18607
18832
18534
18608
18833
18535
18609
18834
18536
18610
18835
18537
18611
18836
18538
18612
18837
18539
18613
18838
18540
18614
18839
18541
18615
18840
18542
18616
18841
18543
18617
18842
18544
18618
18843
18545
18619
18844
18546
18620
18845
18547
18621
18846
18548
18622
18847
18549
18623
18848
18550
18624
18849
18551
18625
18850
18552
18626
18851
18553
18627
18852
18554
18628
18853
18555
18629
18854
18556
18630
18855
18557
18631
18856
18558
18632
18857
18559
18633
18858
18560
18634
18859
18561
18635
18860
18562
18636
18861
18563
18637
18862
18564
18638
18863
18565
18639
18864
18566
18640
18865
18567
18641
18866
18568
18642
18867
18569
18643
18868
18570
18644
18869
18571
18645
18870
18572
18646
18871
18573
18647
18872
18574
18648
18873
18575
18649
18874
18576
18650
18875
18577
18651
18876
18578
18652
18877
18579
18653
18878
18580
18654
18879
18581
18655
18880
18582
18656
18881
18583
18657
18882
18584
18658
18883
18585
18659
18884
18586
18660
18885
18587
18661
18886
18588
18662
18887
18589
18663
18888
18590
18664
18889
18591
18665
18890
18592
18666
18891
18593
18667
18892
18594
18668
18893
18595
18669
18894
18596
18670
18895
18597
18671
18896
18598
18672
18897
18599
18673
18898
18674
18899
18601
18675
18900
18602
18676
18901
18603
18677
18902
18604
18678
18903
18605
18679
18904
18606
18680
18905
18607
18681
18906
18608
18682
18907
18609
18683
18908
18610
18684
18909
18611
18685
18910
18612
18686
18911
18613
18687
18912
18614
18688
18913
18615
18689
18914
18616
18690
18915
18617
18691
18916
18618
18692
18917
18619
18693
18918
18620
18694
18919
18621
18695
18920
18622
18696
18921
18623
18697
18922
18624
18698
18923
18625
18699
18924
18626
18700
18925
18627
18701
18926
18628
18702
18927
18629
18703
18928
18630
18704
18929
18631
18705
18930
18632
18706
18931
18633
18707
18932
18634
18708
18933
18635
18709
18934
18636
18710
18935
18637
18711
18936
18638
18712
18937
18639
18713
18938
18640
18714
18939
18641
18715
18940
18642
18716
18941
18643
18717
18942
18644
18718
18943
18645
18719
18944
18646
18720
18945
18647
18721
18946
18648
18722
18947
18649
18723
18948
18650
18724
18949
18651
18725
18950
18652
18726
18951
18653
18727
18952
18654
18728
18953
18655
18729
18954
18656
18730
18955
18657
18731
18956
18658
18732
18957
18659
18733
18958
18660
18734
18959
18661
18735
18960
18662
18736
18961
18663
18737
18962
18664
18738
18963
18665
18739
18964
18666
18740
18965
18667
18741
18966
18668
18742
18967
18669
18743
18968
18670
18744
18969
18671
18745
18970
18672
18746
18971
18673
18747
18972
18674
18748
18973
18749
18974
18676
18975
38175
18677
18976
38176
18678
18977
38177
18679
18978
38178
18680
18979
38179
18681
18980
38180
18682
18981
38181
18683
18982
38182
18684
18983
38183
18685
18984
38184
18686
18985
38185
18687
18986
38186
18688
18987
38187
18689
18988
38188
18690
18989
38189
18691
18990
38190
18692
18991
38191
18693
18992
38192
18694
18993
38193
18695
18994
38194
18696
18995
38195
18697
18996
38196
18698
18997
38197
18699
18998
38198
18700
18999
38199
18701
19000
38200
18702
19001
38201
18703
19002
38202
18704
19003
38203
18705
19004
38204
18706
19005
38205
18707
19006
38206
18708
19007
38207
18709
19008
38208
18710
19009
38209
18711
19010
38210
18712
19011
38211
18713
19012
38212
18714
19013
38213
18715
19014
38214
18716
19015
38215
18717
19016
38216
18718
19017
38217
18719
19018
38218
18720
19019
38219
18721
19020
38220
18722
19021
38221
18723
19022
38222
18724
19023
38223
18725
19024
38224
18726
19025
38225
18727
19026
38226
18728
19027
38227
18729
19028
38228
18730
19029
38229
18731
19030
38230
18732
19031
38231
18733
19032
38232
18734
19033
38233
18735
19034
38234
18736
19035
38235
18737
19036
38236
18738
19037
38237
18739
19038
38238
18740
19039
38239
18741
19040
38240
18742
19041
38241
18743
19042
38242
18744
19043
38243
18745
19044
38244
18746
19045
38245
18747
19046
38246
18748
19047
38247
18749
19048
38248
19049
38249
18751
18825
19050
18752
18826
19051
18753
18827
19052
18754
18828
19053
18755
18829
19054
18756
18830
19055
18757
18831
19056
18758
18832
19057
18759
18833
19058
18760
18834
19059
18761
18835
19060
18762
18836
19061
18763
18837
19062
18764
18838
19063
18765
18839
19064
18766
18840
19065
18767
18841
19066
18768
18842
19067
18769
18843
19068
18770
18844
19069
18771
18845
19070
18772
18846
19071
18773
18847
19072
18774
18848
19073
18775
18849
19074
18776
18850
19075
18777
18851
19076
18778
18852
19077
18779
18853
19078
18780
18854
19079
18781
18855
19080
18782
18856
19081
18783
18857
19082
18784
18858
19083
18785
18859
19084
18786
18860
19085
18787
18861
19086
18788
18862
19087
18789
18863
19088
18790
18864
19089
18791
18865
19090
18792
18866
19091
18793
18867
19092
18794
18868
19093
18795
18869
19094
18796
18870
19095
18797
18871
19096
18798
18872
19097
18799
18873
19098
18800
18874
19099
18801
18875
19100
18802
18876
19101
18803
18877
19102
18804
18878
19103
18805
18879
19104
18806
18880
19105
18807
18881
19106
18808
18882
19107
18809
18883
19108
18810
18884
19109
18811
18885
19110
18812
18886
19111
18813
18887
19112
18814
18888
19113
18815
18889
19114
18816
18890
19115
18817
18891
19116
18818
18892
19117
18819
18893
19118
18820
18894
19119
18821
18895
19120
18822
18896
19121
18823
18897
19122
18824
18898
19123
18899
19124
18826
18900
19125
18827
18901
19126
18828
18902
19127
18829
18903
19128
18830
18904
19129
18831
18905
19130
18832
18906
19131
18833
18907
19132
18834
18908
19133
18835
18909
19134
18836
18910
19135
18837
18911
19136
18838
18912
19137
18839
18913
19138
18840
18914
19139
18841
18915
19140
18842
18916
19141
18843
18917
19142
18844
18918
19143
18845
18919
19144
18846
18920
19145
18847
18921
19146
18848
18922
19147
18849
18923
19148
18850
18924
19149
18851
18925
19150
18852
18926
19151
18853
18927
19152
18854
18928
19153
18855
18929
19154
18856
18930
19155
18857
18931
19156
18858
18932
19157
18859
18933
19158
18860
18934
19159
18861
18935
19160
18862
18936
19161
18863
18937
19162
18864
18938
19163
18865
18939
19164
18866
18940
19165
18867
18941
19166
18868
18942
19167
18869
18943
19168
18870
18944
19169
18871
18945
19170
18872
18946
19171
18873
18947
19172
18874
18948
19173
18875
18949
19174
18876
18950
19175
18877
18951
19176
18878
18952
19177
18879
18953
19178
18880
18954
19179
18881
18955
19180
18882
18956
19181
18883
18957
19182
18884
18958
19183
18885
18959
19184
18886
18960
19185
18887
18961
19186
18888
18962
19187
18889
18963
19188
18890
18964
19189
18891
18965
19190
18892
18966
19191
18893
18967
19192
18894
18968
19193
18895
18969
19194
18896
18970
19195
18897
18971
19196
18898
18972
19197
18899
18973
19198
18974
19199
18901
18975
19200
18902
18976
19201
18903
18977
19202
18904
18978
19203
18905
18979
19204
18906
18980
19205
18907
18981
19206
18908
18982
19207
18909
18983
19208
18910
18984
19209
18911
18985
19210
18912
18986
19211
18913
18987
19212
18914
18988
19213
18915
18989
19214
18916
18990
19215
18917
18991
19216
18918
18992
19217
18919
18993
19218
18920
18994
19219
18921
18995
19220
18922
18996
19221
18923
18997
19222
18924
18998
19223
18925
18999
19224
18926
19000
19225
18927
19001
19226
18928
19002
19227
18929
19003
19228
18930
19004
19229
18931
19005
19230
18932
19006
19231
18933
19007
19232
18934
19008
19233
18935
19009
19234
18936
19010
19235
18937
19011
19236
18938
19012
19237
18939
19013
19238
18940
19014
19239
18941
19015
19240
18942
19016
19241
18943
19017
19242
18944
19018
19243
18945
19019
19244
18946
19020
19245
18947
19021
19246
18948
19022
19247
18949
19023
19248
18950
19024
19249
18951
19025
19250
18952
19026
19251
18953
19027
19252
18954
19028
19253
18955
19029
19254
18956
19030
19255
18957
19031
19256
18958
19032
19257
18959
19033
19258
18960
19034
19259
18961
19035
19260
18962
19036
19261
18963
19037
19262
18964
19038
19263
18965
19039
19264
18966
19040
19265
18967
19041
19266
18968
19042
19267
18969
19043
19268
18970
19044
19269
18971
19045
19270
18972
19046
19271
18973
19047
19272
18974
19048
19273
19049
19274
18976
19275
39150
18977
19276
39151
18978
19277
39152
18979
19278
39153
18980
19279
39154
18981
19280
39155
18982
19281
39156
18983
19282
39157
18984
19283
39158
18985
19284
39159
18986
19285
39160
18987
19286
39161
18988
19287
39162
18989
19288
39163
18990
19289
39164
18991
19290
39165
18992
19291
39166
18993
19292
39167
18994
19293
39168
18995
19294
39169
18996
19295
39170
18997
19296
39171
18998
19297
39172
18999
19298
39173
19000
19299
39174
19001
19300
39175
19002
19301
39176
19003
19302
39177
19004
19303
39178
19005
19304
39179
19006
19305
39180
19007
19306
39181
19008
19307
39182
19009
19308
39183
19010
19309
39184
19011
19310
39185
19012
19311
39186
19013
19312
39187
19014
19313
39188
19015
19314
39189
19016
19315
39190
19017
19316
39191
19018
19317
39192
19019
19318
39193
19020
19319
39194
19021
19320
39195
19022
19321
39196
19023
19322
39197
19024
19323
39198
19025
19324
39199
19026
19325
39200
19027
19326
39201
19028
19327
39202
19029
19328
39203
19030
19329
39204
19031
19330
39205
19032
19331
39206
19033
19332
39207
19034
19333
39208
19035
19334
39209
19036
19335
39210
19037
19336
39211
19038
19337
39212
19039
19338
39213
19040
19339
39214
19041
19340
39215
19042
19341
39216
19043
19342
39217
19044
19343
39218
19045
19344
39219
19046
19345
39220
19047
19346
39221
19048
19347
39222
19049
19348
39223
19349
39224
19051
19125
19350
19052
19126
19351
19053
19127
19352
19054
19128
19353
19055
19129
19354
19056
19130
19355
19057
19131
19356
19058
19132
19357
19059
19133
19358
19060
19134
19359
19061
19135
19360
19062
19136
19361
19063
19137
19362
19064
19138
19363
19065
19139
19364
19066
19140
19365
19067
19141
19366
19068
19142
19367
19069
19143
19368
19070
19144
19369
19071
19145
19370
19072
19146
19371
19073
19147
19372
19074
19148
19373
19075
19149
19374
19076
19150
19375
19077
19151
19376
19078
19152
19377
19079
19153
19378
19080
19154
19379
19081
19155
19380
19082
19156
19381
19083
19157
19382
19084
19158
19383
19085
19159
19384
19086
19160
19385
19087
19161
19386
19088
19162
19387
19089
19163
19388
19090
19164
19389
19091
19165
19390
19092
19166
19391
19093
19167
19392
19094
19168
19393
19095
19169
19394
19096
19170
19395
19097
19171
19396
19098
19172
19397
19099
19173
19398
19100
19174
19399
19101
19175
19400
19102
19176
19401
19103
19177
19402
19104
19178
19403
19105
19179
19404
19106
19180
19405
19107
19181
19406
19108
19182
19407
19109
19183
19408
19110
19184
19409
19111
19185
19410
19112
19186
19411
19113
19187
19412
19114
19188
19413
19115
19189
19414
19116
19190
19415
19117
19191
19416
19118
19192
19417
19119
19193
19418
19120
19194
19419
19121
19195
19420
19122
19196
19421
19123
19197
19422
19124
19198
19423
19199
19424
19126
19200
19425
19127
19201
19426
19128
19202
19427
19129
19203
19428
19130
19204
19429
19131
19205
19430
19132
19206
19431
19133
19207
19432
19134
19208
19433
19135
19209
19434
19136
19210
19435
19137
19211
19436
19138
19212
19437
19139
19213
19438
19140
19214
19439
19141
19215
19440
19142
19216
19441
19143
19217
19442
19144
19218
19443
19145
19219
19444
19146
19220
19445
19147
19221
19446
19148
19222
19447
19149
19223
19448
19150
19224
19449
19151
19225
19450
19152
19226
19451
19153
19227
19452
19154
19228
19453
19155
19229
19454
19156
19230
19455
19157
19231
19456
19158
19232
19457
19159
19233
19458
19160
19234
19459
19161
19235
19460
19162
19236
19461
19163
19237
19462
19164
19238
19463
19165
19239
19464
19166
19240
19465
19167
19241
19466
19168
19242
19467
19169
19243
19468
19170
19244
19469
19171
19245
19470
19172
19246
19471
19173
19247
19472
19174
19248
19473
19175
19249
19474
19176
19250
19475
19177
19251
19476
19178
19252
19477
19179
19253
19478
19180
19254
19479
19181
19255
19480
19182
19256
19481
19183
19257
19482
19184
19258
19483
19185
19259
19484
19186
19260
19485
19187
19261
19486
19188
19262
19487
19189
19263
19488
19190
19264
19489
19191
19265
19490
19192
19266
19491
19193
19267
19492
19194
19268
19493
19195
19269
19494
19196
19270
19495
19197
19271
19496
19198
19272
19497
19199
19273
19498
19274
19499
19201
19275
19500
19202
19276
19501
19203
19277
19502
19204
19278
19503
19205
19279
19504
19206
19280
19505
19207
19281
19506
19208
19282
19507
19209
19283
19508
19210
19284
19509
19211
19285
19510
19212
19286
19511
19213
19287
19512
19214
19288
19513
19215
19289
19514
19216
19290
19515
19217
19291
19516
19218
19292
19517
19219
19293
19518
19220
19294
19519
19221
19295
19520
19222
19296
19521
19223
19297
19522
19224
19298
19523
19225
19299
19524
19226
19300
19525
19227
19301
19526
19228
19302
19527
19229
19303
19528
19230
19304
19529
19231
19305
19530
19232
19306
19531
19233
19307
19532
19234
19308
19533
19235
19309
19534
19236
19310
19535
19237
19311
19536
19238
19312
19537
19239
19313
19538
19240
19314
19539
19241
19315
19540
19242
19316
19541
19243
19317
19542
19244
19318
19543
19245
19319
19544
19246
19320
19545
19247
19321
19546
19248
19322
19547
19249
19323
19548
19250
19324
19549
19251
19325
19550
19252
19326
19551
19253
19327
19552
19254
19328
19553
19255
19329
19554
19256
19330
19555
19257
19331
19556
19258
19332
19557
19259
19333
19558
19260
19334
19559
19261
19335
19560
19262
19336
19561
19263
19337
19562
19264
19338
19563
19265
19339
19564
19266
19340
19565
19267
19341
19566
19268
19342
19567
19269
19343
19568
19270
19344
19569
19271
19345
19570
19272
19346
19571
19273
19347
19572
19274
19348
19573
19349
19574
19276
19575
40125
19277
19576
40126
19278
19577
40127
19279
19578
40128
19280
19579
40129
19281
19580
40130
19282
19581
40131
19283
19582
40132
19284
19583
40133
19285
19584
40134
19286
19585
40135
19287
19586
40136
19288
19587
40137
19289
19588
40138
19290
19589
40139
19291
19590
40140
19292
19591
40141
19293
19592
40142
19294
19593
40143
19295
19594
40144
19296
19595
40145
19297
19596
40146
19298
19597
40147
19299
19598
40148
19300
19599
40149
19301
19600
40150
19302
19601
40151
19303
19602
40152
19304
19603
40153
19305
19604
40154
19306
19605
40155
19307
19606
40156
19308
19607
40157
19309
19608
40158
19310
19609
40159
19311
19610
40160
19312
19611
40161
19313
19612
40162
19314
19613
40163
19315
19614
40164
19316
19615
40165
19317
19616
40166
19318
19617
40167
19319
19618
40168
19320
19619
40169
19321
19620
40170
19322
19621
40171
19323
19622
40172
19324
19623
40173
19325
19624
40174
19326
19625
40175
19327
19626
40176
19328
19627
40177
19329
19628
40178
19330
19629
40179
19331
19630
40180
19332
19631
40181
19333
19632
40182
19334
19633
40183
19335
19634
40184
19336
19635
40185
19337
19636
40186
19338
19637
40187
19339
19638
40188
19340
19639
40189
19341
19640
40190
19342
19641
40191
19343
19642
40192
19344
19643
40193
19345
19644
40194
19346
19645
40195
19347
19646
40196
19348
19647
40197
19349
19648
40198
19649
40199
19351
19425
42075
19352
19426
42076
19353
19427
42077
19354
19428
42078
19355
19429
42079
19356
19430
42080
19357
19431
42081
19358
19432
42082
19359
19433
42083
19360
19434
42084
19361
19435
42085
19362
19436
42086
19363
19437
42087
19364
19438
42088
19365
19439
42089
19366
19440
42090
19367
19441
42091
19368
19442
42092
19369
19443
42093
19370
19444
42094
19371
19445
42095
19372
19446
42096
19373
19447
42097
19374
19448
42098
19375
19449
42099
19376
19450
42100
19377
19451
42101
19378
19452
42102
19379
19453
42103
19380
19454
42104
19381
19455
42105
19382
19456
42106
19383
19457
42107
19384
19458
42108
19385
19459
42109
19386
19460
42110
19387
19461
42111
19388
19462
42112
19389
19463
42113
19390
19464
42114
19391
19465
42115
19392
19466
42116
19393
19467
42117
19394
19468
42118
19395
19469
42119
19396
19470
42120
19397
19471
42121
19398
19472
42122
19399
19473
42123
19400
19474
42124
19401
19475
42125
19402
19476
42126
19403
19477
42127
19404
19478
42128
19405
19479
42129
19406
19480
42130
19407
19481
42131
19408
19482
42132
19409
19483
42133
19410
19484
42134
19411
19485
42135
19412
19486
42136
19413
19487
42137
19414
19488
42138
19415
19489
42139
19416
19490
42140
19417
19491
42141
19418
19492
42142
19419
19493
42143
19420
19494
42144
19421
19495
42145
19422
19496
42146
19423
19497
42147
19424
19498
42148
19499
42149
19426
19500
42150
19427
19501
42151
19428
19502
42152
19429
19503
42153
19430
19504
42154
19431
19505
42155
19432
19506
42156
19433
19507
42157
19434
19508
42158
19435
19509
42159
19436
19510
42160
19437
19511
42161
19438
19512
42162
19439
19513
42163
19440
19514
42164
19441
19515
42165
19442
19516
42166
19443
19517
42167
19444
19518
42168
19445
19519
42169
19446
19520
42170
19447
19521
42171
19448
19522
42172
19449
19523
42173
19450
19524
42174
19451
19525
42175
19452
19526
42176
19453
19527
42177
19454
19528
42178
19455
19529
42179
19456
19530
42180
19457
19531
42181
19458
19532
42182
19459
19533
42183
19460
19534
42184
19461
19535
42185
19462
19536
42186
19463
19537
42187
19464
19538
42188
19465
19539
42189
19466
19540
42190
19467
19541
42191
19468
19542
42192
19469
19543
42193
19470
19544
42194
19471
19545
42195
19472
19546
42196
19473
19547
42197
19474
19548
42198
19475
19549
42199
19476
19550
42200
19477
19551
42201
19478
19552
42202
19479
19553
42203
19480
19554
42204
19481
19555
42205
19482
19556
42206
19483
19557
42207
19484
19558
42208
19485
19559
42209
19486
19560
42210
19487
19561
42211
19488
19562
42212
19489
19563
42213
19490
19564
42214
19491
19565
42215
19492
19566
42216
19493
19567
42217
19494
19568
42218
19495
19569
42219
19496
19570
42220
19497
19571
42221
19498
19572
42222
19499
19573
42223
19574
42224
19501
19575
42225
19502
19576
42226
19503
19577
42227
19504
19578
42228
19505
19579
42229
19506
19580
42230
19507
19581
42231
19508
19582
42232
19509
19583
42233
19510
19584
42234
19511
19585
42235
19512
19586
42236
19513
19587
42237
19514
19588
42238
19515
19589
42239
19516
19590
42240
19517
19591
42241
19518
19592
42242
19519
19593
42243
19520
19594
42244
19521
19595
42245
19522
19596
42246
19523
19597
42247
19524
19598
42248
19525
19599
42249
19526
19600
42250
19527
19601
42251
19528
19602
42252
19529
19603
42253
19530
19604
42254
19531
19605
42255
19532
19606
42256
19533
19607
42257
19534
19608
42258
19535
19609
42259
19536
19610
42260
19537
19611
42261
19538
19612
42262
19539
19613
42263
19540
19614
42264
19541
19615
42265
19542
19616
42266
19543
19617
42267
19544
19618
42268
19545
19619
42269
19546
19620
42270
19547
19621
42271
19548
19622
42272
19549
19623
42273
19550
19624
42274
19551
19625
42275
19552
19626
42276
19553
19627
42277
19554
19628
42278
19555
19629
42279
19556
19630
42280
19557
19631
42281
19558
19632
42282
19559
19633
42283
19560
19634
42284
19561
19635
42285
19562
19636
42286
19563
19637
42287
19564
19638
42288
19565
19639
42289
19566
19640
42290
19567
19641
42291
19568
19642
42292
19569
19643
42293
19570
19644
42294
19571
19645
42295
19572
19646
42296
19573
19647
42297
19574
19648
42298
19649
42299
19576
41100
42300
19577
41101
42301
19578
41102
42302
19579
41103
42303
19580
41104
42304
19581
41105
42305
19582
41106
42306
19583
41107
42307
19584
41108
42308
19585
41109
42309
19586
41110
42310
19587
41111
42311
19588
41112
42312
19589
41113
42313
19590
41114
42314
19591
41115
42315
19592
41116
42316
19593
41117
42317
19594
41118
42318
19595
41119
42319
19596
41120
42320
19597
41121
42321
19598
41122
42322
19599
41123
42323
19600
41124
42324
19601
41125
42325
19602
41126
42326
19603
41127
42327
19604
41128
42328
19605
41129
42329
19606
41130
42330
19607
41131
42331
19608
41132
42332
19609
41133
42333
19610
41134
42334
19611
41135
42335
19612
41136
42336
19613
41137
42337
19614
41138
42338
19615
41139
42339
19616
41140
42340
19617
41141
42341
19618
41142
42342
19619
41143
42343
19620
41144
42344
19621
41145
42345
19622
41146
42346
19623
41147
42347
19624
41148
42348
19625
41149
42349
19626
41150
42350
19627
41151
42351
19628
41152
42352
19629
41153
42353
19630
41154
42354
19631
41155
42355
19632
41156
42356
19633
41157
42357
19634
41158
42358
19635
41159
42359
19636
41160
42360
19637
41161
42361
19638
41162
42362
19639
41163
42363
19640
41164
42364
19641
41165
42365
19642
41166
42366
19643
41167
42367
19644
41168
42368
19645
41169
42369
19646
41170
42370
19647
41171
42371
19648
41172
42372
19649
41173
42373
41174
42374
19651
19725
20625
19652
19726
20626
19653
19727
20627
19654
19728
20628
19655
19729
20629
19656
19730
20630
19657
19731
20631
19658
19732
20632
19659
19733
20633
19660
19734
20634
19661
19735
20635
19662
19736
20636
19663
19737
20637
19664
19738
20638
19665
19739
20639
19666
19740
20640
19667
19741
20641
19668
19742
20642
19669
19743
20643
19670
19744
20644
19671
19745
20645
19672
19746
20646
19673
19747
20647
19674
19748
20648
19675
19749
20649
19676
19750
20650
19677
19751
20651
19678
19752
20652
19679
19753
20653
19680
19754
20654
19681
19755
20655
19682
19756
20656
19683
19757
20657
19684
19758
20658
19685
19759
20659
19686
19760
20660
19687
19761
20661
19688
19762
20662
19689
19763
20663
19690
19764
20664
19691
19765
20665
19692
19766
20666
19693
19767
20667
19694
19768
20668
19695
19769
20669
19696
19770
20670
19697
19771
20671
19698
19772
20672
19699
19773
20673
19700
19774
20674
19701
19775
20675
19702
19776
20676
19703
19777
20677
19704
19778
20678
19705
19779
20679
19706
19780
20680
19707
19781
20681
19708
19782
20682
19709
19783
20683
19710
19784
20684
19711
19785
20685
19712
19786
20686
19713
19787
20687
19714
19788
20688
19715
19789
20689
19716
19790
20690
19717
19791
20691
19718
19792
20692
19719
19793
20693
19720
19794
20694
19721
19795
20695
19722
19796
20696
19723
19797
20697
19724
19798
20698
19799
20699
19726
19800
20700
19727
19801
20701
19728
19802
20702
19729
19803
20703
19730
19804
20704
19731
19805
20705
19732
19806
20706
19733
19807
20707
19734
19808
20708
19735
19809
20709
19736
19810
20710
19737
19811
20711
19738
19812
20712
19739
19813
20713
19740
19814
20714
19741
19815
20715
19742
19816
20716
19743
19817
20717
19744
19818
20718
19745
19819
20719
19746
19820
20720
19747
19821
20721
19748
19822
20722
19749
19823
20723
19750
19824
20724
19751
19825
20725
19752
19826
20726
19753
19827
20727
19754
19828
20728
19755
19829
20729
19756
19830
20730
19757
19831
20731
19758
19832
20732
19759
19833
20733
19760
19834
20734
19761
19835
20735
19762
19836
20736
19763
19837
20737
19764
19838
20738
19765
19839
20739
19766
19840
20740
19767
19841
20741
19768
19842
20742
19769
19843
20743
19770
19844
20744
19771
19845
20745
19772
19846
20746
19773
19847
20747
19774
19848
20748
19775
19849
20749
19776
19850
20750
19777
19851
20751
19778
19852
20752
19779
19853
20753
19780
19854
20754
19781
19855
20755
19782
19856
20756
19783
19857
20757
19784
19858
20758
19785
19859
20759
19786
19860
20760
19787
19861
20761
19788
19862
20762
19789
19863
20763
19790
19864
20764
19791
19865
20765
19792
19866
20766
19793
19867
20767
19794
19868
20768
19795
19869
20769
19796
19870
20770
19797
19871
20771
19798
19872
20772
19799
19873
20773
19874
20774
19801
19875
20775
19802
19876
20776
19803
19877
20777
19804
19878
20778
19805
19879
20779
19806
19880
20780
19807
19881
20781
19808
19882
20782
19809
19883
20783
19810
19884
20784
19811
19885
20785
19812
19886
20786
19813
19887
20787
19814
19888
20788
19815
19889
20789
19816
19890
20790
19817
19891
20791
19818
19892
20792
19819
19893
20793
19820
19894
20794
19821
19895
20795
19822
19896
20796
19823
19897
20797
19824
19898
20798
19825
19899
20799
19826
19900
20800
19827
19901
20801
19828
19902
20802
19829
19903
20803
19830
19904
20804
19831
19905
20805
19832
19906
20806
19833
19907
20807
19834
19908
20808
19835
19909
20809
19836
19910
20810
19837
19911
20811
19838
19912
20812
19839
19913
20813
19840
19914
20814
19841
19915
20815
19842
19916
20816
19843
19917
20817
19844
19918
20818
19845
19919
20819
19846
19920
20820
19847
19921
20821
19848
19922
20822
19849
19923
20823
19850
19924
20824
19851
19925
20825
19852
19926
20826
19853
19927
20827
19854
19928
20828
19855
19929
20829
19856
19930
20830
19857
19931
20831
19858
19932
20832
19859
19933
20833
19860
19934
20834
19861
19935
20835
19862
19936
20836
19863
19937
20837
19864
19938
20838
19865
19939
20839
19866
19940
20840
19867
19941
20841
19868
19942
20842
19869
19943
20843
19870
19944
20844
19871
19945
20845
19872
19946
20846
19873
19947
20847
19874
19948
20848
19949
20849
19876
19950
20850
19877
19951
20851
19878
19952
20852
19879
19953
20853
19880
19954
20854
19881
19955
20855
19882
19956
20856
19883
19957
20857
19884
19958
20858
19885
19959
20859
19886
19960
20860
19887
19961
20861
19888
19962
20862
19889
19963
20863
19890
19964
20864
19891
19965
20865
19892
19966
20866
19893
19967
20867
19894
19968
20868
19895
19969
20869
19896
19970
20870
19897
19971
20871
19898
19972
20872
19899
19973
20873
19900
19974
20874
19901
19975
20875
19902
19976
20876
19903
19977
20877
19904
19978
20878
19905
19979
20879
19906
19980
20880
19907
19981
20881
19908
19982
20882
19909
19983
20883
19910
19984
20884
19911
19985
20885
19912
19986
20886
19913
19987
20887
19914
19988
20888
19915
19989
20889
19916
19990
20890
19917
19991
20891
19918
19992
20892
19919
19993
20893
19920
19994
20894
19921
19995
20895
19922
19996
20896
19923
19997
20897
19924
19998
20898
19925
19999
20899
19926
20000
20900
19927
20001
20901
19928
20002
20902
19929
20003
20903
19930
20004
20904
19931
20005
20905
19932
20006
20906
19933
20007
20907
19934
20008
20908
19935
20009
20909
19936
20010
20910
19937
20011
20911
19938
20012
20912
19939
20013
20913
19940
20014
20914
19941
20015
20915
19942
20016
20916
19943
20017
20917
19944
20018
20918
19945
20019
20919
19946
20020
20920
19947
20021
20921
19948
20022
20922
19949
20023
20923
20024
20924
19951
20025
20925
19952
20026
20926
19953
20027
20927
19954
20028
20928
19955
20029
20929
19956
20030
20930
19957
20031
20931
19958
20032
20932
19959
20033
20933
19960
20034
20934
19961
20035
20935
19962
20036
20936
19963
20037
20937
19964
20038
20938
19965
20039
20939
19966
20040
20940
19967
20041
20941
19968
20042
20942
19969
20043
20943
19970
20044
20944
19971
20045
20945
19972
20046
20946
19973
20047
20947
19974
20048
20948
19975
20049
20949
19976
20050
20950
19977
20051
20951
19978
20052
20952
19979
20053
20953
19980
20054
20954
19981
20055
20955
19982
20056
20956
19983
20057
20957
19984
20058
20958
19985
20059
20959
19986
20060
20960
19987
20061
20961
19988
20062
20962
19989
20063
20963
19990
20064
20964
19991
20065
20965
19992
20066
20966
19993
20067
20967
19994
20068
20968
19995
20069
20969
19996
20070
20970
19997
20071
20971
19998
20072
20972
19999
20073
20973
20000
20074
20974
20001
20075
20975
20002
20076
20976
20003
20077
20977
20004
20078
20978
20005
20079
20979
20006
20080
20980
20007
20081
20981
20008
20082
20982
20009
20083
20983
20010
20084
20984
20011
20085
20985
20012
20086
20986
20013
20087
20987
20014
20088
20988
20015
20089
20989
20016
20090
20990
20017
20091
20991
20018
20092
20992
20019
20093
20993
20020
20094
20994
20021
20095
20995
20022
20096
20996
20023
20097
20997
20024
20098
20998
20099
20999
20026
20100
21000
20027
20101
21001
20028
20102
21002
20029
20103
21003
20030
20104
21004
20031
20105
21005
20032
20106
21006
20033
20107
21007
20034
20108
21008
20035
20109
21009
20036
20110
21010
20037
20111
21011
20038
20112
21012
20039
20113
21013
20040
20114
21014
20041
20115
21015
20042
20116
21016
20043
20117
21017
20044
20118
21018
20045
20119
21019
20046
20120
21020
20047
20121
21021
20048
20122
21022
20049
20123
21023
20050
20124
21024
20051
20125
21025
20052
20126
21026
20053
20127
21027
20054
20128
21028
20055
20129
21029
20056
20130
21030
20057
20131
21031
20058
20132
21032
20059
20133
21033
20060
20134
21034
20061
20135
21035
20062
20136
21036
20063
20137
21037
20064
20138
21038
20065
20139
21039
20066
20140
21040
20067
20141
21041
20068
20142
21042
20069
20143
21043
20070
20144
21044
20071
20145
21045
20072
20146
21046
20073
20147
21047
20074
20148
21048
20075
20149
21049
20076
20150
21050
20077
20151
21051
20078
20152
21052
20079
20153
21053
20080
20154
21054
20081
20155
21055
20082
20156
21056
20083
20157
21057
20084
20158
21058
20085
20159
21059
20086
20160
21060
20087
20161
21061
20088
20162
21062
20089
20163
21063
20090
20164
21064
20091
20165
21065
20092
20166
21066
20093
20167
21067
20094
20168
21068
20095
20169
21069
20096
20170
21070
20097
20171
21071
20098
20172
21072
20099
20173
21073
20174
21074
20101
20175
21075
20102
20176
21076
20103
20177
21077
20104
20178
21078
20105
20179
21079
20106
20180
21080
20107
20181
21081
20108
20182
21082
20109
20183
21083
20110
20184
21084
20111
20185
21085
20112
20186
21086
20113
20187
21087
20114
20188
21088
20115
20189
21089
20116
20190
21090
20117
20191
21091
20118
20192
21092
20119
20193
21093
20120
20194
21094
20121
20195
21095
20122
20196
21096
20123
20197
21097
20124
20198
21098
20125
20199
21099
20126
20200
21100
20127
20201
21101
20128
20202
21102
20129
20203
21103
20130
20204
21104
20131
20205
21105
20132
20206
21106
20133
20207
21107
20134
20208
21108
20135
20209
21109
20136
20210
21110
20137
20211
21111
20138
20212
21112
20139
20213
21113
20140
20214
21114
20141
20215
21115
20142
20216
21116
20143
20217
21117
20144
20218
21118
20145
20219
21119
20146
20220
21120
20147
20221
21121
20148
20222
21122
20149
20223
21123
20150
20224
21124
20151
20225
21125
20152
20226
21126
20153
20227
21127
20154
20228
21128
20155
20229
21129
20156
20230
21130
20157
20231
21131
20158
20232
21132
20159
20233
21133
20160
20234
21134
20161
20235
21135
20162
20236
21136
20163
20237
21137
20164
20238
21138
20165
20239
21139
20166
20240
21140
20167
20241
21141
20168
20242
21142
20169
20243
21143
20170
20244
21144
20171
20245
21145
20172
20246
21146
20173
20247
21147
20174
20248
21148
20249
21149
20176
20250
21150
20177
20251
21151
20178
20252
21152
20179
20253
21153
20180
20254
21154
20181
20255
21155
20182
20256
21156
20183
20257
21157
20184
20258
21158
20185
20259
21159
20186
20260
21160
20187
20261
21161
20188
20262
21162
20189
20263
21163
20190
20264
21164
20191
20265
21165
20192
20266
21166
20193
20267
21167
20194
20268
21168
20195
20269
21169
20196
20270
21170
20197
20271
21171
20198
20272
21172
20199
20273
21173
20200
20274
21174
20201
20275
21175
20202
20276
21176
20203
20277
21177
20204
20278
21178
20205
20279
21179
20206
20280
21180
20207
20281
21181
20208
20282
21182
20209
20283
21183
20210
20284
21184
20211
20285
21185
20212
20286
21186
20213
20287
21187
20214
20288
21188
20215
20289
21189
20216
20290
21190
20217
20291
21191
20218
20292
21192
20219
20293
21193
20220
20294
21194
20221
20295
21195
20222
20296
21196
20223
20297
21197
20224
20298
21198
20225
20299
21199
20226
20300
21200
20227
20301
21201
20228
20302
21202
20229
20303
21203
20230
20304
21204
20231
20305
21205
20232
20306
21206
20233
20307
21207
20234
20308
21208
20235
20309
21209
20236
20310
21210
20237
20311
21211
20238
20312
21212
20239
20313
21213
20240
20314
21214
20241
20315
21215
20242
20316
21216
20243
20317
21217
20244
20318
21218
20245
20319
21219
20246
20320
21220
20247
20321
21221
20248
20322
21222
20249
20323
21223
20324
21224
20251
20325
21225
20252
20326
21226
20253
20327
21227
20254
20328
21228
20255
20329
21229
20256
20330
21230
20257
20331
21231
20258
20332
21232
20259
20333
21233
20260
20334
21234
20261
20335
21235
20262
20336
21236
20263
20337
21237
20264
20338
21238
20265
20339
21239
20266
20340
21240
20267
20341
21241
20268
20342
21242
20269
20343
21243
20270
20344
21244
20271
20345
21245
20272
20346
21246
20273
20347
21247
20274
20348
21248
20275
20349
21249
20276
20350
21250
20277
20351
21251
20278
20352
21252
20279
20353
21253
20280
20354
21254
20281
20355
21255
20282
20356
21256
20283
20357
21257
20284
20358
21258
20285
20359
21259
20286
20360
21260
20287
20361
21261
20288
20362
21262
20289
20363
21263
20290
20364
21264
20291
20365
21265
20292
20366
21266
20293
20367
21267
20294
20368
21268
20295
20369
21269
20296
20370
21270
20297
20371
21271
20298
20372
21272
20299
20373
21273
20300
20374
21274
20301
20375
21275
20302
20376
21276
20303
20377
21277
20304
20378
21278
20305
20379
21279
20306
20380
21280
20307
20381
21281
20308
20382
21282
20309
20383
21283
20310
20384
21284
20311
20385
21285
20312
20386
21286
20313
20387
21287
20314
20388
21288
20315
20389
21289
20316
20390
21290
20317
20391
21291
20318
20392
21292
20319
20393
21293
20320
20394
21294
20321
20395
21295
20322
20396
21296
20323
20397
21297
20324
20398
21298
20399
21299
20326
20400
21300
20327
20401
21301
20328
20402
21302
20329
20403
21303
20330
20404
21304
20331
20405
21305
20332
20406
21306
20333
20407
21307
20334
20408
21308
20335
20409
21309
20336
20410
21310
20337
20411
21311
20338
20412
21312
20339
20413
21313
20340
20414
21314
20341
20415
21315
20342
20416
21316
20343
20417
21317
20344
20418
21318
20345
20419
21319
20346
20420
21320
20347
20421
21321
20348
20422
21322
20349
20423
21323
20350
20424
21324
20351
20425
21325
20352
20426
21326
20353
20427
21327
20354
20428
21328
20355
20429
21329
20356
20430
21330
20357
20431
21331
20358
20432
21332
20359
20433
21333
20360
20434
21334
20361
20435
21335
20362
20436
21336
20363
20437
21337
20364
20438
21338
20365
20439
21339
20366
20440
21340
20367
20441
21341
20368
20442
21342
20369
20443
21343
20370
20444
21344
20371
20445
21345
20372
20446
21346
20373
20447
21347
20374
20448
21348
20375
20449
21349
20376
20450
21350
20377
20451
21351
20378
20452
21352
20379
20453
21353
20380
20454
21354
20381
20455
21355
20382
20456
21356
20383
20457
21357
20384
20458
21358
20385
20459
21359
20386
20460
21360
20387
20461
21361
20388
20462
21362
20389
20463
21363
20390
20464
21364
20391
20465
21365
20392
20466
21366
20393
20467
21367
20394
20468
21368
20395
20469
21369
20396
20470
21370
20397
20471
21371
20398
20472
21372
20399
20473
21373
20474
21374
20401
20475
21375
20402
20476
21376
20403
20477
21377
20404
20478
21378
20405
20479
21379
20406
20480
21380
20407
20481
21381
20408
20482
21382
20409
20483
21383
20410
20484
21384
20411
20485
21385
20412
20486
21386
20413
20487
21387
20414
20488
21388
20415
20489
21389
20416
20490
21390
20417
20491
21391
20418
20492
21392
20419
20493
21393
20420
20494
21394
20421
20495
21395
20422
20496
21396
20423
20497
21397
20424
20498
21398
20425
20499
21399
20426
20500
21400
20427
20501
21401
20428
20502
21402
20429
20503
21403
20430
20504
21404
20431
20505
21405
20432
20506
21406
20433
20507
21407
20434
20508
21408
20435
20509
21409
20436
20510
21410
20437
20511
21411
20438
20512
21412
20439
20513
21413
20440
20514
21414
20441
20515
21415
20442
20516
21416
20443
20517
21417
20444
20518
21418
20445
20519
21419
20446
20520
21420
20447
20521
21421
20448
20522
21422
20449
20523
21423
20450
20524
21424
20451
20525
21425
20452
20526
21426
20453
20527
21427
20454
20528
21428
20455
20529
21429
20456
20530
21430
20457
20531
21431
20458
20532
21432
20459
20533
21433
20460
20534
21434
20461
20535
21435
20462
20536
21436
20463
20537
21437
20464
20538
21438
20465
20539
21439
20466
20540
21440
20467
20541
21441
20468
20542
21442
20469
20543
21443
20470
20544
21444
20471
20545
21445
20472
20546
21446
20473
20547
21447
20474
20548
21448
20549
21449
20476
20550
21450
20477
20551
21451
20478
20552
21452
20479
20553
21453
20480
20554
21454
20481
20555
21455
20482
20556
21456
20483
20557
21457
20484
20558
21458
20485
20559
21459
20486
20560
21460
20487
20561
21461
20488
20562
21462
20489
20563
21463
20490
20564
21464
20491
20565
21465
20492
20566
21466
20493
20567
21467
20494
20568
21468
20495
20569
21469
20496
20570
21470
20497
20571
21471
20498
20572
21472
20499
20573
21473
20500
20574
21474
20501
20575
21475
20502
20576
21476
20503
20577
21477
20504
20578
21478
20505
20579
21479
20506
20580
21480
20507
20581
21481
20508
20582
21482
20509
20583
21483
20510
20584
21484
20511
20585
21485
20512
20586
21486
20513
20587
21487
20514
20588
21488
20515
20589
21489
20516
20590
21490
20517
20591
21491
20518
20592
21492
20519
20593
21493
20520
20594
21494
20521
20595
21495
20522
20596
21496
20523
20597
21497
20524
20598
21498
20525
20599
21499
20526
20600
21500
20527
20601
21501
20528
20602
21502
20529
20603
21503
20530
20604
21504
20531
20605
21505
20532
20606
21506
20533
20607
21507
20534
20608
21508
20535
20609
21509
20536
20610
21510
20537
20611
21511
20538
20612
21512
20539
20613
21513
20540
20614
21514
20541
20615
21515
20542
20616
21516
20543
20617
21517
20544
20618
21518
20545
20619
21519
20546
20620
21520
20547
20621
21521
20548
20622
21522
20549
20623
21523
20624
21524
20551
21525
20552
21526
20553
21527
20554
21528
20555
21529
20556
21530
20557
21531
20558
21532
20559
21533
20560
21534
20561
21535
20562
21536
20563
21537
20564
21538
20565
21539
20566
21540
20567
21541
20568
21542
20569
21543
20570
21544
20571
21545
20572
21546
20573
21547
20574
21548
20575
21549
20576
21550
20577
21551
20578
21552
20579
21553
20580
21554
20581
21555
20582
21556
20583
21557
20584
21558
20585
21559
20586
21560
20587
21561
20588
21562
20589
21563
20590
21564
20591
21565
20592
21566
20593
21567
20594
21568
20595
21569
20596
21570
20597
21571
20598
21572
20599
21573
20600
21574
20601
21575
20602
21576
20603
21577
20604
21578
20605
21579
20606
21580
20607
21581
20608
21582
20609
21583
20610
21584
20611
21585
20612
21586
20613
21587
20614
21588
20615
21589
20616
21590
20617
21591
20618
21592
20619
21593
20620
21594
20621
21595
20622
21596
20623
21597
20624
21598
21599
20626
20700
21600
20627
20701
21601
20628
20702
21602
20629
20703
21603
20630
20704
21604
20631
20705
21605
20632
20706
21606
20633
20707
21607
20634
20708
21608
20635
20709
21609
20636
20710
21610
20637
20711
21611
20638
20712
21612
20639
20713
21613
20640
20714
21614
20641
20715
21615
20642
20716
21616
20643
20717
21617
20644
20718
21618
20645
20719
21619
20646
20720
21620
20647
20721
21621
20648
20722
21622
20649
20723
21623
20650
20724
21624
20651
20725
21625
20652
20726
21626
20653
20727
21627
20654
20728
21628
20655
20729
21629
20656
20730
21630
20657
20731
21631
20658
20732
21632
20659
20733
21633
20660
20734
21634
20661
20735
21635
20662
20736
21636
20663
20737
21637
20664
20738
21638
20665
20739
21639
20666
20740
21640
20667
20741
21641
20668
20742
21642
20669
20743
21643
20670
20744
21644
20671
20745
21645
20672
20746
21646
20673
20747
21647
20674
20748
21648
20675
20749
21649
20676
20750
21650
20677
20751
21651
20678
20752
21652
20679
20753
21653
20680
20754
21654
20681
20755
21655
20682
20756
21656
20683
20757
21657
20684
20758
21658
20685
20759
21659
20686
20760
21660
20687
20761
21661
20688
20762
21662
20689
20763
21663
20690
20764
21664
20691
20765
21665
20692
20766
21666
20693
20767
21667
20694
20768
21668
20695
20769
21669
20696
20770
21670
20697
20771
21671
20698
20772
21672
20699
20773
21673
20774
21674
20701
20775
21675
20702
20776
21676
20703
20777
21677
20704
20778
21678
20705
20779
21679
20706
20780
21680
20707
20781
21681
20708
20782
21682
20709
20783
21683
20710
20784
21684
20711
20785
21685
20712
20786
21686
20713
20787
21687
20714
20788
21688
20715
20789
21689
20716
20790
21690
20717
20791
21691
20718
20792
21692
20719
20793
21693
20720
20794
21694
20721
20795
21695
20722
20796
21696
20723
20797
21697
20724
20798
21698
20725
20799
21699
20726
20800
21700
20727
20801
21701
20728
20802
21702
20729
20803
21703
20730
20804
21704
20731
20805
21705
20732
20806
21706
20733
20807
21707
20734
20808
21708
20735
20809
21709
20736
20810
21710
20737
20811
21711
20738
20812
21712
20739
20813
21713
20740
20814
21714
20741
20815
21715
20742
20816
21716
20743
20817
21717
20744
20818
21718
20745
20819
21719
20746
20820
21720
20747
20821
21721
20748
20822
21722
20749
20823
21723
20750
20824
21724
20751
20825
21725
20752
20826
21726
20753
20827
21727
20754
20828
21728
20755
20829
21729
20756
20830
21730
20757
20831
21731
20758
20832
21732
20759
20833
21733
20760
20834
21734
20761
20835
21735
20762
20836
21736
20763
20837
21737
20764
20838
21738
20765
20839
21739
20766
20840
21740
20767
20841
21741
20768
20842
21742
20769
20843
21743
20770
20844
21744
20771
20845
21745
20772
20846
21746
20773
20847
21747
20774
20848
21748
20849
21749
20776
20850
21750
20777
20851
21751
20778
20852
21752
20779
20853
21753
20780
20854
21754
20781
20855
21755
20782
20856
21756
20783
20857
21757
20784
20858
21758
20785
20859
21759
20786
20860
21760
20787
20861
21761
20788
20862
21762
20789
20863
21763
20790
20864
21764
20791
20865
21765
20792
20866
21766
20793
20867
21767
20794
20868
21768
20795
20869
21769
20796
20870
21770
20797
20871
21771
20798
20872
21772
20799
20873
21773
20800
20874
21774
20801
20875
21775
20802
20876
21776
20803
20877
21777
20804
20878
21778
20805
20879
21779
20806
20880
21780
20807
20881
21781
20808
20882
21782
20809
20883
21783
20810
20884
21784
20811
20885
21785
20812
20886
21786
20813
20887
21787
20814
20888
21788
20815
20889
21789
20816
20890
21790
20817
20891
21791
20818
20892
21792
20819
20893
21793
20820
20894
21794
20821
20895
21795
20822
20896
21796
20823
20897
21797
20824
20898
21798
20825
20899
21799
20826
20900
21800
20827
20901
21801
20828
20902
21802
20829
20903
21803
20830
20904
21804
20831
20905
21805
20832
20906
21806
20833
20907
21807
20834
20908
21808
20835
20909
21809
20836
20910
21810
20837
20911
21811
20838
20912
21812
20839
20913
21813
20840
20914
21814
20841
20915
21815
20842
20916
21816
20843
20917
21817
20844
20918
21818
20845
20919
21819
20846
20920
21820
20847
20921
21821
20848
20922
21822
20849
20923
21823
20924
21824
20851
20925
21825
20852
20926
21826
20853
20927
21827
20854
20928
21828
20855
20929
21829
20856
20930
21830
20857
20931
21831
20858
20932
21832
20859
20933
21833
20860
20934
21834
20861
20935
21835
20862
20936
21836
20863
20937
21837
20864
20938
21838
20865
20939
21839
20866
20940
21840
20867
20941
21841
20868
20942
21842
20869
20943
21843
20870
20944
21844
20871
20945
21845
20872
20946
21846
20873
20947
21847
20874
20948
21848
20875
20949
21849
20876
20950
21850
20877
20951
21851
20878
20952
21852
20879
20953
21853
20880
20954
21854
20881
20955
21855
20882
20956
21856
20883
20957
21857
20884
20958
21858
20885
20959
21859
20886
20960
21860
20887
20961
21861
20888
20962
21862
20889
20963
21863
20890
20964
21864
20891
20965
21865
20892
20966
21866
20893
20967
21867
20894
20968
21868
20895
20969
21869
20896
20970
21870
20897
20971
21871
20898
20972
21872
20899
20973
21873
20900
20974
21874
20901
20975
21875
20902
20976
21876
20903
20977
21877
20904
20978
21878
20905
20979
21879
20906
20980
21880
20907
20981
21881
20908
20982
21882
20909
20983
21883
20910
20984
21884
20911
20985
21885
20912
20986
21886
20913
20987
21887
20914
20988
21888
20915
20989
21889
20916
20990
21890
20917
20991
21891
20918
20992
21892
20919
20993
21893
20920
20994
21894
20921
20995
21895
20922
20996
21896
20923
20997
21897
20924
20998
21898
20999
21899
20926
21000
21900
20927
21001
21901
20928
21002
21902
20929
21003
21903
20930
21004
21904
20931
21005
21905
20932
21006
21906
20933
21007
21907
20934
21008
21908
20935
21009
21909
20936
21010
21910
20937
21011
21911
20938
21012
21912
20939
21013
21913
20940
21014
21914
20941
21015
21915
20942
21016
21916
20943
21017
21917
20944
21018
21918
20945
21019
21919
20946
21020
21920
20947
21021
21921
20948
21022
21922
20949
21023
21923
20950
21024
21924
20951
21025
21925
20952
21026
21926
20953
21027
21927
20954
21028
21928
20955
21029
21929
20956
21030
21930
20957
21031
21931
20958
21032
21932
20959
21033
21933
20960
21034
21934
20961
21035
21935
20962
21036
21936
20963
21037
21937
20964
21038
21938
20965
21039
21939
20966
21040
21940
20967
21041
21941
20968
21042
21942
20969
21043
21943
20970
21044
21944
20971
21045
21945
20972
21046
21946
20973
21047
21947
20974
21048
21948
20975
21049
21949
20976
21050
21950
20977
21051
21951
20978
21052
21952
20979
21053
21953
20980
21054
21954
20981
21055
21955
20982
21056
21956
20983
21057
21957
20984
21058
21958
20985
21059
21959
20986
21060
21960
20987
21061
21961
20988
21062
21962
20989
21063
21963
20990
21064
21964
20991
21065
21965
20992
21066
21966
20993
21067
21967
20994
21068
21968
20995
21069
21969
20996
21070
21970
20997
21071
21971
20998
21072
21972
20999
21073
21973
21074
21974
21001
21075
21975
21002
21076
21976
21003
21077
21977
21004
21078
21978
21005
21079
21979
21006
21080
21980
21007
21081
21981
21008
21082
21982
21009
21083
21983
21010
21084
21984
21011
21085
21985
21012
21086
21986
21013
21087
21987
21014
21088
21988
21015
21089
21989
21016
21090
21990
21017
21091
21991
21018
21092
21992
21019
21093
21993
21020
21094
21994
21021
21095
21995
21022
21096
21996
21023
21097
21997
21024
21098
21998
21025
21099
21999
21026
21100
22000
21027
21101
22001
21028
21102
22002
21029
21103
22003
21030
21104
22004
21031
21105
22005
21032
21106
22006
21033
21107
22007
21034
21108
22008
21035
21109
22009
21036
21110
22010
21037
21111
22011
21038
21112
22012
21039
21113
22013
21040
21114
22014
21041
21115
22015
21042
21116
22016
21043
21117
22017
21044
21118
22018
21045
21119
22019
21046
21120
22020
21047
21121
22021
21048
21122
22022
21049
21123
22023
21050
21124
22024
21051
21125
22025
21052
21126
22026
21053
21127
22027
21054
21128
22028
21055
21129
22029
21056
21130
22030
21057
21131
22031
21058
21132
22032
21059
21133
22033
21060
21134
22034
21061
21135
22035
21062
21136
22036
21063
21137
22037
21064
21138
22038
21065
21139
22039
21066
21140
22040
21067
21141
22041
21068
21142
22042
21069
21143
22043
21070
21144
22044
21071
21145
22045
21072
21146
22046
21073
21147
22047
21074
21148
22048
21149
22049
21076
21150
22050
21077
21151
22051
21078
21152
22052
21079
21153
22053
21080
21154
22054
21081
21155
22055
21082
21156
22056
21083
21157
22057
21084
21158
22058
21085
21159
22059
21086
21160
22060
21087
21161
22061
21088
21162
22062
21089
21163
22063
21090
21164
22064
21091
21165
22065
21092
21166
22066
21093
21167
22067
21094
21168
22068
21095
21169
22069
21096
21170
22070
21097
21171
22071
21098
21172
22072
21099
21173
22073
21100
21174
22074
21101
21175
22075
21102
21176
22076
21103
21177
22077
21104
21178
22078
21105
21179
22079
21106
21180
22080
21107
21181
22081
21108
21182
22082
21109
21183
22083
21110
21184
22084
21111
21185
22085
21112
21186
22086
21113
21187
22087
21114
21188
22088
21115
21189
22089
21116
21190
22090
21117
21191
22091
21118
21192
22092
21119
21193
22093
21120
21194
22094
21121
21195
22095
21122
21196
22096
21123
21197
22097
21124
21198
22098
21125
21199
22099
21126
21200
22100
21127
21201
22101
21128
21202
22102
21129
21203
22103
21130
21204
22104
21131
21205
22105
21132
21206
22106
21133
21207
22107
21134
21208
22108
21135
21209
22109
21136
21210
22110
21137
21211
22111
21138
21212
22112
21139
21213
22113
21140
21214
22114
21141
21215
22115
21142
21216
22116
21143
21217
22117
21144
21218
22118
21145
21219
22119
21146
21220
22120
21147
21221
22121
21148
21222
22122
21149
21223
22123
21224
22124
21151
21225
22125
21152
21226
22126
21153
21227
22127
21154
21228
22128
21155
21229
22129
21156
21230
22130
21157
21231
22131
21158
21232
22132
21159
21233
22133
21160
21234
22134
21161
21235
22135
21162
21236
22136
21163
21237
22137
21164
21238
22138
21165
21239
22139
21166
21240
22140
21167
21241
22141
21168
21242
22142
21169
21243
22143
21170
21244
22144
21171
21245
22145
21172
21246
22146
21173
21247
22147
21174
21248
22148
21175
21249
22149
21176
21250
22150
21177
21251
22151
21178
21252
22152
21179
21253
22153
21180
21254
22154
21181
21255
22155
21182
21256
22156
21183
21257
22157
21184
21258
22158
21185
21259
22159
21186
21260
22160
21187
21261
22161
21188
21262
22162
21189
21263
22163
21190
21264
22164
21191
21265
22165
21192
21266
22166
21193
21267
22167
21194
21268
22168
21195
21269
22169
21196
21270
22170
21197
21271
22171
21198
21272
22172
21199
21273
22173
21200
21274
22174
21201
21275
22175
21202
21276
22176
21203
21277
22177
21204
21278
22178
21205
21279
22179
21206
21280
22180
21207
21281
22181
21208
21282
22182
21209
21283
22183
21210
21284
22184
21211
21285
22185
21212
21286
22186
21213
21287
22187
21214
21288
22188
21215
21289
22189
21216
21290
22190
21217
21291
22191
21218
21292
22192
21219
21293
22193
21220
21294
22194
21221
21295
22195
21222
21296
22196
21223
21297
22197
21224
21298
22198
21299
22199
21226
21300
22200
21227
21301
22201
21228
21302
22202
21229
21303
22203
21230
21304
22204
21231
21305
22205
21232
21306
22206
21233
21307
22207
21234
21308
22208
21235
21309
22209
21236
21310
22210
21237
21311
22211
21238
21312
22212
21239
21313
22213
21240
21314
22214
21241
21315
22215
21242
21316
22216
21243
21317
22217
21244
21318
22218
21245
21319
22219
21246
21320
22220
21247
21321
22221
21248
21322
22222
21249
21323
22223
21250
21324
22224
21251
21325
22225
21252
21326
22226
21253
21327
22227
21254
21328
22228
21255
21329
22229
21256
21330
22230
21257
21331
22231
21258
21332
22232
21259
21333
22233
21260
21334
22234
21261
21335
22235
21262
21336
22236
21263
21337
22237
21264
21338
22238
21265
21339
22239
21266
21340
22240
21267
21341
22241
21268
21342
22242
21269
21343
22243
21270
21344
22244
21271
21345
22245
21272
21346
22246
21273
21347
22247
21274
21348
22248
21275
21349
22249
21276
21350
22250
21277
21351
22251
21278
21352
22252
21279
21353
22253
21280
21354
22254
21281
21355
22255
21282
21356
22256
21283
21357
22257
21284
21358
22258
21285
21359
22259
21286
21360
22260
21287
21361
22261
21288
21362
22262
21289
21363
22263
21290
21364
22264
21291
21365
22265
21292
21366
22266
21293
21367
22267
21294
21368
22268
21295
21369
22269
21296
21370
22270
21297
21371
22271
21298
21372
22272
21299
21373
22273
21374
22274
21301
21375
22275
21302
21376
22276
21303
21377
22277
21304
21378
22278
21305
21379
22279
21306
21380
22280
21307
21381
22281
21308
21382
22282
21309
21383
22283
21310
21384
22284
21311
21385
22285
21312
21386
22286
21313
21387
22287
21314
21388
22288
21315
21389
22289
21316
21390
22290
21317
21391
22291
21318
21392
22292
21319
21393
22293
21320
21394
22294
21321
21395
22295
21322
21396
22296
21323
21397
22297
21324
21398
22298
21325
21399
22299
21326
21400
22300
21327
21401
22301
21328
21402
22302
21329
21403
22303
21330
21404
22304
21331
21405
22305
21332
21406
22306
21333
21407
22307
21334
21408
22308
21335
21409
22309
21336
21410
22310
21337
21411
22311
21338
21412
22312
21339
21413
22313
21340
21414
22314
21341
21415
22315
21342
21416
22316
21343
21417
22317
21344
21418
22318
21345
21419
22319
21346
21420
22320
21347
21421
22321
21348
21422
22322
21349
21423
22323
21350
21424
22324
21351
21425
22325
21352
21426
22326
21353
21427
22327
21354
21428
22328
21355
21429
22329
21356
21430
22330
21357
21431
22331
21358
21432
22332
21359
21433
22333
21360
21434
22334
21361
21435
22335
21362
21436
22336
21363
21437
22337
21364
21438
22338
21365
21439
22339
21366
21440
22340
21367
21441
22341
21368
21442
22342
21369
21443
22343
21370
21444
22344
21371
21445
22345
21372
21446
22346
21373
21447
22347
21374
21448
22348
21449
22349
21376
21450
22350
21377
21451
22351
21378
21452
22352
21379
21453
22353
21380
21454
22354
21381
21455
22355
21382
21456
22356
21383
21457
22357
21384
21458
22358
21385
21459
22359
21386
21460
22360
21387
21461
22361
21388
21462
22362
21389
21463
22363
21390
21464
22364
21391
21465
22365
21392
21466
22366
21393
21467
22367
21394
21468
22368
21395
21469
22369
21396
21470
22370
21397
21471
22371
21398
21472
22372
21399
21473
22373
21400
21474
22374
21401
21475
22375
21402
21476
22376
21403
21477
22377
21404
21478
22378
21405
21479
22379
21406
21480
22380
21407
21481
22381
21408
21482
22382
21409
21483
22383
21410
21484
22384
21411
21485
22385
21412
21486
22386
21413
21487
22387
21414
21488
22388
21415
21489
22389
21416
21490
22390
21417
21491
22391
21418
21492
22392
21419
21493
22393
21420
21494
22394
21421
21495
22395
21422
21496
22396
21423
21497
22397
21424
21498
22398
21425
21499
22399
21426
21500
22400
21427
21501
22401
21428
21502
22402
21429
21503
22403
21430
21504
22404
21431
21505
22405
21432
21506
22406
21433
21507
22407
21434
21508
22408
21435
21509
22409
21436
21510
22410
21437
21511
22411
21438
21512
22412
21439
21513
22413
21440
21514
22414
21441
21515
22415
21442
21516
22416
21443
21517
22417
21444
21518
22418
21445
21519
22419
21446
21520
22420
21447
21521
22421
21448
21522
22422
21449
21523
22423
21524
22424
21451
21525
22425
21452
21526
22426
21453
21527
22427
21454
21528
22428
21455
21529
22429
21456
21530
22430
21457
21531
22431
21458
21532
22432
21459
21533
22433
21460
21534
22434
21461
21535
22435
21462
21536
22436
21463
21537
22437
21464
21538
22438
21465
21539
22439
21466
21540
22440
21467
21541
22441
21468
21542
22442
21469
21543
22443
21470
21544
22444
21471
21545
22445
21472
21546
22446
21473
21547
22447
21474
21548
22448
21475
21549
22449
21476
21550
22450
21477
21551
22451
21478
21552
22452
21479
21553
22453
21480
21554
22454
21481
21555
22455
21482
21556
22456
21483
21557
22457
21484
21558
22458
21485
21559
22459
21486
21560
22460
21487
21561
22461
21488
21562
22462
21489
21563
22463
21490
21564
22464
21491
21565
22465
21492
21566
22466
21493
21567
22467
21494
21568
22468
21495
21569
22469
21496
21570
22470
21497
21571
22471
21498
21572
22472
21499
21573
22473
21500
21574
22474
21501
21575
22475
21502
21576
22476
21503
21577
22477
21504
21578
22478
21505
21579
22479
21506
21580
22480
21507
21581
22481
21508
21582
22482
21509
21583
22483
21510
21584
22484
21511
21585
22485
21512
21586
22486
21513
21587
22487
21514
21588
22488
21515
21589
22489
21516
21590
22490
21517
21591
22491
21518
21592
22492
21519
21593
22493
21520
21594
22494
21521
21595
22495
21522
21596
22496
21523
21597
22497
21524
21598
22498
21599
22499
21526
22500
21527
22501
21528
22502
21529
22503
21530
22504
21531
22505
21532
22506
21533
22507
21534
22508
21535
22509
21536
22510
21537
22511
21538
22512
21539
22513
21540
22514
21541
22515
21542
22516
21543
22517
21544
22518
21545
22519
21546
22520
21547
22521
21548
22522
21549
22523
21550
22524
21551
22525
21552
22526
21553
22527
21554
22528
21555
22529
21556
22530
21557
22531
21558
22532
21559
22533
21560
22534
21561
22535
21562
22536
21563
22537
21564
22538
21565
22539
21566
22540
21567
22541
21568
22542
21569
22543
21570
22544
21571
22545
21572
22546
21573
22547
21574
22548
21575
22549
21576
22550
21577
22551
21578
22552
21579
22553
21580
22554
21581
22555
21582
22556
21583
22557
21584
22558
21585
22559
21586
22560
21587
22561
21588
22562
21589
22563
21590
22564
21591
22565
21592
22566
21593
22567
21594
22568
21595
22569
21596
22570
21597
22571
21598
22572
21599
22573
22574
21601
21675
22575
21602
21676
22576
21603
21677
22577
21604
21678
22578
21605
21679
22579
21606
21680
22580
21607
21681
22581
21608
21682
22582
21609
21683
22583
21610
21684
22584
21611
21685
22585
21612
21686
22586
21613
21687
22587
21614
21688
22588
21615
21689
22589
21616
21690
22590
21617
21691
22591
21618
21692
22592
21619
21693
22593
21620
21694
22594
21621
21695
22595
21622
21696
22596
21623
21697
22597
21624
21698
22598
21625
21699
22599
21626
21700
22600
21627
21701
22601
21628
21702
22602
21629
21703
22603
21630
21704
22604
21631
21705
22605
21632
21706
22606
21633
21707
22607
21634
21708
22608
21635
21709
22609
21636
21710
22610
21637
21711
22611
21638
21712
22612
21639
21713
22613
21640
21714
22614
21641
21715
22615
21642
21716
22616
21643
21717
22617
21644
21718
22618
21645
21719
22619
21646
21720
22620
21647
21721
22621
21648
21722
22622
21649
21723
22623
21650
21724
22624
21651
21725
22625
21652
21726
22626
21653
21727
22627
21654
21728
22628
21655
21729
22629
21656
21730
22630
21657
21731
22631
21658
21732
22632
21659
21733
22633
21660
21734
22634
21661
21735
22635
21662
21736
22636
21663
21737
22637
21664
21738
22638
21665
21739
22639
21666
21740
22640
21667
21741
22641
21668
21742
22642
21669
21743
22643
21670
21744
22644
21671
21745
22645
21672
21746
22646
21673
21747
22647
21674
21748
22648
21749
22649
21676
21750
22650
21677
21751
22651
21678
21752
22652
21679
21753
22653
21680
21754
22654
21681
21755
22655
21682
21756
22656
21683
21757
22657
21684
21758
22658
21685
21759
22659
21686
21760
22660
21687
21761
22661
21688
21762
22662
21689
21763
22663
21690
21764
22664
21691
21765
22665
21692
21766
22666
21693
21767
22667
21694
21768
22668
21695
21769
22669
21696
21770
22670
21697
21771
22671
21698
21772
22672
21699
21773
22673
21700
21774
22674
21701
21775
22675
21702
21776
22676
21703
21777
22677
21704
21778
22678
21705
21779
22679
21706
21780
22680
21707
21781
22681
21708
21782
22682
21709
21783
22683
21710
21784
22684
21711
21785
22685
21712
21786
22686
21713
21787
22687
21714
21788
22688
21715
21789
22689
21716
21790
22690
21717
21791
22691
21718
21792
22692
21719
21793
22693
21720
21794
22694
21721
21795
22695
21722
21796
22696
21723
21797
22697
21724
21798
22698
21725
21799
22699
21726
21800
22700
21727
21801
22701
21728
21802
22702
21729
21803
22703
21730
21804
22704
21731
21805
22705
21732
21806
22706
21733
21807
22707
21734
21808
22708
21735
21809
22709
21736
21810
22710
21737
21811
22711
21738
21812
22712
21739
21813
22713
21740
21814
22714
21741
21815
22715
21742
21816
22716
21743
21817
22717
21744
21818
22718
21745
21819
22719
21746
21820
22720
21747
21821
22721
21748
21822
22722
21749
21823
22723
21824
22724
21751
21825
22725
21752
21826
22726
21753
21827
22727
21754
21828
22728
21755
21829
22729
21756
21830
22730
21757
21831
22731
21758
21832
22732
21759
21833
22733
21760
21834
22734
21761
21835
22735
21762
21836
22736
21763
21837
22737
21764
21838
22738
21765
21839
22739
21766
21840
22740
21767
21841
22741
21768
21842
22742
21769
21843
22743
21770
21844
22744
21771
21845
22745
21772
21846
22746
21773
21847
22747
21774
21848
22748
21775
21849
22749
21776
21850
22750
21777
21851
22751
21778
21852
22752
21779
21853
22753
21780
21854
22754
21781
21855
22755
21782
21856
22756
21783
21857
22757
21784
21858
22758
21785
21859
22759
21786
21860
22760
21787
21861
22761
21788
21862
22762
21789
21863
22763
21790
21864
22764
21791
21865
22765
21792
21866
22766
21793
21867
22767
21794
21868
22768
21795
21869
22769
21796
21870
22770
21797
21871
22771
21798
21872
22772
21799
21873
22773
21800
21874
22774
21801
21875
22775
21802
21876
22776
21803
21877
22777
21804
21878
22778
21805
21879
22779
21806
21880
22780
21807
21881
22781
21808
21882
22782
21809
21883
22783
21810
21884
22784
21811
21885
22785
21812
21886
22786
21813
21887
22787
21814
21888
22788
21815
21889
22789
21816
21890
22790
21817
21891
22791
21818
21892
22792
21819
21893
22793
21820
21894
22794
21821
21895
22795
21822
21896
22796
21823
21897
22797
21824
21898
22798
21899
22799
21826
21900
22800
21827
21901
22801
21828
21902
22802
21829
21903
22803
21830
21904
22804
21831
21905
22805
21832
21906
22806
21833
21907
22807
21834
21908
22808
21835
21909
22809
21836
21910
22810
21837
21911
22811
21838
21912
22812
21839
21913
22813
21840
21914
22814
21841
21915
22815
21842
21916
22816
21843
21917
22817
21844
21918
22818
21845
21919
22819
21846
21920
22820
21847
21921
22821
21848
21922
22822
21849
21923
22823
21850
21924
22824
21851
21925
22825
21852
21926
22826
21853
21927
22827
21854
21928
22828
21855
21929
22829
21856
21930
22830
21857
21931
22831
21858
21932
22832
21859
21933
22833
21860
21934
22834
21861
21935
22835
21862
21936
22836
21863
21937
22837
21864
21938
22838
21865
21939
22839
21866
21940
22840
21867
21941
22841
21868
21942
22842
21869
21943
22843
21870
21944
22844
21871
21945
22845
21872
21946
22846
21873
21947
22847
21874
21948
22848
21875
21949
22849
21876
21950
22850
21877
21951
22851
21878
21952
22852
21879
21953
22853
21880
21954
22854
21881
21955
22855
21882
21956
22856
21883
21957
22857
21884
21958
22858
21885
21959
22859
21886
21960
22860
21887
21961
22861
21888
21962
22862
21889
21963
22863
21890
21964
22864
21891
21965
22865
21892
21966
22866
21893
21967
22867
21894
21968
22868
21895
21969
22869
21896
21970
22870
21897
21971
22871
21898
21972
22872
21899
21973
22873
21974
22874
21901
21975
22875
21902
21976
22876
21903
21977
22877
21904
21978
22878
21905
21979
22879
21906
21980
22880
21907
21981
22881
21908
21982
22882
21909
21983
22883
21910
21984
22884
21911
21985
22885
21912
21986
22886
21913
21987
22887
21914
21988
22888
21915
21989
22889
21916
21990
22890
21917
21991
22891
21918
21992
22892
21919
21993
22893
21920
21994
22894
21921
21995
22895
21922
21996
22896
21923
21997
22897
21924
21998
22898
21925
21999
22899
21926
22000
22900
21927
22001
22901
21928
22002
22902
21929
22003
22903
21930
22004
22904
21931
22005
22905
21932
22006
22906
21933
22007
22907
21934
22008
22908
21935
22009
22909
21936
22010
22910
21937
22011
22911
21938
22012
22912
21939
22013
22913
21940
22014
22914
21941
22015
22915
21942
22016
22916
21943
22017
22917
21944
22018
22918
21945
22019
22919
21946
22020
22920
21947
22021
22921
21948
22022
22922
21949
22023
22923
21950
22024
22924
21951
22025
22925
21952
22026
22926
21953
22027
22927
21954
22028
22928
21955
22029
22929
21956
22030
22930
21957
22031
22931
21958
22032
22932
21959
22033
22933
21960
22034
22934
21961
22035
22935
21962
22036
22936
21963
22037
22937
21964
22038
22938
21965
22039
22939
21966
22040
22940
21967
22041
22941
21968
22042
22942
21969
22043
22943
21970
22044
22944
21971
22045
22945
21972
22046
22946
21973
22047
22947
21974
22048
22948
22049
22949
21976
22050
22950
21977
22051
22951
21978
22052
22952
21979
22053
22953
21980
22054
22954
21981
22055
22955
21982
22056
22956
21983
22057
22957
21984
22058
22958
21985
22059
22959
21986
22060
22960
21987
22061
22961
21988
22062
22962
21989
22063
22963
21990
22064
22964
21991
22065
22965
21992
22066
22966
21993
22067
22967
21994
22068
22968
21995
22069
22969
21996
22070
22970
21997
22071
22971
21998
22072
22972
21999
22073
22973
22000
22074
22974
22001
22075
22975
22002
22076
22976
22003
22077
22977
22004
22078
22978
22005
22079
22979
22006
22080
22980
22007
22081
22981
22008
22082
22982
22009
22083
22983
22010
22084
22984
22011
22085
22985
22012
22086
22986
22013
22087
22987
22014
22088
22988
22015
22089
22989
22016
22090
22990
22017
22091
22991
22018
22092
22992
22019
22093
22993
22020
22094
22994
22021
22095
22995
22022
22096
22996
22023
22097
22997
22024
22098
22998
22025
22099
22999
22026
22100
23000
22027
22101
23001
22028
22102
23002
22029
22103
23003
22030
22104
23004
22031
22105
23005
22032
22106
23006
22033
22107
23007
22034
22108
23008
22035
22109
23009
22036
22110
23010
22037
22111
23011
22038
22112
23012
22039
22113
23013
22040
22114
23014
22041
22115
23015
22042
22116
23016
22043
22117
23017
22044
22118
23018
22045
22119
23019
22046
22120
23020
22047
22121
23021
22048
22122
23022
22049
22123
23023
22124
23024
22051
22125
23025
22052
22126
23026
22053
22127
23027
22054
22128
23028
22055
22129
23029
22056
22130
23030
22057
22131
23031
22058
22132
23032
22059
22133
23033
22060
22134
23034
22061
22135
23035
22062
22136
23036
22063
22137
23037
22064
22138
23038
22065
22139
23039
22066
22140
23040
22067
22141
23041
22068
22142
23042
22069
22143
23043
22070
22144
23044
22071
22145
23045
22072
22146
23046
22073
22147
23047
22074
22148
23048
22075
22149
23049
22076
22150
23050
22077
22151
23051
22078
22152
23052
22079
22153
23053
22080
22154
23054
22081
22155
23055
22082
22156
23056
22083
22157
23057
22084
22158
23058
22085
22159
23059
22086
22160
23060
22087
22161
23061
22088
22162
23062
22089
22163
23063
22090
22164
23064
22091
22165
23065
22092
22166
23066
22093
22167
23067
22094
22168
23068
22095
22169
23069
22096
22170
23070
22097
22171
23071
22098
22172
23072
22099
22173
23073
22100
22174
23074
22101
22175
23075
22102
22176
23076
22103
22177
23077
22104
22178
23078
22105
22179
23079
22106
22180
23080
22107
22181
23081
22108
22182
23082
22109
22183
23083
22110
22184
23084
22111
22185
23085
22112
22186
23086
22113
22187
23087
22114
22188
23088
22115
22189
23089
22116
22190
23090
22117
22191
23091
22118
22192
23092
22119
22193
23093
22120
22194
23094
22121
22195
23095
22122
22196
23096
22123
22197
23097
22124
22198
23098
22199
23099
22126
22200
23100
22127
22201
23101
22128
22202
23102
22129
22203
23103
22130
22204
23104
22131
22205
23105
22132
22206
23106
22133
22207
23107
22134
22208
23108
22135
22209
23109
22136
22210
23110
22137
22211
23111
22138
22212
23112
22139
22213
23113
22140
22214
23114
22141
22215
23115
22142
22216
23116
22143
22217
23117
22144
22218
23118
22145
22219
23119
22146
22220
23120
22147
22221
23121
22148
22222
23122
22149
22223
23123
22150
22224
23124
22151
22225
23125
22152
22226
23126
22153
22227
23127
22154
22228
23128
22155
22229
23129
22156
22230
23130
22157
22231
23131
22158
22232
23132
22159
22233
23133
22160
22234
23134
22161
22235
23135
22162
22236
23136
22163
22237
23137
22164
22238
23138
22165
22239
23139
22166
22240
23140
22167
22241
23141
22168
22242
23142
22169
22243
23143
22170
22244
23144
22171
22245
23145
22172
22246
23146
22173
22247
23147
22174
22248
23148
22175
22249
23149
22176
22250
23150
22177
22251
23151
22178
22252
23152
22179
22253
23153
22180
22254
23154
22181
22255
23155
22182
22256
23156
22183
22257
23157
22184
22258
23158
22185
22259
23159
22186
22260
23160
22187
22261
23161
22188
22262
23162
22189
22263
23163
22190
22264
23164
22191
22265
23165
22192
22266
23166
22193
22267
23167
22194
22268
23168
22195
22269
23169
22196
22270
23170
22197
22271
23171
22198
22272
23172
22199
22273
23173
22274
23174
22201
22275
23175
22202
22276
23176
22203
22277
23177
22204
22278
23178
22205
22279
23179
22206
22280
23180
22207
22281
23181
22208
22282
23182
22209
22283
23183
22210
22284
23184
22211
22285
23185
22212
22286
23186
22213
22287
23187
22214
22288
23188
22215
22289
23189
22216
22290
23190
22217
22291
23191
22218
22292
23192
22219
22293
23193
22220
22294
23194
22221
22295
23195
22222
22296
23196
22223
22297
23197
22224
22298
23198
22225
22299
23199
22226
22300
23200
22227
22301
23201
22228
22302
23202
22229
22303
23203
22230
22304
23204
22231
22305
23205
22232
22306
23206
22233
22307
23207
22234
22308
23208
22235
22309
23209
22236
22310
23210
22237
22311
23211
22238
22312
23212
22239
22313
23213
22240
22314
23214
22241
22315
23215
22242
22316
23216
22243
22317
23217
22244
22318
23218
22245
22319
23219
22246
22320
23220
22247
22321
23221
22248
22322
23222
22249
22323
23223
22250
22324
23224
22251
22325
23225
22252
22326
23226
22253
22327
23227
22254
22328
23228
22255
22329
23229
22256
22330
23230
22257
22331
23231
22258
22332
23232
22259
22333
23233
22260
22334
23234
22261
22335
23235
22262
22336
23236
22263
22337
23237
22264
22338
23238
22265
22339
23239
22266
22340
23240
22267
22341
23241
22268
22342
23242
22269
22343
23243
22270
22344
23244
22271
22345
23245
22272
22346
23246
22273
22347
23247
22274
22348
23248
22349
23249
22276
22350
23250
22277
22351
23251
22278
22352
23252
22279
22353
23253
22280
22354
23254
22281
22355
23255
22282
22356
23256
22283
22357
23257
22284
22358
23258
22285
22359
23259
22286
22360
23260
22287
22361
23261
22288
22362
23262
22289
22363
23263
22290
22364
23264
22291
22365
23265
22292
22366
23266
22293
22367
23267
22294
22368
23268
22295
22369
23269
22296
22370
23270
22297
22371
23271
22298
22372
23272
22299
22373
23273
22300
22374
23274
22301
22375
23275
22302
22376
23276
22303
22377
23277
22304
22378
23278
22305
22379
23279
22306
22380
23280
22307
22381
23281
22308
22382
23282
22309
22383
23283
22310
22384
23284
22311
22385
23285
22312
22386
23286
22313
22387
23287
22314
22388
23288
22315
22389
23289
22316
22390
23290
22317
22391
23291
22318
22392
23292
22319
22393
23293
22320
22394
23294
22321
22395
23295
22322
22396
23296
22323
22397
23297
22324
22398
23298
22325
22399
23299
22326
22400
23300
22327
22401
23301
22328
22402
23302
22329
22403
23303
22330
22404
23304
22331
22405
23305
22332
22406
23306
22333
22407
23307
22334
22408
23308
22335
22409
23309
22336
22410
23310
22337
22411
23311
22338
22412
23312
22339
22413
23313
22340
22414
23314
22341
22415
23315
22342
22416
23316
22343
22417
23317
22344
22418
23318
22345
22419
23319
22346
22420
23320
22347
22421
23321
22348
22422
23322
22349
22423
23323
22424
23324
22351
22425
23325
22352
22426
23326
22353
22427
23327
22354
22428
23328
22355
22429
23329
22356
22430
23330
22357
22431
23331
22358
22432
23332
22359
22433
23333
22360
22434
23334
22361
22435
23335
22362
22436
23336
22363
22437
23337
22364
22438
23338
22365
22439
23339
22366
22440
23340
22367
22441
23341
22368
22442
23342
22369
22443
23343
22370
22444
23344
22371
22445
23345
22372
22446
23346
22373
22447
23347
22374
22448
23348
22375
22449
23349
22376
22450
23350
22377
22451
23351
22378
22452
23352
22379
22453
23353
22380
22454
23354
22381
22455
23355
22382
22456
23356
22383
22457
23357
22384
22458
23358
22385
22459
23359
22386
22460
23360
22387
22461
23361
22388
22462
23362
22389
22463
23363
22390
22464
23364
22391
22465
23365
22392
22466
23366
22393
22467
23367
22394
22468
23368
22395
22469
23369
22396
22470
23370
22397
22471
23371
22398
22472
23372
22399
22473
23373
22400
22474
23374
22401
22475
23375
22402
22476
23376
22403
22477
23377
22404
22478
23378
22405
22479
23379
22406
22480
23380
22407
22481
23381
22408
22482
23382
22409
22483
23383
22410
22484
23384
22411
22485
23385
22412
22486
23386
22413
22487
23387
22414
22488
23388
22415
22489
23389
22416
22490
23390
22417
22491
23391
22418
22492
23392
22419
22493
23393
22420
22494
23394
22421
22495
23395
22422
22496
23396
22423
22497
23397
22424
22498
23398
22499
23399
22426
22500
23400
22427
22501
23401
22428
22502
23402
22429
22503
23403
22430
22504
23404
22431
22505
23405
22432
22506
23406
22433
22507
23407
22434
22508
23408
22435
22509
23409
22436
22510
23410
22437
22511
23411
22438
22512
23412
22439
22513
23413
22440
22514
23414
22441
22515
23415
22442
22516
23416
22443
22517
23417
22444
22518
23418
22445
22519
23419
22446
22520
23420
22447
22521
23421
22448
22522
23422
22449
22523
23423
22450
22524
23424
22451
22525
23425
22452
22526
23426
22453
22527
23427
22454
22528
23428
22455
22529
23429
22456
22530
23430
22457
22531
23431
22458
22532
23432
22459
22533
23433
22460
22534
23434
22461
22535
23435
22462
22536
23436
22463
22537
23437
22464
22538
23438
22465
22539
23439
22466
22540
23440
22467
22541
23441
22468
22542
23442
22469
22543
23443
22470
22544
23444
22471
22545
23445
22472
22546
23446
22473
22547
23447
22474
22548
23448
22475
22549
23449
22476
22550
23450
22477
22551
23451
22478
22552
23452
22479
22553
23453
22480
22554
23454
22481
22555
23455
22482
22556
23456
22483
22557
23457
22484
22558
23458
22485
22559
23459
22486
22560
23460
22487
22561
23461
22488
22562
23462
22489
22563
23463
22490
22564
23464
22491
22565
23465
22492
22566
23466
22493
22567
23467
22494
22568
23468
22495
22569
23469
22496
22570
23470
22497
22571
23471
22498
22572
23472
22499
22573
23473
22574
23474
22501
23475
22502
23476
22503
23477
22504
23478
22505
23479
22506
23480
22507
23481
22508
23482
22509
23483
22510
23484
22511
23485
22512
23486
22513
23487
22514
23488
22515
23489
22516
23490
22517
23491
22518
23492
22519
23493
22520
23494
22521
23495
22522
23496
22523
23497
22524
23498
22525
23499
22526
23500
22527
23501
22528
23502
22529
23503
22530
23504
22531
23505
22532
23506
22533
23507
22534
23508
22535
23509
22536
23510
22537
23511
22538
23512
22539
23513
22540
23514
22541
23515
22542
23516
22543
23517
22544
23518
22545
23519
22546
23520
22547
23521
22548
23522
22549
23523
22550
23524
22551
23525
22552
23526
22553
23527
22554
23528
22555
23529
22556
23530
22557
23531
22558
23532
22559
23533
22560
23534
22561
23535
22562
23536
22563
23537
22564
23538
22565
23539
22566
23540
22567
23541
22568
23542
22569
23543
22570
23544
22571
23545
22572
23546
22573
23547
22574
23548
23549
22576
22650
23550
22577
22651
23551
22578
22652
23552
22579
22653
23553
22580
22654
23554
22581
22655
23555
22582
22656
23556
22583
22657
23557
22584
22658
23558
22585
22659
23559
22586
22660
23560
22587
22661
23561
22588
22662
23562
22589
22663
23563
22590
22664
23564
22591
22665
23565
22592
22666
23566
22593
22667
23567
22594
22668
23568
22595
22669
23569
22596
22670
23570
22597
22671
23571
22598
22672
23572
22599
22673
23573
22600
22674
23574
22601
22675
23575
22602
22676
23576
22603
22677
23577
22604
22678
23578
22605
22679
23579
22606
22680
23580
22607
22681
23581
22608
22682
23582
22609
22683
23583
22610
22684
23584
22611
22685
23585
22612
22686
23586
22613
22687
23587
22614
22688
23588
22615
22689
23589
22616
22690
23590
22617
22691
23591
22618
22692
23592
22619
22693
23593
22620
22694
23594
22621
22695
23595
22622
22696
23596
22623
22697
23597
22624
22698
23598
22625
22699
23599
22626
22700
23600
22627
22701
23601
22628
22702
23602
22629
22703
23603
22630
22704
23604
22631
22705
23605
22632
22706
23606
22633
22707
23607
22634
22708
23608
22635
22709
23609
22636
22710
23610
22637
22711
23611
22638
22712
23612
22639
22713
23613
22640
22714
23614
22641
22715
23615
22642
22716
23616
22643
22717
23617
22644
22718
23618
22645
22719
23619
22646
22720
23620
22647
22721
23621
22648
22722
23622
22649
22723
23623
22724
23624
22651
22725
23625
22652
22726
23626
22653
22727
23627
22654
22728
23628
22655
22729
23629
22656
22730
23630
22657
22731
23631
22658
22732
23632
22659
22733
23633
22660
22734
23634
22661
22735
23635
22662
22736
23636
22663
22737
23637
22664
22738
23638
22665
22739
23639
22666
22740
23640
22667
22741
23641
22668
22742
23642
22669
22743
23643
22670
22744
23644
22671
22745
23645
22672
22746
23646
22673
22747
23647
22674
22748
23648
22675
22749
23649
22676
22750
23650
22677
22751
23651
22678
22752
23652
22679
22753
23653
22680
22754
23654
22681
22755
23655
22682
22756
23656
22683
22757
23657
22684
22758
23658
22685
22759
23659
22686
22760
23660
22687
22761
23661
22688
22762
23662
22689
22763
23663
22690
22764
23664
22691
22765
23665
22692
22766
23666
22693
22767
23667
22694
22768
23668
22695
22769
23669
22696
22770
23670
22697
22771
23671
22698
22772
23672
22699
22773
23673
22700
22774
23674
22701
22775
23675
22702
22776
23676
22703
22777
23677
22704
22778
23678
22705
22779
23679
22706
22780
23680
22707
22781
23681
22708
22782
23682
22709
22783
23683
22710
22784
23684
22711
22785
23685
22712
22786
23686
22713
22787
23687
22714
22788
23688
22715
22789
23689
22716
22790
23690
22717
22791
23691
22718
22792
23692
22719
22793
23693
22720
22794
23694
22721
22795
23695
22722
22796
23696
22723
22797
23697
22724
22798
23698
22799
23699
22726
22800
23700
22727
22801
23701
22728
22802
23702
22729
22803
23703
22730
22804
23704
22731
22805
23705
22732
22806
23706
22733
22807
23707
22734
22808
23708
22735
22809
23709
22736
22810
23710
22737
22811
23711
22738
22812
23712
22739
22813
23713
22740
22814
23714
22741
22815
23715
22742
22816
23716
22743
22817
23717
22744
22818
23718
22745
22819
23719
22746
22820
23720
22747
22821
23721
22748
22822
23722
22749
22823
23723
22750
22824
23724
22751
22825
23725
22752
22826
23726
22753
22827
23727
22754
22828
23728
22755
22829
23729
22756
22830
23730
22757
22831
23731
22758
22832
23732
22759
22833
23733
22760
22834
23734
22761
22835
23735
22762
22836
23736
22763
22837
23737
22764
22838
23738
22765
22839
23739
22766
22840
23740
22767
22841
23741
22768
22842
23742
22769
22843
23743
22770
22844
23744
22771
22845
23745
22772
22846
23746
22773
22847
23747
22774
22848
23748
22775
22849
23749
22776
22850
23750
22777
22851
23751
22778
22852
23752
22779
22853
23753
22780
22854
23754
22781
22855
23755
22782
22856
23756
22783
22857
23757
22784
22858
23758
22785
22859
23759
22786
22860
23760
22787
22861
23761
22788
22862
23762
22789
22863
23763
22790
22864
23764
22791
22865
23765
22792
22866
23766
22793
22867
23767
22794
22868
23768
22795
22869
23769
22796
22870
23770
22797
22871
23771
22798
22872
23772
22799
22873
23773
22874
23774
22801
22875
23775
22802
22876
23776
22803
22877
23777
22804
22878
23778
22805
22879
23779
22806
22880
23780
22807
22881
23781
22808
22882
23782
22809
22883
23783
22810
22884
23784
22811
22885
23785
22812
22886
23786
22813
22887
23787
22814
22888
23788
22815
22889
23789
22816
22890
23790
22817
22891
23791
22818
22892
23792
22819
22893
23793
22820
22894
23794
22821
22895
23795
22822
22896
23796
22823
22897
23797
22824
22898
23798
22825
22899
23799
22826
22900
23800
22827
22901
23801
22828
22902
23802
22829
22903
23803
22830
22904
23804
22831
22905
23805
22832
22906
23806
22833
22907
23807
22834
22908
23808
22835
22909
23809
22836
22910
23810
22837
22911
23811
22838
22912
23812
22839
22913
23813
22840
22914
23814
22841
22915
23815
22842
22916
23816
22843
22917
23817
22844
22918
23818
22845
22919
23819
22846
22920
23820
22847
22921
23821
22848
22922
23822
22849
22923
23823
22850
22924
23824
22851
22925
23825
22852
22926
23826
22853
22927
23827
22854
22928
23828
22855
22929
23829
22856
22930
23830
22857
22931
23831
22858
22932
23832
22859
22933
23833
22860
22934
23834
22861
22935
23835
22862
22936
23836
22863
22937
23837
22864
22938
23838
22865
22939
23839
22866
22940
23840
22867
22941
23841
22868
22942
23842
22869
22943
23843
22870
22944
23844
22871
22945
23845
22872
22946
23846
22873
22947
23847
22874
22948
23848
22949
23849
22876
22950
23850
22877
22951
23851
22878
22952
23852
22879
22953
23853
22880
22954
23854
22881
22955
23855
22882
22956
23856
22883
22957
23857
22884
22958
23858
22885
22959
23859
22886
22960
23860
22887
22961
23861
22888
22962
23862
22889
22963
23863
22890
22964
23864
22891
22965
23865
22892
22966
23866
22893
22967
23867
22894
22968
23868
22895
22969
23869
22896
22970
23870
22897
22971
23871
22898
22972
23872
22899
22973
23873
22900
22974
23874
22901
22975
23875
22902
22976
23876
22903
22977
23877
22904
22978
23878
22905
22979
23879
22906
22980
23880
22907
22981
23881
22908
22982
23882
22909
22983
23883
22910
22984
23884
22911
22985
23885
22912
22986
23886
22913
22987
23887
22914
22988
23888
22915
22989
23889
22916
22990
23890
22917
22991
23891
22918
22992
23892
22919
22993
23893
22920
22994
23894
22921
22995
23895
22922
22996
23896
22923
22997
23897
22924
22998
23898
22925
22999
23899
22926
23000
23900
22927
23001
23901
22928
23002
23902
22929
23003
23903
22930
23004
23904
22931
23005
23905
22932
23006
23906
22933
23007
23907
22934
23008
23908
22935
23009
23909
22936
23010
23910
22937
23011
23911
22938
23012
23912
22939
23013
23913
22940
23014
23914
22941
23015
23915
22942
23016
23916
22943
23017
23917
22944
23018
23918
22945
23019
23919
22946
23020
23920
22947
23021
23921
22948
23022
23922
22949
23023
23923
23024
23924
22951
23025
23925
22952
23026
23926
22953
23027
23927
22954
23028
23928
22955
23029
23929
22956
23030
23930
22957
23031
23931
22958
23032
23932
22959
23033
23933
22960
23034
23934
22961
23035
23935
22962
23036
23936
22963
23037
23937
22964
23038
23938
22965
23039
23939
22966
23040
23940
22967
23041
23941
22968
23042
23942
22969
23043
23943
22970
23044
23944
22971
23045
23945
22972
23046
23946
22973
23047
23947
22974
23048
23948
22975
23049
23949
22976
23050
23950
22977
23051
23951
22978
23052
23952
22979
23053
23953
22980
23054
23954
22981
23055
23955
22982
23056
23956
22983
23057
23957
22984
23058
23958
22985
23059
23959
22986
23060
23960
22987
23061
23961
22988
23062
23962
22989
23063
23963
22990
23064
23964
22991
23065
23965
22992
23066
23966
22993
23067
23967
22994
23068
23968
22995
23069
23969
22996
23070
23970
22997
23071
23971
22998
23072
23972
22999
23073
23973
23000
23074
23974
23001
23075
23975
23002
23076
23976
23003
23077
23977
23004
23078
23978
23005
23079
23979
23006
23080
23980
23007
23081
23981
23008
23082
23982
23009
23083
23983
23010
23084
23984
23011
23085
23985
23012
23086
23986
23013
23087
23987
23014
23088
23988
23015
23089
23989
23016
23090
23990
23017
23091
23991
23018
23092
23992
23019
23093
23993
23020
23094
23994
23021
23095
23995
23022
23096
23996
23023
23097
23997
23024
23098
23998
23099
23999
23026
23100
24000
23027
23101
24001
23028
23102
24002
23029
23103
24003
23030
23104
24004
23031
23105
24005
23032
23106
24006
23033
23107
24007
23034
23108
24008
23035
23109
24009
23036
23110
24010
23037
23111
24011
23038
23112
24012
23039
23113
24013
23040
23114
24014
23041
23115
24015
23042
23116
24016
23043
23117
24017
23044
23118
24018
23045
23119
24019
23046
23120
24020
23047
23121
24021
23048
23122
24022
23049
23123
24023
23050
23124
24024
23051
23125
24025
23052
23126
24026
23053
23127
24027
23054
23128
24028
23055
23129
24029
23056
23130
24030
23057
23131
24031
23058
23132
24032
23059
23133
24033
23060
23134
24034
23061
23135
24035
23062
23136
24036
23063
23137
24037
23064
23138
24038
23065
23139
24039
23066
23140
24040
23067
23141
24041
23068
23142
24042
23069
23143
24043
23070
23144
24044
23071
23145
24045
23072
23146
24046
23073
23147
24047
23074
23148
24048
23075
23149
24049
23076
23150
24050
23077
23151
24051
23078
23152
24052
23079
23153
24053
23080
23154
24054
23081
23155
24055
23082
23156
24056
23083
23157
24057
23084
23158
24058
23085
23159
24059
23086
23160
24060
23087
23161
24061
23088
23162
24062
23089
23163
24063
23090
23164
24064
23091
23165
24065
23092
23166
24066
23093
23167
24067
23094
23168
24068
23095
23169
24069
23096
23170
24070
23097
23171
24071
23098
23172
24072
23099
23173
24073
23174
24074
23101
23175
24075
23102
23176
24076
23103
23177
24077
23104
23178
24078
23105
23179
24079
23106
23180
24080
23107
23181
24081
23108
23182
24082
23109
23183
24083
23110
23184
24084
23111
23185
24085
23112
23186
24086
23113
23187
24087
23114
23188
24088
23115
23189
24089
23116
23190
24090
23117
23191
24091
23118
23192
24092
23119
23193
24093
23120
23194
24094
23121
23195
24095
23122
23196
24096
23123
23197
24097
23124
23198
24098
23125
23199
24099
23126
23200
24100
23127
23201
24101
23128
23202
24102
23129
23203
24103
23130
23204
24104
23131
23205
24105
23132
23206
24106
23133
23207
24107
23134
23208
24108
23135
23209
24109
23136
23210
24110
23137
23211
24111
23138
23212
24112
23139
23213
24113
23140
23214
24114
23141
23215
24115
23142
23216
24116
23143
23217
24117
23144
23218
24118
23145
23219
24119
23146
23220
24120
23147
23221
24121
23148
23222
24122
23149
23223
24123
23150
23224
24124
23151
23225
24125
23152
23226
24126
23153
23227
24127
23154
23228
24128
23155
23229
24129
23156
23230
24130
23157
23231
24131
23158
23232
24132
23159
23233
24133
23160
23234
24134
23161
23235
24135
23162
23236
24136
23163
23237
24137
23164
23238
24138
23165
23239
24139
23166
23240
24140
23167
23241
24141
23168
23242
24142
23169
23243
24143
23170
23244
24144
23171
23245
24145
23172
23246
24146
23173
23247
24147
23174
23248
24148
23249
24149
23176
23250
24150
23177
23251
24151
23178
23252
24152
23179
23253
24153
23180
23254
24154
23181
23255
24155
23182
23256
24156
23183
23257
24157
23184
23258
24158
23185
23259
24159
23186
23260
24160
23187
23261
24161
23188
23262
24162
23189
23263
24163
23190
23264
24164
23191
23265
24165
23192
23266
24166
23193
23267
24167
23194
23268
24168
23195
23269
24169
23196
23270
24170
23197
23271
24171
23198
23272
24172
23199
23273
24173
23200
23274
24174
23201
23275
24175
23202
23276
24176
23203
23277
24177
23204
23278
24178
23205
23279
24179
23206
23280
24180
23207
23281
24181
23208
23282
24182
23209
23283
24183
23210
23284
24184
23211
23285
24185
23212
23286
24186
23213
23287
24187
23214
23288
24188
23215
23289
24189
23216
23290
24190
23217
23291
24191
23218
23292
24192
23219
23293
24193
23220
23294
24194
23221
23295
24195
23222
23296
24196
23223
23297
24197
23224
23298
24198
23225
23299
24199
23226
23300
24200
23227
23301
24201
23228
23302
24202
23229
23303
24203
23230
23304
24204
23231
23305
24205
23232
23306
24206
23233
23307
24207
23234
23308
24208
23235
23309
24209
23236
23310
24210
23237
23311
24211
23238
23312
24212
23239
23313
24213
23240
23314
24214
23241
23315
24215
23242
23316
24216
23243
23317
24217
23244
23318
24218
23245
23319
24219
23246
23320
24220
23247
23321
24221
23248
23322
24222
23249
23323
24223
23324
24224
23251
23325
24225
23252
23326
24226
23253
23327
24227
23254
23328
24228
23255
23329
24229
23256
23330
24230
23257
23331
24231
23258
23332
24232
23259
23333
24233
23260
23334
24234
23261
23335
24235
23262
23336
24236
23263
23337
24237
23264
23338
24238
23265
23339
24239
23266
23340
24240
23267
23341
24241
23268
23342
24242
23269
23343
24243
23270
23344
24244
23271
23345
24245
23272
23346
24246
23273
23347
24247
23274
23348
24248
23275
23349
24249
23276
23350
24250
23277
23351
24251
23278
23352
24252
23279
23353
24253
23280
23354
24254
23281
23355
24255
23282
23356
24256
23283
23357
24257
23284
23358
24258
23285
23359
24259
23286
23360
24260
23287
23361
24261
23288
23362
24262
23289
23363
24263
23290
23364
24264
23291
23365
24265
23292
23366
24266
23293
23367
24267
23294
23368
24268
23295
23369
24269
23296
23370
24270
23297
23371
24271
23298
23372
24272
23299
23373
24273
23300
23374
24274
23301
23375
24275
23302
23376
24276
23303
23377
24277
23304
23378
24278
23305
23379
24279
23306
23380
24280
23307
23381
24281
23308
23382
24282
23309
23383
24283
23310
23384
24284
23311
23385
24285
23312
23386
24286
23313
23387
24287
23314
23388
24288
23315
23389
24289
23316
23390
24290
23317
23391
24291
23318
23392
24292
23319
23393
24293
23320
23394
24294
23321
23395
24295
23322
23396
24296
23323
23397
24297
23324
23398
24298
23399
24299
23326
23400
24300
23327
23401
24301
23328
23402
24302
23329
23403
24303
23330
23404
24304
23331
23405
24305
23332
23406
24306
23333
23407
24307
23334
23408
24308
23335
23409
24309
23336
23410
24310
23337
23411
24311
23338
23412
24312
23339
23413
24313
23340
23414
24314
23341
23415
24315
23342
23416
24316
23343
23417
24317
23344
23418
24318
23345
23419
24319
23346
23420
24320
23347
23421
24321
23348
23422
24322
23349
23423
24323
23350
23424
24324
23351
23425
24325
23352
23426
24326
23353
23427
24327
23354
23428
24328
23355
23429
24329
23356
23430
24330
23357
23431
24331
23358
23432
24332
23359
23433
24333
23360
23434
24334
23361
23435
24335
23362
23436
24336
23363
23437
24337
23364
23438
24338
23365
23439
24339
23366
23440
24340
23367
23441
24341
23368
23442
24342
23369
23443
24343
23370
23444
24344
23371
23445
24345
23372
23446
24346
23373
23447
24347
23374
23448
24348
23375
23449
24349
23376
23450
24350
23377
23451
24351
23378
23452
24352
23379
23453
24353
23380
23454
24354
23381
23455
24355
23382
23456
24356
23383
23457
24357
23384
23458
24358
23385
23459
24359
23386
23460
24360
23387
23461
24361
23388
23462
24362
23389
23463
24363
23390
23464
24364
23391
23465
24365
23392
23466
24366
23393
23467
24367
23394
23468
24368
23395
23469
24369
23396
23470
24370
23397
23471
24371
23398
23472
24372
23399
23473
24373
23474
24374
23401
23475
24375
23402
23476
24376
23403
23477
24377
23404
23478
24378
23405
23479
24379
23406
23480
24380
23407
23481
24381
23408
23482
24382
23409
23483
24383
23410
23484
24384
23411
23485
24385
23412
23486
24386
23413
23487
24387
23414
23488
24388
23415
23489
24389
23416
23490
24390
23417
23491
24391
23418
23492
24392
23419
23493
24393
23420
23494
24394
23421
23495
24395
23422
23496
24396
23423
23497
24397
23424
23498
24398
23425
23499
24399
23426
23500
24400
23427
23501
24401
23428
23502
24402
23429
23503
24403
23430
23504
24404
23431
23505
24405
23432
23506
24406
23433
23507
24407
23434
23508
24408
23435
23509
24409
23436
23510
24410
23437
23511
24411
23438
23512
24412
23439
23513
24413
23440
23514
24414
23441
23515
24415
23442
23516
24416
23443
23517
24417
23444
23518
24418
23445
23519
24419
23446
23520
24420
23447
23521
24421
23448
23522
24422
23449
23523
24423
23450
23524
24424
23451
23525
24425
23452
23526
24426
23453
23527
24427
23454
23528
24428
23455
23529
24429
23456
23530
24430
23457
23531
24431
23458
23532
24432
23459
23533
24433
23460
23534
24434
23461
23535
24435
23462
23536
24436
23463
23537
24437
23464
23538
24438
23465
23539
24439
23466
23540
24440
23467
23541
24441
23468
23542
24442
23469
23543
24443
23470
23544
24444
23471
23545
24445
23472
23546
24446
23473
23547
24447
23474
23548
24448
23549
24449
23476
24450
23477
24451
23478
24452
23479
24453
23480
24454
23481
24455
23482
24456
23483
24457
23484
24458
23485
24459
23486
24460
23487
24461
23488
24462
23489
24463
23490
24464
23491
24465
23492
24466
23493
24467
23494
24468
23495
24469
23496
24470
23497
24471
23498
24472
23499
24473
23500
24474
23501
24475
23502
24476
23503
24477
23504
24478
23505
24479
23506
24480
23507
24481
23508
24482
23509
24483
23510
24484
23511
24485
23512
24486
23513
24487
23514
24488
23515
24489
23516
24490
23517
24491
23518
24492
23519
24493
23520
24494
23521
24495
23522
24496
23523
24497
23524
24498
23525
24499
23526
24500
23527
24501
23528
24502
23529
24503
23530
24504
23531
24505
23532
24506
23533
24507
23534
24508
23535
24509
23536
24510
23537
24511
23538
24512
23539
24513
23540
24514
23541
24515
23542
24516
23543
24517
23544
24518
23545
24519
23546
24520
23547
24521
23548
24522
23549
24523
24524
23551
23625
24525
23552
23626
24526
23553
23627
24527
23554
23628
24528
23555
23629
24529
23556
23630
24530
23557
23631
24531
23558
23632
24532
23559
23633
24533
23560
23634
24534
23561
23635
24535
23562
23636
24536
23563
23637
24537
23564
23638
24538
23565
23639
24539
23566
23640
24540
23567
23641
24541
23568
23642
24542
23569
23643
24543
23570
23644
24544
23571
23645
24545
23572
23646
24546
23573
23647
24547
23574
23648
24548
23575
23649
24549
23576
23650
24550
23577
23651
24551
23578
23652
24552
23579
23653
24553
23580
23654
24554
23581
23655
24555
23582
23656
24556
23583
23657
24557
23584
23658
24558
23585
23659
24559
23586
23660
24560
23587
23661
24561
23588
23662
24562
23589
23663
24563
23590
23664
24564
23591
23665
24565
23592
23666
24566
23593
23667
24567
23594
23668
24568
23595
23669
24569
23596
23670
24570
23597
23671
24571
23598
23672
24572
23599
23673
24573
23600
23674
24574
23601
23675
24575
23602
23676
24576
23603
23677
24577
23604
23678
24578
23605
23679
24579
23606
23680
24580
23607
23681
24581
23608
23682
24582
23609
23683
24583
23610
23684
24584
23611
23685
24585
23612
23686
24586
23613
23687
24587
23614
23688
24588
23615
23689
24589
23616
23690
24590
23617
23691
24591
23618
23692
24592
23619
23693
24593
23620
23694
24594
23621
23695
24595
23622
23696
24596
23623
23697
24597
23624
23698
24598
23699
24599
23626
23700
24600
23627
23701
24601
23628
23702
24602
23629
23703
24603
23630
23704
24604
23631
23705
24605
23632
23706
24606
23633
23707
24607
23634
23708
24608
23635
23709
24609
23636
23710
24610
23637
23711
24611
23638
23712
24612
23639
23713
24613
23640
23714
24614
23641
23715
24615
23642
23716
24616
23643
23717
24617
23644
23718
24618
23645
23719
24619
23646
23720
24620
23647
23721
24621
23648
23722
24622
23649
23723
24623
23650
23724
24624
23651
23725
24625
23652
23726
24626
23653
23727
24627
23654
23728
24628
23655
23729
24629
23656
23730
24630
23657
23731
24631
23658
23732
24632
23659
23733
24633
23660
23734
24634
23661
23735
24635
23662
23736
24636
23663
23737
24637
23664
23738
24638
23665
23739
24639
23666
23740
24640
23667
23741
24641
23668
23742
24642
23669
23743
24643
23670
23744
24644
23671
23745
24645
23672
23746
24646
23673
23747
24647
23674
23748
24648
23675
23749
24649
23676
23750
24650
23677
23751
24651
23678
23752
24652
23679
23753
24653
23680
23754
24654
23681
23755
24655
23682
23756
24656
23683
23757
24657
23684
23758
24658
23685
23759
24659
23686
23760
24660
23687
23761
24661
23688
23762
24662
23689
23763
24663
23690
23764
24664
23691
23765
24665
23692
23766
24666
23693
23767
24667
23694
23768
24668
23695
23769
24669
23696
23770
24670
23697
23771
24671
23698
23772
24672
23699
23773
24673
23774
24674
23701
23775
24675
23702
23776
24676
23703
23777
24677
23704
23778
24678
23705
23779
24679
23706
23780
24680
23707
23781
24681
23708
23782
24682
23709
23783
24683
23710
23784
24684
23711
23785
24685
23712
23786
24686
23713
23787
24687
23714
23788
24688
23715
23789
24689
23716
23790
24690
23717
23791
24691
23718
23792
24692
23719
23793
24693
23720
23794
24694
23721
23795
24695
23722
23796
24696
23723
23797
24697
23724
23798
24698
23725
23799
24699
23726
23800
24700
23727
23801
24701
23728
23802
24702
23729
23803
24703
23730
23804
24704
23731
23805
24705
23732
23806
24706
23733
23807
24707
23734
23808
24708
23735
23809
24709
23736
23810
24710
23737
23811
24711
23738
23812
24712
23739
23813
24713
23740
23814
24714
23741
23815
24715
23742
23816
24716
23743
23817
24717
23744
23818
24718
23745
23819
24719
23746
23820
24720
23747
23821
24721
23748
23822
24722
23749
23823
24723
23750
23824
24724
23751
23825
24725
23752
23826
24726
23753
23827
24727
23754
23828
24728
23755
23829
24729
23756
23830
24730
23757
23831
24731
23758
23832
24732
23759
23833
24733
23760
23834
24734
23761
23835
24735
23762
23836
24736
23763
23837
24737
23764
23838
24738
23765
23839
24739
23766
23840
24740
23767
23841
24741
23768
23842
24742
23769
23843
24743
23770
23844
24744
23771
23845
24745
23772
23846
24746
23773
23847
24747
23774
23848
24748
23849
24749
23776
23850
24750
23777
23851
24751
23778
23852
24752
23779
23853
24753
23780
23854
24754
23781
23855
24755
23782
23856
24756
23783
23857
24757
23784
23858
24758
23785
23859
24759
23786
23860
24760
23787
23861
24761
23788
23862
24762
23789
23863
24763
23790
23864
24764
23791
23865
24765
23792
23866
24766
23793
23867
24767
23794
23868
24768
23795
23869
24769
23796
23870
24770
23797
23871
24771
23798
23872
24772
23799
23873
24773
23800
23874
24774
23801
23875
24775
23802
23876
24776
23803
23877
24777
23804
23878
24778
23805
23879
24779
23806
23880
24780
23807
23881
24781
23808
23882
24782
23809
23883
24783
23810
23884
24784
23811
23885
24785
23812
23886
24786
23813
23887
24787
23814
23888
24788
23815
23889
24789
23816
23890
24790
23817
23891
24791
23818
23892
24792
23819
23893
24793
23820
23894
24794
23821
23895
24795
23822
23896
24796
23823
23897
24797
23824
23898
24798
23825
23899
24799
23826
23900
24800
23827
23901
24801
23828
23902
24802
23829
23903
24803
23830
23904
24804
23831
23905
24805
23832
23906
24806
23833
23907
24807
23834
23908
24808
23835
23909
24809
23836
23910
24810
23837
23911
24811
23838
23912
24812
23839
23913
24813
23840
23914
24814
23841
23915
24815
23842
23916
24816
23843
23917
24817
23844
23918
24818
23845
23919
24819
23846
23920
24820
23847
23921
24821
23848
23922
24822
23849
23923
24823
23924
24824
23851
23925
24825
23852
23926
24826
23853
23927
24827
23854
23928
24828
23855
23929
24829
23856
23930
24830
23857
23931
24831
23858
23932
24832
23859
23933
24833
23860
23934
24834
23861
23935
24835
23862
23936
24836
23863
23937
24837
23864
23938
24838
23865
23939
24839
23866
23940
24840
23867
23941
24841
23868
23942
24842
23869
23943
24843
23870
23944
24844
23871
23945
24845
23872
23946
24846
23873
23947
24847
23874
23948
24848
23875
23949
24849
23876
23950
24850
23877
23951
24851
23878
23952
24852
23879
23953
24853
23880
23954
24854
23881
23955
24855
23882
23956
24856
23883
23957
24857
23884
23958
24858
23885
23959
24859
23886
23960
24860
23887
23961
24861
23888
23962
24862
23889
23963
24863
23890
23964
24864
23891
23965
24865
23892
23966
24866
23893
23967
24867
23894
23968
24868
23895
23969
24869
23896
23970
24870
23897
23971
24871
23898
23972
24872
23899
23973
24873
23900
23974
24874
23901
23975
24875
23902
23976
24876
23903
23977
24877
23904
23978
24878
23905
23979
24879
23906
23980
24880
23907
23981
24881
23908
23982
24882
23909
23983
24883
23910
23984
24884
23911
23985
24885
23912
23986
24886
23913
23987
24887
23914
23988
24888
23915
23989
24889
23916
23990
24890
23917
23991
24891
23918
23992
24892
23919
23993
24893
23920
23994
24894
23921
23995
24895
23922
23996
24896
23923
23997
24897
23924
23998
24898
23999
24899
23926
24000
24900
23927
24001
24901
23928
24002
24902
23929
24003
24903
23930
24004
24904
23931
24005
24905
23932
24006
24906
23933
24007
24907
23934
24008
24908
23935
24009
24909
23936
24010
24910
23937
24011
24911
23938
24012
24912
23939
24013
24913
23940
24014
24914
23941
24015
24915
23942
24016
24916
23943
24017
24917
23944
24018
24918
23945
24019
24919
23946
24020
24920
23947
24021
24921
23948
24022
24922
23949
24023
24923
23950
24024
24924
23951
24025
24925
23952
24026
24926
23953
24027
24927
23954
24028
24928
23955
24029
24929
23956
24030
24930
23957
24031
24931
23958
24032
24932
23959
24033
24933
23960
24034
24934
23961
24035
24935
23962
24036
24936
23963
24037
24937
23964
24038
24938
23965
24039
24939
23966
24040
24940
23967
24041
24941
23968
24042
24942
23969
24043
24943
23970
24044
24944
23971
24045
24945
23972
24046
24946
23973
24047
24947
23974
24048
24948
23975
24049
24949
23976
24050
24950
23977
24051
24951
23978
24052
24952
23979
24053
24953
23980
24054
24954
23981
24055
24955
23982
24056
24956
23983
24057
24957
23984
24058
24958
23985
24059
24959
23986
24060
24960
23987
24061
24961
23988
24062
24962
23989
24063
24963
23990
24064
24964
23991
24065
24965
23992
24066
24966
23993
24067
24967
23994
24068
24968
23995
24069
24969
23996
24070
24970
23997
24071
24971
23998
24072
24972
23999
24073
24973
24074
24974
24001
24075
24975
24002
24076
24976
24003
24077
24977
24004
24078
24978
24005
24079
24979
24006
24080
24980
24007
24081
24981
24008
24082
24982
24009
24083
24983
24010
24084
24984
24011
24085
24985
24012
24086
24986
24013
24087
24987
24014
24088
24988
24015
24089
24989
24016
24090
24990
24017
24091
24991
24018
24092
24992
24019
24093
24993
24020
24094
24994
24021
24095
24995
24022
24096
24996
24023
24097
24997
24024
24098
24998
24025
24099
24999
24026
24100
25000
24027
24101
25001
24028
24102
25002
24029
24103
25003
24030
24104
25004
24031
24105
25005
24032
24106
25006
24033
24107
25007
24034
24108
25008
24035
24109
25009
24036
24110
25010
24037
24111
25011
24038
24112
25012
24039
24113
25013
24040
24114
25014
24041
24115
25015
24042
24116
25016
24043
24117
25017
24044
24118
25018
24045
24119
25019
24046
24120
25020
24047
24121
25021
24048
24122
25022
24049
24123
25023
24050
24124
25024
24051
24125
25025
24052
24126
25026
24053
24127
25027
24054
24128
25028
24055
24129
25029
24056
24130
25030
24057
24131
25031
24058
24132
25032
24059
24133
25033
24060
24134
25034
24061
24135
25035
24062
24136
25036
24063
24137
25037
24064
24138
25038
24065
24139
25039
24066
24140
25040
24067
24141
25041
24068
24142
25042
24069
24143
25043
24070
24144
25044
24071
24145
25045
24072
24146
25046
24073
24147
25047
24074
24148
25048
24149
25049
24076
24150
25050
24077
24151
25051
24078
24152
25052
24079
24153
25053
24080
24154
25054
24081
24155
25055
24082
24156
25056
24083
24157
25057
24084
24158
25058
24085
24159
25059
24086
24160
25060
24087
24161
25061
24088
24162
25062
24089
24163
25063
24090
24164
25064
24091
24165
25065
24092
24166
25066
24093
24167
25067
24094
24168
25068
24095
24169
25069
24096
24170
25070
24097
24171
25071
24098
24172
25072
24099
24173
25073
24100
24174
25074
24101
24175
25075
24102
24176
25076
24103
24177
25077
24104
24178
25078
24105
24179
25079
24106
24180
25080
24107
24181
25081
24108
24182
25082
24109
24183
25083
24110
24184
25084
24111
24185
25085
24112
24186
25086
24113
24187
25087
24114
24188
25088
24115
24189
25089
24116
24190
25090
24117
24191
25091
24118
24192
25092
24119
24193
25093
24120
24194
25094
24121
24195
25095
24122
24196
25096
24123
24197
25097
24124
24198
25098
24125
24199
25099
24126
24200
25100
24127
24201
25101
24128
24202
25102
24129
24203
25103
24130
24204
25104
24131
24205
25105
24132
24206
25106
24133
24207
25107
24134
24208
25108
24135
24209
25109
24136
24210
25110
24137
24211
25111
24138
24212
25112
24139
24213
25113
24140
24214
25114
24141
24215
25115
24142
24216
25116
24143
24217
25117
24144
24218
25118
24145
24219
25119
24146
24220
25120
24147
24221
25121
24148
24222
25122
24149
24223
25123
24224
25124
24151
24225
25125
24152
24226
25126
24153
24227
25127
24154
24228
25128
24155
24229
25129
24156
24230
25130
24157
24231
25131
24158
24232
25132
24159
24233
25133
24160
24234
25134
24161
24235
25135
24162
24236
25136
24163
24237
25137
24164
24238
25138
24165
24239
25139
24166
24240
25140
24167
24241
25141
24168
24242
25142
24169
24243
25143
24170
24244
25144
24171
24245
25145
24172
24246
25146
24173
24247
25147
24174
24248
25148
24175
24249
25149
24176
24250
25150
24177
24251
25151
24178
24252
25152
24179
24253
25153
24180
24254
25154
24181
24255
25155
24182
24256
25156
24183
24257
25157
24184
24258
25158
24185
24259
25159
24186
24260
25160
24187
24261
25161
24188
24262
25162
24189
24263
25163
24190
24264
25164
24191
24265
25165
24192
24266
25166
24193
24267
25167
24194
24268
25168
24195
24269
25169
24196
24270
25170
24197
24271
25171
24198
24272
25172
24199
24273
25173
24200
24274
25174
24201
24275
25175
24202
24276
25176
24203
24277
25177
24204
24278
25178
24205
24279
25179
24206
24280
25180
24207
24281
25181
24208
24282
25182
24209
24283
25183
24210
24284
25184
24211
24285
25185
24212
24286
25186
24213
24287
25187
24214
24288
25188
24215
24289
25189
24216
24290
25190
24217
24291
25191
24218
24292
25192
24219
24293
25193
24220
24294
25194
24221
24295
25195
24222
24296
25196
24223
24297
25197
24224
24298
25198
24299
25199
24226
24300
25200
24227
24301
25201
24228
24302
25202
24229
24303
25203
24230
24304
25204
24231
24305
25205
24232
24306
25206
24233
24307
25207
24234
24308
25208
24235
24309
25209
24236
24310
25210
24237
24311
25211
24238
24312
25212
24239
24313
25213
24240
24314
25214
24241
24315
25215
24242
24316
25216
24243
24317
25217
24244
24318
25218
24245
24319
25219
24246
24320
25220
24247
24321
25221
24248
24322
25222
24249
24323
25223
24250
24324
25224
24251
24325
25225
24252
24326
25226
24253
24327
25227
24254
24328
25228
24255
24329
25229
24256
24330
25230
24257
24331
25231
24258
24332
25232
24259
24333
25233
24260
24334
25234
24261
24335
25235
24262
24336
25236
24263
24337
25237
24264
24338
25238
24265
24339
25239
24266
24340
25240
24267
24341
25241
24268
24342
25242
24269
24343
25243
24270
24344
25244
24271
24345
25245
24272
24346
25246
24273
24347
25247
24274
24348
25248
24275
24349
25249
24276
24350
25250
24277
24351
25251
24278
24352
25252
24279
24353
25253
24280
24354
25254
24281
24355
25255
24282
24356
25256
24283
24357
25257
24284
24358
25258
24285
24359
25259
24286
24360
25260
24287
24361
25261
24288
24362
25262
24289
24363
25263
24290
24364
25264
24291
24365
25265
24292
24366
25266
24293
24367
25267
24294
24368
25268
24295
24369
25269
24296
24370
25270
24297
24371
25271
24298
24372
25272
24299
24373
25273
24374
25274
24301
24375
25275
24302
24376
25276
24303
24377
25277
24304
24378
25278
24305
24379
25279
24306
24380
25280
24307
24381
25281
24308
24382
25282
24309
24383
25283
24310
24384
25284
24311
24385
25285
24312
24386
25286
24313
24387
25287
24314
24388
25288
24315
24389
25289
24316
24390
25290
24317
24391
25291
24318
24392
25292
24319
24393
25293
24320
24394
25294
24321
24395
25295
24322
24396
25296
24323
24397
25297
24324
24398
25298
24325
24399
25299
24326
24400
25300
24327
24401
25301
24328
24402
25302
24329
24403
25303
24330
24404
25304
24331
24405
25305
24332
24406
25306
24333
24407
25307
24334
24408
25308
24335
24409
25309
24336
24410
25310
24337
24411
25311
24338
24412
25312
24339
24413
25313
24340
24414
25314
24341
24415
25315
24342
24416
25316
24343
24417
25317
24344
24418
25318
24345
24419
25319
24346
24420
25320
24347
24421
25321
24348
24422
25322
24349
24423
25323
24350
24424
25324
24351
24425
25325
24352
24426
25326
24353
24427
25327
24354
24428
25328
24355
24429
25329
24356
24430
25330
24357
24431
25331
24358
24432
25332
24359
24433
25333
24360
24434
25334
24361
24435
25335
24362
24436
25336
24363
24437
25337
24364
24438
25338
24365
24439
25339
24366
24440
25340
24367
24441
25341
24368
24442
25342
24369
24443
25343
24370
24444
25344
24371
24445
25345
24372
24446
25346
24373
24447
25347
24374
24448
25348
24449
25349
24376
24450
25350
24377
24451
25351
24378
24452
25352
24379
24453
25353
24380
24454
25354
24381
24455
25355
24382
24456
25356
24383
24457
25357
24384
24458
25358
24385
24459
25359
24386
24460
25360
24387
24461
25361
24388
24462
25362
24389
24463
25363
24390
24464
25364
24391
24465
25365
24392
24466
25366
24393
24467
25367
24394
24468
25368
24395
24469
25369
24396
24470
25370
24397
24471
25371
24398
24472
25372
24399
24473
25373
24400
24474
25374
24401
24475
25375
24402
24476
25376
24403
24477
25377
24404
24478
25378
24405
24479
25379
24406
24480
25380
24407
24481
25381
24408
24482
25382
24409
24483
25383
24410
24484
25384
24411
24485
25385
24412
24486
25386
24413
24487
25387
24414
24488
25388
24415
24489
25389
24416
24490
25390
24417
24491
25391
24418
24492
25392
24419
24493
25393
24420
24494
25394
24421
24495
25395
24422
24496
25396
24423
24497
25397
24424
24498
25398
24425
24499
25399
24426
24500
25400
24427
24501
25401
24428
24502
25402
24429
24503
25403
24430
24504
25404
24431
24505
25405
24432
24506
25406
24433
24507
25407
24434
24508
25408
24435
24509
25409
24436
24510
25410
24437
24511
25411
24438
24512
25412
24439
24513
25413
24440
24514
25414
24441
24515
25415
24442
24516
25416
24443
24517
25417
24444
24518
25418
24445
24519
25419
24446
24520
25420
24447
24521
25421
24448
24522
25422
24449
24523
25423
24524
25424
24451
25425
24452
25426
24453
25427
24454
25428
24455
25429
24456
25430
24457
25431
24458
25432
24459
25433
24460
25434
24461
25435
24462
25436
24463
25437
24464
25438
24465
25439
24466
25440
24467
25441
24468
25442
24469
25443
24470
25444
24471
25445
24472
25446
24473
25447
24474
25448
24475
25449
24476
25450
24477
25451
24478
25452
24479
25453
24480
25454
24481
25455
24482
25456
24483
25457
24484
25458
24485
25459
24486
25460
24487
25461
24488
25462
24489
25463
24490
25464
24491
25465
24492
25466
24493
25467
24494
25468
24495
25469
24496
25470
24497
25471
24498
25472
24499
25473
24500
25474
24501
25475
24502
25476
24503
25477
24504
25478
24505
25479
24506
25480
24507
25481
24508
25482
24509
25483
24510
25484
24511
25485
24512
25486
24513
25487
24514
25488
24515
25489
24516
25490
24517
25491
24518
25492
24519
25493
24520
25494
24521
25495
24522
25496
24523
25497
24524
25498
25499
24526
24600
25500
24527
24601
25501
24528
24602
25502
24529
24603
25503
24530
24604
25504
24531
24605
25505
24532
24606
25506
24533
24607
25507
24534
24608
25508
24535
24609
25509
24536
24610
25510
24537
24611
25511
24538
24612
25512
24539
24613
25513
24540
24614
25514
24541
24615
25515
24542
24616
25516
24543
24617
25517
24544
24618
25518
24545
24619
25519
24546
24620
25520
24547
24621
25521
24548
24622
25522
24549
24623
25523
24550
24624
25524
24551
24625
25525
24552
24626
25526
24553
24627
25527
24554
24628
25528
24555
24629
25529
24556
24630
25530
24557
24631
25531
24558
24632
25532
24559
24633
25533
24560
24634
25534
24561
24635
25535
24562
24636
25536
24563
24637
25537
24564
24638
25538
24565
24639
25539
24566
24640
25540
24567
24641
25541
24568
24642
25542
24569
24643
25543
24570
24644
25544
24571
24645
25545
24572
24646
25546
24573
24647
25547
24574
24648
25548
24575
24649
25549
24576
24650
25550
24577
24651
25551
24578
24652
25552
24579
24653
25553
24580
24654
25554
24581
24655
25555
24582
24656
25556
24583
24657
25557
24584
24658
25558
24585
24659
25559
24586
24660
25560
24587
24661
25561
24588
24662
25562
24589
24663
25563
24590
24664
25564
24591
24665
25565
24592
24666
25566
24593
24667
25567
24594
24668
25568
24595
24669
25569
24596
24670
25570
24597
24671
25571
24598
24672
25572
24599
24673
25573
24674
25574
24601
24675
25575
24602
24676
25576
24603
24677
25577
24604
24678
25578
24605
24679
25579
24606
24680
25580
24607
24681
25581
24608
24682
25582
24609
24683
25583
24610
24684
25584
24611
24685
25585
24612
24686
25586
24613
24687
25587
24614
24688
25588
24615
24689
25589
24616
24690
25590
24617
24691
25591
24618
24692
25592
24619
24693
25593
24620
24694
25594
24621
24695
25595
24622
24696
25596
24623
24697
25597
24624
24698
25598
24625
24699
25599
24626
24700
25600
24627
24701
25601
24628
24702
25602
24629
24703
25603
24630
24704
25604
24631
24705
25605
24632
24706
25606
24633
24707
25607
24634
24708
25608
24635
24709
25609
24636
24710
25610
24637
24711
25611
24638
24712
25612
24639
24713
25613
24640
24714
25614
24641
24715
25615
24642
24716
25616
24643
24717
25617
24644
24718
25618
24645
24719
25619
24646
24720
25620
24647
24721
25621
24648
24722
25622
24649
24723
25623
24650
24724
25624
24651
24725
25625
24652
24726
25626
24653
24727
25627
24654
24728
25628
24655
24729
25629
24656
24730
25630
24657
24731
25631
24658
24732
25632
24659
24733
25633
24660
24734
25634
24661
24735
25635
24662
24736
25636
24663
24737
25637
24664
24738
25638
24665
24739
25639
24666
24740
25640
24667
24741
25641
24668
24742
25642
24669
24743
25643
24670
24744
25644
24671
24745
25645
24672
24746
25646
24673
24747
25647
24674
24748
25648
24749
25649
24676
24750
25650
24677
24751
25651
24678
24752
25652
24679
24753
25653
24680
24754
25654
24681
24755
25655
24682
24756
25656
24683
24757
25657
24684
24758
25658
24685
24759
25659
24686
24760
25660
24687
24761
25661
24688
24762
25662
24689
24763
25663
24690
24764
25664
24691
24765
25665
24692
24766
25666
24693
24767
25667
24694
24768
25668
24695
24769
25669
24696
24770
25670
24697
24771
25671
24698
24772
25672
24699
24773
25673
24700
24774
25674
24701
24775
25675
24702
24776
25676
24703
24777
25677
24704
24778
25678
24705
24779
25679
24706
24780
25680
24707
24781
25681
24708
24782
25682
24709
24783
25683
24710
24784
25684
24711
24785
25685
24712
24786
25686
24713
24787
25687
24714
24788
25688
24715
24789
25689
24716
24790
25690
24717
24791
25691
24718
24792
25692
24719
24793
25693
24720
24794
25694
24721
24795
25695
24722
24796
25696
24723
24797
25697
24724
24798
25698
24725
24799
25699
24726
24800
25700
24727
24801
25701
24728
24802
25702
24729
24803
25703
24730
24804
25704
24731
24805
25705
24732
24806
25706
24733
24807
25707
24734
24808
25708
24735
24809
25709
24736
24810
25710
24737
24811
25711
24738
24812
25712
24739
24813
25713
24740
24814
25714
24741
24815
25715
24742
24816
25716
24743
24817
25717
24744
24818
25718
24745
24819
25719
24746
24820
25720
24747
24821
25721
24748
24822
25722
24749
24823
25723
24824
25724
24751
24825
25725
24752
24826
25726
24753
24827
25727
24754
24828
25728
24755
24829
25729
24756
24830
25730
24757
24831
25731
24758
24832
25732
24759
24833
25733
24760
24834
25734
24761
24835
25735
24762
24836
25736
24763
24837
25737
24764
24838
25738
24765
24839
25739
24766
24840
25740
24767
24841
25741
24768
24842
25742
24769
24843
25743
24770
24844
25744
24771
24845
25745
24772
24846
25746
24773
24847
25747
24774
24848
25748
24775
24849
25749
24776
24850
25750
24777
24851
25751
24778
24852
25752
24779
24853
25753
24780
24854
25754
24781
24855
25755
24782
24856
25756
24783
24857
25757
24784
24858
25758
24785
24859
25759
24786
24860
25760
24787
24861
25761
24788
24862
25762
24789
24863
25763
24790
24864
25764
24791
24865
25765
24792
24866
25766
24793
24867
25767
24794
24868
25768
24795
24869
25769
24796
24870
25770
24797
24871
25771
24798
24872
25772
24799
24873
25773
24800
24874
25774
24801
24875
25775
24802
24876
25776
24803
24877
25777
24804
24878
25778
24805
24879
25779
24806
24880
25780
24807
24881
25781
24808
24882
25782
24809
24883
25783
24810
24884
25784
24811
24885
25785
24812
24886
25786
24813
24887
25787
24814
24888
25788
24815
24889
25789
24816
24890
25790
24817
24891
25791
24818
24892
25792
24819
24893
25793
24820
24894
25794
24821
24895
25795
24822
24896
25796
24823
24897
25797
24824
24898
25798
24899
25799
24826
24900
25800
24827
24901
25801
24828
24902
25802
24829
24903
25803
24830
24904
25804
24831
24905
25805
24832
24906
25806
24833
24907
25807
24834
24908
25808
24835
24909
25809
24836
24910
25810
24837
24911
25811
24838
24912
25812
24839
24913
25813
24840
24914
25814
24841
24915
25815
24842
24916
25816
24843
24917
25817
24844
24918
25818
24845
24919
25819
24846
24920
25820
24847
24921
25821
24848
24922
25822
24849
24923
25823
24850
24924
25824
24851
24925
25825
24852
24926
25826
24853
24927
25827
24854
24928
25828
24855
24929
25829
24856
24930
25830
24857
24931
25831
24858
24932
25832
24859
24933
25833
24860
24934
25834
24861
24935
25835
24862
24936
25836
24863
24937
25837
24864
24938
25838
24865
24939
25839
24866
24940
25840
24867
24941
25841
24868
24942
25842
24869
24943
25843
24870
24944
25844
24871
24945
25845
24872
24946
25846
24873
24947
25847
24874
24948
25848
24875
24949
25849
24876
24950
25850
24877
24951
25851
24878
24952
25852
24879
24953
25853
24880
24954
25854
24881
24955
25855
24882
24956
25856
24883
24957
25857
24884
24958
25858
24885
24959
25859
24886
24960
25860
24887
24961
25861
24888
24962
25862
24889
24963
25863
24890
24964
25864
24891
24965
25865
24892
24966
25866
24893
24967
25867
24894
24968
25868
24895
24969
25869
24896
24970
25870
24897
24971
25871
24898
24972
25872
24899
24973
25873
24974
25874
24901
24975
25875
24902
24976
25876
24903
24977
25877
24904
24978
25878
24905
24979
25879
24906
24980
25880
24907
24981
25881
24908
24982
25882
24909
24983
25883
24910
24984
25884
24911
24985
25885
24912
24986
25886
24913
24987
25887
24914
24988
25888
24915
24989
25889
24916
24990
25890
24917
24991
25891
24918
24992
25892
24919
24993
25893
24920
24994
25894
24921
24995
25895
24922
24996
25896
24923
24997
25897
24924
24998
25898
24925
24999
25899
24926
25000
25900
24927
25001
25901
24928
25002
25902
24929
25003
25903
24930
25004
25904
24931
25005
25905
24932
25006
25906
24933
25007
25907
24934
25008
25908
24935
25009
25909
24936
25010
25910
24937
25011
25911
24938
25012
25912
24939
25013
25913
24940
25014
25914
24941
25015
25915
24942
25016
25916
24943
25017
25917
24944
25018
25918
24945
25019
25919
24946
25020
25920
24947
25021
25921
24948
25022
25922
24949
25023
25923
24950
25024
25924
24951
25025
25925
24952
25026
25926
24953
25027
25927
24954
25028
25928
24955
25029
25929
24956
25030
25930
24957
25031
25931
24958
25032
25932
24959
25033
25933
24960
25034
25934
24961
25035
25935
24962
25036
25936
24963
25037
25937
24964
25038
25938
24965
25039
25939
24966
25040
25940
24967
25041
25941
24968
25042
25942
24969
25043
25943
24970
25044
25944
24971
25045
25945
24972
25046
25946
24973
25047
25947
24974
25048
25948
25049
25949
24976
25050
25950
24977
25051
25951
24978
25052
25952
24979
25053
25953
24980
25054
25954
24981
25055
25955
24982
25056
25956
24983
25057
25957
24984
25058
25958
24985
25059
25959
24986
25060
25960
24987
25061
25961
24988
25062
25962
24989
25063
25963
24990
25064
25964
24991
25065
25965
24992
25066
25966
24993
25067
25967
24994
25068
25968
24995
25069
25969
24996
25070
25970
24997
25071
25971
24998
25072
25972
24999
25073
25973
25000
25074
25974
25001
25075
25975
25002
25076
25976
25003
25077
25977
25004
25078
25978
25005
25079
25979
25006
25080
25980
25007
25081
25981
25008
25082
25982
25009
25083
25983
25010
25084
25984
25011
25085
25985
25012
25086
25986
25013
25087
25987
25014
25088
25988
25015
25089
25989
25016
25090
25990
25017
25091
25991
25018
25092
25992
25019
25093
25993
25020
25094
25994
25021
25095
25995
25022
25096
25996
25023
25097
25997
25024
25098
25998
25025
25099
25999
25026
25100
26000
25027
25101
26001
25028
25102
26002
25029
25103
26003
25030
25104
26004
25031
25105
26005
25032
25106
26006
25033
25107
26007
25034
25108
26008
25035
25109
26009
25036
25110
26010
25037
25111
26011
25038
25112
26012
25039
25113
26013
25040
25114
26014
25041
25115
26015
25042
25116
26016
25043
25117
26017
25044
25118
26018
25045
25119
26019
25046
25120
26020
25047
25121
26021
25048
25122
26022
25049
25123
26023
25124
26024
25051
25125
26025
25052
25126
26026
25053
25127
26027
25054
25128
26028
25055
25129
26029
25056
25130
26030
25057
25131
26031
25058
25132
26032
25059
25133
26033
25060
25134
26034
25061
25135
26035
25062
25136
26036
25063
25137
26037
25064
25138
26038
25065
25139
26039
25066
25140
26040
25067
25141
26041
25068
25142
26042
25069
25143
26043
25070
25144
26044
25071
25145
26045
25072
25146
26046
25073
25147
26047
25074
25148
26048
25075
25149
26049
25076
25150
26050
25077
25151
26051
25078
25152
26052
25079
25153
26053
25080
25154
26054
25081
25155
26055
25082
25156
26056
25083
25157
26057
25084
25158
26058
25085
25159
26059
25086
25160
26060
25087
25161
26061
25088
25162
26062
25089
25163
26063
25090
25164
26064
25091
25165
26065
25092
25166
26066
25093
25167
26067
25094
25168
26068
25095
25169
26069
25096
25170
26070
25097
25171
26071
25098
25172
26072
25099
25173
26073
25100
25174
26074
25101
25175
26075
25102
25176
26076
25103
25177
26077
25104
25178
26078
25105
25179
26079
25106
25180
26080
25107
25181
26081
25108
25182
26082
25109
25183
26083
25110
25184
26084
25111
25185
26085
25112
25186
26086
25113
25187
26087
25114
25188
26088
25115
25189
26089
25116
25190
26090
25117
25191
26091
25118
25192
26092
25119
25193
26093
25120
25194
26094
25121
25195
26095
25122
25196
26096
25123
25197
26097
25124
25198
26098
25199
26099
25126
25200
26100
25127
25201
26101
25128
25202
26102
25129
25203
26103
25130
25204
26104
25131
25205
26105
25132
25206
26106
25133
25207
26107
25134
25208
26108
25135
25209
26109
25136
25210
26110
25137
25211
26111
25138
25212
26112
25139
25213
26113
25140
25214
26114
25141
25215
26115
25142
25216
26116
25143
25217
26117
25144
25218
26118
25145
25219
26119
25146
25220
26120
25147
25221
26121
25148
25222
26122
25149
25223
26123
25150
25224
26124
25151
25225
26125
25152
25226
26126
25153
25227
26127
25154
25228
26128
25155
25229
26129
25156
25230
26130
25157
25231
26131
25158
25232
26132
25159
25233
26133
25160
25234
26134
25161
25235
26135
25162
25236
26136
25163
25237
26137
25164
25238
26138
25165
25239
26139
25166
25240
26140
25167
25241
26141
25168
25242
26142
25169
25243
26143
25170
25244
26144
25171
25245
26145
25172
25246
26146
25173
25247
26147
25174
25248
26148
25175
25249
26149
25176
25250
26150
25177
25251
26151
25178
25252
26152
25179
25253
26153
25180
25254
26154
25181
25255
26155
25182
25256
26156
25183
25257
26157
25184
25258
26158
25185
25259
26159
25186
25260
26160
25187
25261
26161
25188
25262
26162
25189
25263
26163
25190
25264
26164
25191
25265
26165
25192
25266
26166
25193
25267
26167
25194
25268
26168
25195
25269
26169
25196
25270
26170
25197
25271
26171
25198
25272
26172
25199
25273
26173
25274
26174
25201
25275
26175
25202
25276
26176
25203
25277
26177
25204
25278
26178
25205
25279
26179
25206
25280
26180
25207
25281
26181
25208
25282
26182
25209
25283
26183
25210
25284
26184
25211
25285
26185
25212
25286
26186
25213
25287
26187
25214
25288
26188
25215
25289
26189
25216
25290
26190
25217
25291
26191
25218
25292
26192
25219
25293
26193
25220
25294
26194
25221
25295
26195
25222
25296
26196
25223
25297
26197
25224
25298
26198
25225
25299
26199
25226
25300
26200
25227
25301
26201
25228
25302
26202
25229
25303
26203
25230
25304
26204
25231
25305
26205
25232
25306
26206
25233
25307
26207
25234
25308
26208
25235
25309
26209
25236
25310
26210
25237
25311
26211
25238
25312
26212
25239
25313
26213
25240
25314
26214
25241
25315
26215
25242
25316
26216
25243
25317
26217
25244
25318
26218
25245
25319
26219
25246
25320
26220
25247
25321
26221
25248
25322
26222
25249
25323
26223
25250
25324
26224
25251
25325
26225
25252
25326
26226
25253
25327
26227
25254
25328
26228
25255
25329
26229
25256
25330
26230
25257
25331
26231
25258
25332
26232
25259
25333
26233
25260
25334
26234
25261
25335
26235
25262
25336
26236
25263
25337
26237
25264
25338
26238
25265
25339
26239
25266
25340
26240
25267
25341
26241
25268
25342
26242
25269
25343
26243
25270
25344
26244
25271
25345
26245
25272
25346
26246
25273
25347
26247
25274
25348
26248
25349
26249
25276
25350
26250
25277
25351
26251
25278
25352
26252
25279
25353
26253
25280
25354
26254
25281
25355
26255
25282
25356
26256
25283
25357
26257
25284
25358
26258
25285
25359
26259
25286
25360
26260
25287
25361
26261
25288
25362
26262
25289
25363
26263
25290
25364
26264
25291
25365
26265
25292
25366
26266
25293
25367
26267
25294
25368
26268
25295
25369
26269
25296
25370
26270
25297
25371
26271
25298
25372
26272
25299
25373
26273
25300
25374
26274
25301
25375
26275
25302
25376
26276
25303
25377
26277
25304
25378
26278
25305
25379
26279
25306
25380
26280
25307
25381
26281
25308
25382
26282
25309
25383
26283
25310
25384
26284
25311
25385
26285
25312
25386
26286
25313
25387
26287
25314
25388
26288
25315
25389
26289
25316
25390
26290
25317
25391
26291
25318
25392
26292
25319
25393
26293
25320
25394
26294
25321
25395
26295
25322
25396
26296
25323
25397
26297
25324
25398
26298
25325
25399
26299
25326
25400
26300
25327
25401
26301
25328
25402
26302
25329
25403
26303
25330
25404
26304
25331
25405
26305
25332
25406
26306
25333
25407
26307
25334
25408
26308
25335
25409
26309
25336
25410
26310
25337
25411
26311
25338
25412
26312
25339
25413
26313
25340
25414
26314
25341
25415
26315
25342
25416
26316
25343
25417
26317
25344
25418
26318
25345
25419
26319
25346
25420
26320
25347
25421
26321
25348
25422
26322
25349
25423
26323
25424
26324
25351
25425
26325
25352
25426
26326
25353
25427
26327
25354
25428
26328
25355
25429
26329
25356
25430
26330
25357
25431
26331
25358
25432
26332
25359
25433
26333
25360
25434
26334
25361
25435
26335
25362
25436
26336
25363
25437
26337
25364
25438
26338
25365
25439
26339
25366
25440
26340
25367
25441
26341
25368
25442
26342
25369
25443
26343
25370
25444
26344
25371
25445
26345
25372
25446
26346
25373
25447
26347
25374
25448
26348
25375
25449
26349
25376
25450
26350
25377
25451
26351
25378
25452
26352
25379
25453
26353
25380
25454
26354
25381
25455
26355
25382
25456
26356
25383
25457
26357
25384
25458
26358
25385
25459
26359
25386
25460
26360
25387
25461
26361
25388
25462
26362
25389
25463
26363
25390
25464
26364
25391
25465
26365
25392
25466
26366
25393
25467
26367
25394
25468
26368
25395
25469
26369
25396
25470
26370
25397
25471
26371
25398
25472
26372
25399
25473
26373
25400
25474
26374
25401
25475
26375
25402
25476
26376
25403
25477
26377
25404
25478
26378
25405
25479
26379
25406
25480
26380
25407
25481
26381
25408
25482
26382
25409
25483
26383
25410
25484
26384
25411
25485
26385
25412
25486
26386
25413
25487
26387
25414
25488
26388
25415
25489
26389
25416
25490
26390
25417
25491
26391
25418
25492
26392
25419
25493
26393
25420
25494
26394
25421
25495
26395
25422
25496
26396
25423
25497
26397
25424
25498
26398
25499
26399
25426
26400
25427
26401
25428
26402
25429
26403
25430
26404
25431
26405
25432
26406
25433
26407
25434
26408
25435
26409
25436
26410
25437
26411
25438
26412
25439
26413
25440
26414
25441
26415
25442
26416
25443
26417
25444
26418
25445
26419
25446
26420
25447
26421
25448
26422
25449
26423
25450
26424
25451
26425
25452
26426
25453
26427
25454
26428
25455
26429
25456
26430
25457
26431
25458
26432
25459
26433
25460
26434
25461
26435
25462
26436
25463
26437
25464
26438
25465
26439
25466
26440
25467
26441
25468
26442
25469
26443
25470
26444
25471
26445
25472
26446
25473
26447
25474
26448
25475
26449
25476
26450
25477
26451
25478
26452
25479
26453
25480
26454
25481
26455
25482
26456
25483
26457
25484
26458
25485
26459
25486
26460
25487
26461
25488
26462
25489
26463
25490
26464
25491
26465
25492
26466
25493
26467
25494
26468
25495
26469
25496
26470
25497
26471
25498
26472
25499
26473
26474
25501
25575
26475
25502
25576
26476
25503
25577
26477
25504
25578
26478
25505
25579
26479
25506
25580
26480
25507
25581
26481
25508
25582
26482
25509
25583
26483
25510
25584
26484
25511
25585
26485
25512
25586
26486
25513
25587
26487
25514
25588
26488
25515
25589
26489
25516
25590
26490
25517
25591
26491
25518
25592
26492
25519
25593
26493
25520
25594
26494
25521
25595
26495
25522
25596
26496
25523
25597
26497
25524
25598
26498
25525
25599
26499
25526
25600
26500
25527
25601
26501
25528
25602
26502
25529
25603
26503
25530
25604
26504
25531
25605
26505
25532
25606
26506
25533
25607
26507
25534
25608
26508
25535
25609
26509
25536
25610
26510
25537
25611
26511
25538
25612
26512
25539
25613
26513
25540
25614
26514
25541
25615
26515
25542
25616
26516
25543
25617
26517
25544
25618
26518
25545
25619
26519
25546
25620
26520
25547
25621
26521
25548
25622
26522
25549
25623
26523
25550
25624
26524
25551
25625
26525
25552
25626
26526
25553
25627
26527
25554
25628
26528
25555
25629
26529
25556
25630
26530
25557
25631
26531
25558
25632
26532
25559
25633
26533
25560
25634
26534
25561
25635
26535
25562
25636
26536
25563
25637
26537
25564
25638
26538
25565
25639
26539
25566
25640
26540
25567
25641
26541
25568
25642
26542
25569
25643
26543
25570
25644
26544
25571
25645
26545
25572
25646
26546
25573
25647
26547
25574
25648
26548
25649
26549
25576
25650
26550
25577
25651
26551
25578
25652
26552
25579
25653
26553
25580
25654
26554
25581
25655
26555
25582
25656
26556
25583
25657
26557
25584
25658
26558
25585
25659
26559
25586
25660
26560
25587
25661
26561
25588
25662
26562
25589
25663
26563
25590
25664
26564
25591
25665
26565
25592
25666
26566
25593
25667
26567
25594
25668
26568
25595
25669
26569
25596
25670
26570
25597
25671
26571
25598
25672
26572
25599
25673
26573
25600
25674
26574
25601
25675
26575
25602
25676
26576
25603
25677
26577
25604
25678
26578
25605
25679
26579
25606
25680
26580
25607
25681
26581
25608
25682
26582
25609
25683
26583
25610
25684
26584
25611
25685
26585
25612
25686
26586
25613
25687
26587
25614
25688
26588
25615
25689
26589
25616
25690
26590
25617
25691
26591
25618
25692
26592
25619
25693
26593
25620
25694
26594
25621
25695
26595
25622
25696
26596
25623
25697
26597
25624
25698
26598
25625
25699
26599
25626
25700
26600
25627
25701
26601
25628
25702
26602
25629
25703
26603
25630
25704
26604
25631
25705
26605
25632
25706
26606
25633
25707
26607
25634
25708
26608
25635
25709
26609
25636
25710
26610
25637
25711
26611
25638
25712
26612
25639
25713
26613
25640
25714
26614
25641
25715
26615
25642
25716
26616
25643
25717
26617
25644
25718
26618
25645
25719
26619
25646
25720
26620
25647
25721
26621
25648
25722
26622
25649
25723
26623
25724
26624
25651
25725
26625
25652
25726
26626
25653
25727
26627
25654
25728
26628
25655
25729
26629
25656
25730
26630
25657
25731
26631
25658
25732
26632
25659
25733
26633
25660
25734
26634
25661
25735
26635
25662
25736
26636
25663
25737
26637
25664
25738
26638
25665
25739
26639
25666
25740
26640
25667
25741
26641
25668
25742
26642
25669
25743
26643
25670
25744
26644
25671
25745
26645
25672
25746
26646
25673
25747
26647
25674
25748
26648
25675
25749
26649
25676
25750
26650
25677
25751
26651
25678
25752
26652
25679
25753
26653
25680
25754
26654
25681
25755
26655
25682
25756
26656
25683
25757
26657
25684
25758
26658
25685
25759
26659
25686
25760
26660
25687
25761
26661
25688
25762
26662
25689
25763
26663
25690
25764
26664
25691
25765
26665
25692
25766
26666
25693
25767
26667
25694
25768
26668
25695
25769
26669
25696
25770
26670
25697
25771
26671
25698
25772
26672
25699
25773
26673
25700
25774
26674
25701
25775
26675
25702
25776
26676
25703
25777
26677
25704
25778
26678
25705
25779
26679
25706
25780
26680
25707
25781
26681
25708
25782
26682
25709
25783
26683
25710
25784
26684
25711
25785
26685
25712
25786
26686
25713
25787
26687
25714
25788
26688
25715
25789
26689
25716
25790
26690
25717
25791
26691
25718
25792
26692
25719
25793
26693
25720
25794
26694
25721
25795
26695
25722
25796
26696
25723
25797
26697
25724
25798
26698
25799
26699
25726
25800
26700
25727
25801
26701
25728
25802
26702
25729
25803
26703
25730
25804
26704
25731
25805
26705
25732
25806
26706
25733
25807
26707
25734
25808
26708
25735
25809
26709
25736
25810
26710
25737
25811
26711
25738
25812
26712
25739
25813
26713
25740
25814
26714
25741
25815
26715
25742
25816
26716
25743
25817
26717
25744
25818
26718
25745
25819
26719
25746
25820
26720
25747
25821
26721
25748
25822
26722
25749
25823
26723
25750
25824
26724
25751
25825
26725
25752
25826
26726
25753
25827
26727
25754
25828
26728
25755
25829
26729
25756
25830
26730
25757
25831
26731
25758
25832
26732
25759
25833
26733
25760
25834
26734
25761
25835
26735
25762
25836
26736
25763
25837
26737
25764
25838
26738
25765
25839
26739
25766
25840
26740
25767
25841
26741
25768
25842
26742
25769
25843
26743
25770
25844
26744
25771
25845
26745
25772
25846
26746
25773
25847
26747
25774
25848
26748
25775
25849
26749
25776
25850
26750
25777
25851
26751
25778
25852
26752
25779
25853
26753
25780
25854
26754
25781
25855
26755
25782
25856
26756
25783
25857
26757
25784
25858
26758
25785
25859
26759
25786
25860
26760
25787
25861
26761
25788
25862
26762
25789
25863
26763
25790
25864
26764
25791
25865
26765
25792
25866
26766
25793
25867
26767
25794
25868
26768
25795
25869
26769
25796
25870
26770
25797
25871
26771
25798
25872
26772
25799
25873
26773
25874
26774
25801
25875
26775
25802
25876
26776
25803
25877
26777
25804
25878
26778
25805
25879
26779
25806
25880
26780
25807
25881
26781
25808
25882
26782
25809
25883
26783
25810
25884
26784
25811
25885
26785
25812
25886
26786
25813
25887
26787
25814
25888
26788
25815
25889
26789
25816
25890
26790
25817
25891
26791
25818
25892
26792
25819
25893
26793
25820
25894
26794
25821
25895
26795
25822
25896
26796
25823
25897
26797
25824
25898
26798
25825
25899
26799
25826
25900
26800
25827
25901
26801
25828
25902
26802
25829
25903
26803
25830
25904
26804
25831
25905
26805
25832
25906
26806
25833
25907
26807
25834
25908
26808
25835
25909
26809
25836
25910
26810
25837
25911
26811
25838
25912
26812
25839
25913
26813
25840
25914
26814
25841
25915
26815
25842
25916
26816
25843
25917
26817
25844
25918
26818
25845
25919
26819
25846
25920
26820
25847
25921
26821
25848
25922
26822
25849
25923
26823
25850
25924
26824
25851
25925
26825
25852
25926
26826
25853
25927
26827
25854
25928
26828
25855
25929
26829
25856
25930
26830
25857
25931
26831
25858
25932
26832
25859
25933
26833
25860
25934
26834
25861
25935
26835
25862
25936
26836
25863
25937
26837
25864
25938
26838
25865
25939
26839
25866
25940
26840
25867
25941
26841
25868
25942
26842
25869
25943
26843
25870
25944
26844
25871
25945
26845
25872
25946
26846
25873
25947
26847
25874
25948
26848
25949
26849
25876
25950
26850
25877
25951
26851
25878
25952
26852
25879
25953
26853
25880
25954
26854
25881
25955
26855
25882
25956
26856
25883
25957
26857
25884
25958
26858
25885
25959
26859
25886
25960
26860
25887
25961
26861
25888
25962
26862
25889
25963
26863
25890
25964
26864
25891
25965
26865
25892
25966
26866
25893
25967
26867
25894
25968
26868
25895
25969
26869
25896
25970
26870
25897
25971
26871
25898
25972
26872
25899
25973
26873
25900
25974
26874
25901
25975
26875
25902
25976
26876
25903
25977
26877
25904
25978
26878
25905
25979
26879
25906
25980
26880
25907
25981
26881
25908
25982
26882
25909
25983
26883
25910
25984
26884
25911
25985
26885
25912
25986
26886
25913
25987
26887
25914
25988
26888
25915
25989
26889
25916
25990
26890
25917
25991
26891
25918
25992
26892
25919
25993
26893
25920
25994
26894
25921
25995
26895
25922
25996
26896
25923
25997
26897
25924
25998
26898
25925
25999
26899
25926
26000
26900
25927
26001
26901
25928
26002
26902
25929
26003
26903
25930
26004
26904
25931
26005
26905
25932
26006
26906
25933
26007
26907
25934
26008
26908
25935
26009
26909
25936
26010
26910
25937
26011
26911
25938
26012
26912
25939
26013
26913
25940
26014
26914
25941
26015
26915
25942
26016
26916
25943
26017
26917
25944
26018
26918
25945
26019
26919
25946
26020
26920
25947
26021
26921
25948
26022
26922
25949
26023
26923
26024
26924
25951
26025
26925
25952
26026
26926
25953
26027
26927
25954
26028
26928
25955
26029
26929
25956
26030
26930
25957
26031
26931
25958
26032
26932
25959
26033
26933
25960
26034
26934
25961
26035
26935
25962
26036
26936
25963
26037
26937
25964
26038
26938
25965
26039
26939
25966
26040
26940
25967
26041
26941
25968
26042
26942
25969
26043
26943
25970
26044
26944
25971
26045
26945
25972
26046
26946
25973
26047
26947
25974
26048
26948
25975
26049
26949
25976
26050
26950
25977
26051
26951
25978
26052
26952
25979
26053
26953
25980
26054
26954
25981
26055
26955
25982
26056
26956
25983
26057
26957
25984
26058
26958
25985
26059
26959
25986
26060
26960
25987
26061
26961
25988
26062
26962
25989
26063
26963
25990
26064
26964
25991
26065
26965
25992
26066
26966
25993
26067
26967
25994
26068
26968
25995
26069
26969
25996
26070
26970
25997
26071
26971
25998
26072
26972
25999
26073
26973
26000
26074
26974
26001
26075
26975
26002
26076
26976
26003
26077
26977
26004
26078
26978
26005
26079
26979
26006
26080
26980
26007
26081
26981
26008
26082
26982
26009
26083
26983
26010
26084
26984
26011
26085
26985
26012
26086
26986
26013
26087
26987
26014
26088
26988
26015
26089
26989
26016
26090
26990
26017
26091
26991
26018
26092
26992
26019
26093
26993
26020
26094
26994
26021
26095
26995
26022
26096
26996
26023
26097
26997
26024
26098
26998
26099
26999
26026
26100
27000
26027
26101
27001
26028
26102
27002
26029
26103
27003
26030
26104
27004
26031
26105
27005
26032
26106
27006
26033
26107
27007
26034
26108
27008
26035
26109
27009
26036
26110
27010
26037
26111
27011
26038
26112
27012
26039
26113
27013
26040
26114
27014
26041
26115
27015
26042
26116
27016
26043
26117
27017
26044
26118
27018
26045
26119
27019
26046
26120
27020
26047
26121
27021
26048
26122
27022
26049
26123
27023
26050
26124
27024
26051
26125
27025
26052
26126
27026
26053
26127
27027
26054
26128
27028
26055
26129
27029
26056
26130
27030
26057
26131
27031
26058
26132
27032
26059
26133
27033
26060
26134
27034
26061
26135
27035
26062
26136
27036
26063
26137
27037
26064
26138
27038
26065
26139
27039
26066
26140
27040
26067
26141
27041
26068
26142
27042
26069
26143
27043
26070
26144
27044
26071
26145
27045
26072
26146
27046
26073
26147
27047
26074
26148
27048
26075
26149
27049
26076
26150
27050
26077
26151
27051
26078
26152
27052
26079
26153
27053
26080
26154
27054
26081
26155
27055
26082
26156
27056
26083
26157
27057
26084
26158
27058
26085
26159
27059
26086
26160
27060
26087
26161
27061
26088
26162
27062
26089
26163
27063
26090
26164
27064
26091
26165
27065
26092
26166
27066
26093
26167
27067
26094
26168
27068
26095
26169
27069
26096
26170
27070
26097
26171
27071
26098
26172
27072
26099
26173
27073
26174
27074
26101
26175
27075
26102
26176
27076
26103
26177
27077
26104
26178
27078
26105
26179
27079
26106
26180
27080
26107
26181
27081
26108
26182
27082
26109
26183
27083
26110
26184
27084
26111
26185
27085
26112
26186
27086
26113
26187
27087
26114
26188
27088
26115
26189
27089
26116
26190
27090
26117
26191
27091
26118
26192
27092
26119
26193
27093
26120
26194
27094
26121
26195
27095
26122
26196
27096
26123
26197
27097
26124
26198
27098
26125
26199
27099
26126
26200
27100
26127
26201
27101
26128
26202
27102
26129
26203
27103
26130
26204
27104
26131
26205
27105
26132
26206
27106
26133
26207
27107
26134
26208
27108
26135
26209
27109
26136
26210
27110
26137
26211
27111
26138
26212
27112
26139
26213
27113
26140
26214
27114
26141
26215
27115
26142
26216
27116
26143
26217
27117
26144
26218
27118
26145
26219
27119
26146
26220
27120
26147
26221
27121
26148
26222
27122
26149
26223
27123
26150
26224
27124
26151
26225
27125
26152
26226
27126
26153
26227
27127
26154
26228
27128
26155
26229
27129
26156
26230
27130
26157
26231
27131
26158
26232
27132
26159
26233
27133
26160
26234
27134
26161
26235
27135
26162
26236
27136
26163
26237
27137
26164
26238
27138
26165
26239
27139
26166
26240
27140
26167
26241
27141
26168
26242
27142
26169
26243
27143
26170
26244
27144
26171
26245
27145
26172
26246
27146
26173
26247
27147
26174
26248
27148
26249
27149
26176
26250
27150
26177
26251
27151
26178
26252
27152
26179
26253
27153
26180
26254
27154
26181
26255
27155
26182
26256
27156
26183
26257
27157
26184
26258
27158
26185
26259
27159
26186
26260
27160
26187
26261
27161
26188
26262
27162
26189
26263
27163
26190
26264
27164
26191
26265
27165
26192
26266
27166
26193
26267
27167
26194
26268
27168
26195
26269
27169
26196
26270
27170
26197
26271
27171
26198
26272
27172
26199
26273
27173
26200
26274
27174
26201
26275
27175
26202
26276
27176
26203
26277
27177
26204
26278
27178
26205
26279
27179
26206
26280
27180
26207
26281
27181
26208
26282
27182
26209
26283
27183
26210
26284
27184
26211
26285
27185
26212
26286
27186
26213
26287
27187
26214
26288
27188
26215
26289
27189
26216
26290
27190
26217
26291
27191
26218
26292
27192
26219
26293
27193
26220
26294
27194
26221
26295
27195
26222
26296
27196
26223
26297
27197
26224
26298
27198
26225
26299
27199
26226
26300
27200
26227
26301
27201
26228
26302
27202
26229
26303
27203
26230
26304
27204
26231
26305
27205
26232
26306
27206
26233
26307
27207
26234
26308
27208
26235
26309
27209
26236
26310
27210
26237
26311
27211
26238
26312
27212
26239
26313
27213
26240
26314
27214
26241
26315
27215
26242
26316
27216
26243
26317
27217
26244
26318
27218
26245
26319
27219
26246
26320
27220
26247
26321
27221
26248
26322
27222
26249
26323
27223
26324
27224
26251
26325
27225
26252
26326
27226
26253
26327
27227
26254
26328
27228
26255
26329
27229
26256
26330
27230
26257
26331
27231
26258
26332
27232
26259
26333
27233
26260
26334
27234
26261
26335
27235
26262
26336
27236
26263
26337
27237
26264
26338
27238
26265
26339
27239
26266
26340
27240
26267
26341
27241
26268
26342
27242
26269
26343
27243
26270
26344
27244
26271
26345
27245
26272
26346
27246
26273
26347
27247
26274
26348
27248
26275
26349
27249
26276
26350
27250
26277
26351
27251
26278
26352
27252
26279
26353
27253
26280
26354
27254
26281
26355
27255
26282
26356
27256
26283
26357
27257
26284
26358
27258
26285
26359
27259
26286
26360
27260
26287
26361
27261
26288
26362
27262
26289
26363
27263
26290
26364
27264
26291
26365
27265
26292
26366
27266
26293
26367
27267
26294
26368
27268
26295
26369
27269
26296
26370
27270
26297
26371
27271
26298
26372
27272
26299
26373
27273
26300
26374
27274
26301
26375
27275
26302
26376
27276
26303
26377
27277
26304
26378
27278
26305
26379
27279
26306
26380
27280
26307
26381
27281
26308
26382
27282
26309
26383
27283
26310
26384
27284
26311
26385
27285
26312
26386
27286
26313
26387
27287
26314
26388
27288
26315
26389
27289
26316
26390
27290
26317
26391
27291
26318
26392
27292
26319
26393
27293
26320
26394
27294
26321
26395
27295
26322
26396
27296
26323
26397
27297
26324
26398
27298
26399
27299
26326
26400
27300
26327
26401
27301
26328
26402
27302
26329
26403
27303
26330
26404
27304
26331
26405
27305
26332
26406
27306
26333
26407
27307
26334
26408
27308
26335
26409
27309
26336
26410
27310
26337
26411
27311
26338
26412
27312
26339
26413
27313
26340
26414
27314
26341
26415
27315
26342
26416
27316
26343
26417
27317
26344
26418
27318
26345
26419
27319
26346
26420
27320
26347
26421
27321
26348
26422
27322
26349
26423
27323
26350
26424
27324
26351
26425
27325
26352
26426
27326
26353
26427
27327
26354
26428
27328
26355
26429
27329
26356
26430
27330
26357
26431
27331
26358
26432
27332
26359
26433
27333
26360
26434
27334
26361
26435
27335
26362
26436
27336
26363
26437
27337
26364
26438
27338
26365
26439
27339
26366
26440
27340
26367
26441
27341
26368
26442
27342
26369
26443
27343
26370
26444
27344
26371
26445
27345
26372
26446
27346
26373
26447
27347
26374
26448
27348
26375
26449
27349
26376
26450
27350
26377
26451
27351
26378
26452
27352
26379
26453
27353
26380
26454
27354
26381
26455
27355
26382
26456
27356
26383
26457
27357
26384
26458
27358
26385
26459
27359
26386
26460
27360
26387
26461
27361
26388
26462
27362
26389
26463
27363
26390
26464
27364
26391
26465
27365
26392
26466
27366
26393
26467
27367
26394
26468
27368
26395
26469
27369
26396
26470
27370
26397
26471
27371
26398
26472
27372
26399
26473
27373
26474
27374
26401
27375
26402
27376
26403
27377
26404
27378
26405
27379
26406
27380
26407
27381
26408
27382
26409
27383
26410
27384
26411
27385
26412
27386
26413
27387
26414
27388
26415
27389
26416
27390
26417
27391
26418
27392
26419
27393
26420
27394
26421
27395
26422
27396
26423
27397
26424
27398
26425
27399
26426
27400
26427
27401
26428
27402
26429
27403
26430
27404
26431
27405
26432
27406
26433
27407
26434
27408
26435
27409
26436
27410
26437
27411
26438
27412
26439
27413
26440
27414
26441
27415
26442
27416
26443
27417
26444
27418
26445
27419
26446
27420
26447
27421
26448
27422
26449
27423
26450
27424
26451
27425
26452
27426
26453
27427
26454
27428
26455
27429
26456
27430
26457
27431
26458
27432
26459
27433
26460
27434
26461
27435
26462
27436
26463
27437
26464
27438
26465
27439
26466
27440
26467
27441
26468
27442
26469
27443
26470
27444
26471
27445
26472
27446
26473
27447
26474
27448
27449
26476
26550
27450
26477
26551
27451
26478
26552
27452
26479
26553
27453
26480
26554
27454
26481
26555
27455
26482
26556
27456
26483
26557
27457
26484
26558
27458
26485
26559
27459
26486
26560
27460
26487
26561
27461
26488
26562
27462
26489
26563
27463
26490
26564
27464
26491
26565
27465
26492
26566
27466
26493
26567
27467
26494
26568
27468
26495
26569
27469
26496
26570
27470
26497
26571
27471
26498
26572
27472
26499
26573
27473
26500
26574
27474
26501
26575
27475
26502
26576
27476
26503
26577
27477
26504
26578
27478
26505
26579
27479
26506
26580
27480
26507
26581
27481
26508
26582
27482
26509
26583
27483
26510
26584
27484
26511
26585
27485
26512
26586
27486
26513
26587
27487
26514
26588
27488
26515
26589
27489
26516
26590
27490
26517
26591
27491
26518
26592
27492
26519
26593
27493
26520
26594
27494
26521
26595
27495
26522
26596
27496
26523
26597
27497
26524
26598
27498
26525
26599
27499
26526
26600
27500
26527
26601
27501
26528
26602
27502
26529
26603
27503
26530
26604
27504
26531
26605
27505
26532
26606
27506
26533
26607
27507
26534
26608
27508
26535
26609
27509
26536
26610
27510
26537
26611
27511
26538
26612
27512
26539
26613
27513
26540
26614
27514
26541
26615
27515
26542
26616
27516
26543
26617
27517
26544
26618
27518
26545
26619
27519
26546
26620
27520
26547
26621
27521
26548
26622
27522
26549
26623
27523
26624
27524
26551
26625
27525
26552
26626
27526
26553
26627
27527
26554
26628
27528
26555
26629
27529
26556
26630
27530
26557
26631
27531
26558
26632
27532
26559
26633
27533
26560
26634
27534
26561
26635
27535
26562
26636
27536
26563
26637
27537
26564
26638
27538
26565
26639
27539
26566
26640
27540
26567
26641
27541
26568
26642
27542
26569
26643
27543
26570
26644
27544
26571
26645
27545
26572
26646
27546
26573
26647
27547
26574
26648
27548
26575
26649
27549
26576
26650
27550
26577
26651
27551
26578
26652
27552
26579
26653
27553
26580
26654
27554
26581
26655
27555
26582
26656
27556
26583
26657
27557
26584
26658
27558
26585
26659
27559
26586
26660
27560
26587
26661
27561
26588
26662
27562
26589
26663
27563
26590
26664
27564
26591
26665
27565
26592
26666
27566
26593
26667
27567
26594
26668
27568
26595
26669
27569
26596
26670
27570
26597
26671
27571
26598
26672
27572
26599
26673
27573
26600
26674
27574
26601
26675
27575
26602
26676
27576
26603
26677
27577
26604
26678
27578
26605
26679
27579
26606
26680
27580
26607
26681
27581
26608
26682
27582
26609
26683
27583
26610
26684
27584
26611
26685
27585
26612
26686
27586
26613
26687
27587
26614
26688
27588
26615
26689
27589
26616
26690
27590
26617
26691
27591
26618
26692
27592
26619
26693
27593
26620
26694
27594
26621
26695
27595
26622
26696
27596
26623
26697
27597
26624
26698
27598
26699
27599
26626
26700
27600
26627
26701
27601
26628
26702
27602
26629
26703
27603
26630
26704
27604
26631
26705
27605
26632
26706
27606
26633
26707
27607
26634
26708
27608
26635
26709
27609
26636
26710
27610
26637
26711
27611
26638
26712
27612
26639
26713
27613
26640
26714
27614
26641
26715
27615
26642
26716
27616
26643
26717
27617
26644
26718
27618
26645
26719
27619
26646
26720
27620
26647
26721
27621
26648
26722
27622
26649
26723
27623
26650
26724
27624
26651
26725
27625
26652
26726
27626
26653
26727
27627
26654
26728
27628
26655
26729
27629
26656
26730
27630
26657
26731
27631
26658
26732
27632
26659
26733
27633
26660
26734
27634
26661
26735
27635
26662
26736
27636
26663
26737
27637
26664
26738
27638
26665
26739
27639
26666
26740
27640
26667
26741
27641
26668
26742
27642
26669
26743
27643
26670
26744
27644
26671
26745
27645
26672
26746
27646
26673
26747
27647
26674
26748
27648
26675
26749
27649
26676
26750
27650
26677
26751
27651
26678
26752
27652
26679
26753
27653
26680
26754
27654
26681
26755
27655
26682
26756
27656
26683
26757
27657
26684
26758
27658
26685
26759
27659
26686
26760
27660
26687
26761
27661
26688
26762
27662
26689
26763
27663
26690
26764
27664
26691
26765
27665
26692
26766
27666
26693
26767
27667
26694
26768
27668
26695
26769
27669
26696
26770
27670
26697
26771
27671
26698
26772
27672
26699
26773
27673
26774
27674
26701
26775
27675
26702
26776
27676
26703
26777
27677
26704
26778
27678
26705
26779
27679
26706
26780
27680
26707
26781
27681
26708
26782
27682
26709
26783
27683
26710
26784
27684
26711
26785
27685
26712
26786
27686
26713
26787
27687
26714
26788
27688
26715
26789
27689
26716
26790
27690
26717
26791
27691
26718
26792
27692
26719
26793
27693
26720
26794
27694
26721
26795
27695
26722
26796
27696
26723
26797
27697
26724
26798
27698
26725
26799
27699
26726
26800
27700
26727
26801
27701
26728
26802
27702
26729
26803
27703
26730
26804
27704
26731
26805
27705
26732
26806
27706
26733
26807
27707
26734
26808
27708
26735
26809
27709
26736
26810
27710
26737
26811
27711
26738
26812
27712
26739
26813
27713
26740
26814
27714
26741
26815
27715
26742
26816
27716
26743
26817
27717
26744
26818
27718
26745
26819
27719
26746
26820
27720
26747
26821
27721
26748
26822
27722
26749
26823
27723
26750
26824
27724
26751
26825
27725
26752
26826
27726
26753
26827
27727
26754
26828
27728
26755
26829
27729
26756
26830
27730
26757
26831
27731
26758
26832
27732
26759
26833
27733
26760
26834
27734
26761
26835
27735
26762
26836
27736
26763
26837
27737
26764
26838
27738
26765
26839
27739
26766
26840
27740
26767
26841
27741
26768
26842
27742
26769
26843
27743
26770
26844
27744
26771
26845
27745
26772
26846
27746
26773
26847
27747
26774
26848
27748
26849
27749
26776
26850
27750
26777
26851
27751
26778
26852
27752
26779
26853
27753
26780
26854
27754
26781
26855
27755
26782
26856
27756
26783
26857
27757
26784
26858
27758
26785
26859
27759
26786
26860
27760
26787
26861
27761
26788
26862
27762
26789
26863
27763
26790
26864
27764
26791
26865
27765
26792
26866
27766
26793
26867
27767
26794
26868
27768
26795
26869
27769
26796
26870
27770
26797
26871
27771
26798
26872
27772
26799
26873
27773
26800
26874
27774
26801
26875
27775
26802
26876
27776
26803
26877
27777
26804
26878
27778
26805
26879
27779
26806
26880
27780
26807
26881
27781
26808
26882
27782
26809
26883
27783
26810
26884
27784
26811
26885
27785
26812
26886
27786
26813
26887
27787
26814
26888
27788
26815
26889
27789
26816
26890
27790
26817
26891
27791
26818
26892
27792
26819
26893
27793
26820
26894
27794
26821
26895
27795
26822
26896
27796
26823
26897
27797
26824
26898
27798
26825
26899
27799
26826
26900
27800
26827
26901
27801
26828
26902
27802
26829
26903
27803
26830
26904
27804
26831
26905
27805
26832
26906
27806
26833
26907
27807
26834
26908
27808
26835
26909
27809
26836
26910
27810
26837
26911
27811
26838
26912
27812
26839
26913
27813
26840
26914
27814
26841
26915
27815
26842
26916
27816
26843
26917
27817
26844
26918
27818
26845
26919
27819
26846
26920
27820
26847
26921
27821
26848
26922
27822
26849
26923
27823
26924
27824
26851
26925
27825
26852
26926
27826
26853
26927
27827
26854
26928
27828
26855
26929
27829
26856
26930
27830
26857
26931
27831
26858
26932
27832
26859
26933
27833
26860
26934
27834
26861
26935
27835
26862
26936
27836
26863
26937
27837
26864
26938
27838
26865
26939
27839
26866
26940
27840
26867
26941
27841
26868
26942
27842
26869
26943
27843
26870
26944
27844
26871
26945
27845
26872
26946
27846
26873
26947
27847
26874
26948
27848
26875
26949
27849
26876
26950
27850
26877
26951
27851
26878
26952
27852
26879
26953
27853
26880
26954
27854
26881
26955
27855
26882
26956
27856
26883
26957
27857
26884
26958
27858
26885
26959
27859
26886
26960
27860
26887
26961
27861
26888
26962
27862
26889
26963
27863
26890
26964
27864
26891
26965
27865
26892
26966
27866
26893
26967
27867
26894
26968
27868
26895
26969
27869
26896
26970
27870
26897
26971
27871
26898
26972
27872
26899
26973
27873
26900
26974
27874
26901
26975
27875
26902
26976
27876
26903
26977
27877
26904
26978
27878
26905
26979
27879
26906
26980
27880
26907
26981
27881
26908
26982
27882
26909
26983
27883
26910
26984
27884
26911
26985
27885
26912
26986
27886
26913
26987
27887
26914
26988
27888
26915
26989
27889
26916
26990
27890
26917
26991
27891
26918
26992
27892
26919
26993
27893
26920
26994
27894
26921
26995
27895
26922
26996
27896
26923
26997
27897
26924
26998
27898
26999
27899
26926
27000
27900
26927
27001
27901
26928
27002
27902
26929
27003
27903
26930
27004
27904
26931
27005
27905
26932
27006
27906
26933
27007
27907
26934
27008
27908
26935
27009
27909
26936
27010
27910
26937
27011
27911
26938
27012
27912
26939
27013
27913
26940
27014
27914
26941
27015
27915
26942
27016
27916
26943
27017
27917
26944
27018
27918
26945
27019
27919
26946
27020
27920
26947
27021
27921
26948
27022
27922
26949
27023
27923
26950
27024
27924
26951
27025
27925
26952
27026
27926
26953
27027
27927
26954
27028
27928
26955
27029
27929
26956
27030
27930
26957
27031
27931
26958
27032
27932
26959
27033
27933
26960
27034
27934
26961
27035
27935
26962
27036
27936
26963
27037
27937
26964
27038
27938
26965
27039
27939
26966
27040
27940
26967
27041
27941
26968
27042
27942
26969
27043
27943
26970
27044
27944
26971
27045
27945
26972
27046
27946
26973
27047
27947
26974
27048
27948
26975
27049
27949
26976
27050
27950
26977
27051
27951
26978
27052
27952
26979
27053
27953
26980
27054
27954
26981
27055
27955
26982
27056
27956
26983
27057
27957
26984
27058
27958
26985
27059
27959
26986
27060
27960
26987
27061
27961
26988
27062
27962
26989
27063
27963
26990
27064
27964
26991
27065
27965
26992
27066
27966
26993
27067
27967
26994
27068
27968
26995
27069
27969
26996
27070
27970
26997
27071
27971
26998
27072
27972
26999
27073
27973
27074
27974
27001
27075
27975
27002
27076
27976
27003
27077
27977
27004
27078
27978
27005
27079
27979
27006
27080
27980
27007
27081
27981
27008
27082
27982
27009
27083
27983
27010
27084
27984
27011
27085
27985
27012
27086
27986
27013
27087
27987
27014
27088
27988
27015
27089
27989
27016
27090
27990
27017
27091
27991
27018
27092
27992
27019
27093
27993
27020
27094
27994
27021
27095
27995
27022
27096
27996
27023
27097
27997
27024
27098
27998
27025
27099
27999
27026
27100
28000
27027
27101
28001
27028
27102
28002
27029
27103
28003
27030
27104
28004
27031
27105
28005
27032
27106
28006
27033
27107
28007
27034
27108
28008
27035
27109
28009
27036
27110
28010
27037
27111
28011
27038
27112
28012
27039
27113
28013
27040
27114
28014
27041
27115
28015
27042
27116
28016
27043
27117
28017
27044
27118
28018
27045
27119
28019
27046
27120
28020
27047
27121
28021
27048
27122
28022
27049
27123
28023
27050
27124
28024
27051
27125
28025
27052
27126
28026
27053
27127
28027
27054
27128
28028
27055
27129
28029
27056
27130
28030
27057
27131
28031
27058
27132
28032
27059
27133
28033
27060
27134
28034
27061
27135
28035
27062
27136
28036
27063
27137
28037
27064
27138
28038
27065
27139
28039
27066
27140
28040
27067
27141
28041
27068
27142
28042
27069
27143
28043
27070
27144
28044
27071
27145
28045
27072
27146
28046
27073
27147
28047
27074
27148
28048
27149
28049
27076
27150
28050
27077
27151
28051
27078
27152
28052
27079
27153
28053
27080
27154
28054
27081
27155
28055
27082
27156
28056
27083
27157
28057
27084
27158
28058
27085
27159
28059
27086
27160
28060
27087
27161
28061
27088
27162
28062
27089
27163
28063
27090
27164
28064
27091
27165
28065
27092
27166
28066
27093
27167
28067
27094
27168
28068
27095
27169
28069
27096
27170
28070
27097
27171
28071
27098
27172
28072
27099
27173
28073
27100
27174
28074
27101
27175
28075
27102
27176
28076
27103
27177
28077
27104
27178
28078
27105
27179
28079
27106
27180
28080
27107
27181
28081
27108
27182
28082
27109
27183
28083
27110
27184
28084
27111
27185
28085
27112
27186
28086
27113
27187
28087
27114
27188
28088
27115
27189
28089
27116
27190
28090
27117
27191
28091
27118
27192
28092
27119
27193
28093
27120
27194
28094
27121
27195
28095
27122
27196
28096
27123
27197
28097
27124
27198
28098
27125
27199
28099
27126
27200
28100
27127
27201
28101
27128
27202
28102
27129
27203
28103
27130
27204
28104
27131
27205
28105
27132
27206
28106
27133
27207
28107
27134
27208
28108
27135
27209
28109
27136
27210
28110
27137
27211
28111
27138
27212
28112
27139
27213
28113
27140
27214
28114
27141
27215
28115
27142
27216
28116
27143
27217
28117
27144
27218
28118
27145
27219
28119
27146
27220
28120
27147
27221
28121
27148
27222
28122
27149
27223
28123
27224
28124
27151
27225
28125
27152
27226
28126
27153
27227
28127
27154
27228
28128
27155
27229
28129
27156
27230
28130
27157
27231
28131
27158
27232
28132
27159
27233
28133
27160
27234
28134
27161
27235
28135
27162
27236
28136
27163
27237
28137
27164
27238
28138
27165
27239
28139
27166
27240
28140
27167
27241
28141
27168
27242
28142
27169
27243
28143
27170
27244
28144
27171
27245
28145
27172
27246
28146
27173
27247
28147
27174
27248
28148
27175
27249
28149
27176
27250
28150
27177
27251
28151
27178
27252
28152
27179
27253
28153
27180
27254
28154
27181
27255
28155
27182
27256
28156
27183
27257
28157
27184
27258
28158
27185
27259
28159
27186
27260
28160
27187
27261
28161
27188
27262
28162
27189
27263
28163
27190
27264
28164
27191
27265
28165
27192
27266
28166
27193
27267
28167
27194
27268
28168
27195
27269
28169
27196
27270
28170
27197
27271
28171
27198
27272
28172
27199
27273
28173
27200
27274
28174
27201
27275
28175
27202
27276
28176
27203
27277
28177
27204
27278
28178
27205
27279
28179
27206
27280
28180
27207
27281
28181
27208
27282
28182
27209
27283
28183
27210
27284
28184
27211
27285
28185
27212
27286
28186
27213
27287
28187
27214
27288
28188
27215
27289
28189
27216
27290
28190
27217
27291
28191
27218
27292
28192
27219
27293
28193
27220
27294
28194
27221
27295
28195
27222
27296
28196
27223
27297
28197
27224
27298
28198
27299
28199
27226
27300
28200
27227
27301
28201
27228
27302
28202
27229
27303
28203
27230
27304
28204
27231
27305
28205
27232
27306
28206
27233
27307
28207
27234
27308
28208
27235
27309
28209
27236
27310
28210
27237
27311
28211
27238
27312
28212
27239
27313
28213
27240
27314
28214
27241
27315
28215
27242
27316
28216
27243
27317
28217
27244
27318
28218
27245
27319
28219
27246
27320
28220
27247
27321
28221
27248
27322
28222
27249
27323
28223
27250
27324
28224
27251
27325
28225
27252
27326
28226
27253
27327
28227
27254
27328
28228
27255
27329
28229
27256
27330
28230
27257
27331
28231
27258
27332
28232
27259
27333
28233
27260
27334
28234
27261
27335
28235
27262
27336
28236
27263
27337
28237
27264
27338
28238
27265
27339
28239
27266
27340
28240
27267
27341
28241
27268
27342
28242
27269
27343
28243
27270
27344
28244
27271
27345
28245
27272
27346
28246
27273
27347
28247
27274
27348
28248
27275
27349
28249
27276
27350
28250
27277
27351
28251
27278
27352
28252
27279
27353
28253
27280
27354
28254
27281
27355
28255
27282
27356
28256
27283
27357
28257
27284
27358
28258
27285
27359
28259
27286
27360
28260
27287
27361
28261
27288
27362
28262
27289
27363
28263
27290
27364
28264
27291
27365
28265
27292
27366
28266
27293
27367
28267
27294
27368
28268
27295
27369
28269
27296
27370
28270
27297
27371
28271
27298
27372
28272
27299
27373
28273
27374
28274
27301
27375
28275
27302
27376
28276
27303
27377
28277
27304
27378
28278
27305
27379
28279
27306
27380
28280
27307
27381
28281
27308
27382
28282
27309
27383
28283
27310
27384
28284
27311
27385
28285
27312
27386
28286
27313
27387
28287
27314
27388
28288
27315
27389
28289
27316
27390
28290
27317
27391
28291
27318
27392
28292
27319
27393
28293
27320
27394
28294
27321
27395
28295
27322
27396
28296
27323
27397
28297
27324
27398
28298
27325
27399
28299
27326
27400
28300
27327
27401
28301
27328
27402
28302
27329
27403
28303
27330
27404
28304
27331
27405
28305
27332
27406
28306
27333
27407
28307
27334
27408
28308
27335
27409
28309
27336
27410
28310
27337
27411
28311
27338
27412
28312
27339
27413
28313
27340
27414
28314
27341
27415
28315
27342
27416
28316
27343
27417
28317
27344
27418
28318
27345
27419
28319
27346
27420
28320
27347
27421
28321
27348
27422
28322
27349
27423
28323
27350
27424
28324
27351
27425
28325
27352
27426
28326
27353
27427
28327
27354
27428
28328
27355
27429
28329
27356
27430
28330
27357
27431
28331
27358
27432
28332
27359
27433
28333
27360
27434
28334
27361
27435
28335
27362
27436
28336
27363
27437
28337
27364
27438
28338
27365
27439
28339
27366
27440
28340
27367
27441
28341
27368
27442
28342
27369
27443
28343
27370
27444
28344
27371
27445
28345
27372
27446
28346
27373
27447
28347
27374
27448
28348
27449
28349
27376
28350
27377
28351
27378
28352
27379
28353
27380
28354
27381
28355
27382
28356
27383
28357
27384
28358
27385
28359
27386
28360
27387
28361
27388
28362
27389
28363
27390
28364
27391
28365
27392
28366
27393
28367
27394
28368
27395
28369
27396
28370
27397
28371
27398
28372
27399
28373
27400
28374
27401
28375
27402
28376
27403
28377
27404
28378
27405
28379
27406
28380
27407
28381
27408
28382
27409
28383
27410
28384
27411
28385
27412
28386
27413
28387
27414
28388
27415
28389
27416
28390
27417
28391
27418
28392
27419
28393
27420
28394
27421
28395
27422
28396
27423
28397
27424
28398
27425
28399
27426
28400
27427
28401
27428
28402
27429
28403
27430
28404
27431
28405
27432
28406
27433
28407
27434
28408
27435
28409
27436
28410
27437
28411
27438
28412
27439
28413
27440
28414
27441
28415
27442
28416
27443
28417
27444
28418
27445
28419
27446
28420
27447
28421
27448
28422
27449
28423
28424
27451
27525
28425
27452
27526
28426
27453
27527
28427
27454
27528
28428
27455
27529
28429
27456
27530
28430
27457
27531
28431
27458
27532
28432
27459
27533
28433
27460
27534
28434
27461
27535
28435
27462
27536
28436
27463
27537
28437
27464
27538
28438
27465
27539
28439
27466
27540
28440
27467
27541
28441
27468
27542
28442
27469
27543
28443
27470
27544
28444
27471
27545
28445
27472
27546
28446
27473
27547
28447
27474
27548
28448
27475
27549
28449
27476
27550
28450
27477
27551
28451
27478
27552
28452
27479
27553
28453
27480
27554
28454
27481
27555
28455
27482
27556
28456
27483
27557
28457
27484
27558
28458
27485
27559
28459
27486
27560
28460
27487
27561
28461
27488
27562
28462
27489
27563
28463
27490
27564
28464
27491
27565
28465
27492
27566
28466
27493
27567
28467
27494
27568
28468
27495
27569
28469
27496
27570
28470
27497
27571
28471
27498
27572
28472
27499
27573
28473
27500
27574
28474
27501
27575
28475
27502
27576
28476
27503
27577
28477
27504
27578
28478
27505
27579
28479
27506
27580
28480
27507
27581
28481
27508
27582
28482
27509
27583
28483
27510
27584
28484
27511
27585
28485
27512
27586
28486
27513
27587
28487
27514
27588
28488
27515
27589
28489
27516
27590
28490
27517
27591
28491
27518
27592
28492
27519
27593
28493
27520
27594
28494
27521
27595
28495
27522
27596
28496
27523
27597
28497
27524
27598
28498
27599
28499
27526
27600
28500
27527
27601
28501
27528
27602
28502
27529
27603
28503
27530
27604
28504
27531
27605
28505
27532
27606
28506
27533
27607
28507
27534
27608
28508
27535
27609
28509
27536
27610
28510
27537
27611
28511
27538
27612
28512
27539
27613
28513
27540
27614
28514
27541
27615
28515
27542
27616
28516
27543
27617
28517
27544
27618
28518
27545
27619
28519
27546
27620
28520
27547
27621
28521
27548
27622
28522
27549
27623
28523
27550
27624
28524
27551
27625
28525
27552
27626
28526
27553
27627
28527
27554
27628
28528
27555
27629
28529
27556
27630
28530
27557
27631
28531
27558
27632
28532
27559
27633
28533
27560
27634
28534
27561
27635
28535
27562
27636
28536
27563
27637
28537
27564
27638
28538
27565
27639
28539
27566
27640
28540
27567
27641
28541
27568
27642
28542
27569
27643
28543
27570
27644
28544
27571
27645
28545
27572
27646
28546
27573
27647
28547
27574
27648
28548
27575
27649
28549
27576
27650
28550
27577
27651
28551
27578
27652
28552
27579
27653
28553
27580
27654
28554
27581
27655
28555
27582
27656
28556
27583
27657
28557
27584
27658
28558
27585
27659
28559
27586
27660
28560
27587
27661
28561
27588
27662
28562
27589
27663
28563
27590
27664
28564
27591
27665
28565
27592
27666
28566
27593
27667
28567
27594
27668
28568
27595
27669
28569
27596
27670
28570
27597
27671
28571
27598
27672
28572
27599
27673
28573
27674
28574
27601
27675
28575
27602
27676
28576
27603
27677
28577
27604
27678
28578
27605
27679
28579
27606
27680
28580
27607
27681
28581
27608
27682
28582
27609
27683
28583
27610
27684
28584
27611
27685
28585
27612
27686
28586
27613
27687
28587
27614
27688
28588
27615
27689
28589
27616
27690
28590
27617
27691
28591
27618
27692
28592
27619
27693
28593
27620
27694
28594
27621
27695
28595
27622
27696
28596
27623
27697
28597
27624
27698
28598
27625
27699
28599
27626
27700
28600
27627
27701
28601
27628
27702
28602
27629
27703
28603
27630
27704
28604
27631
27705
28605
27632
27706
28606
27633
27707
28607
27634
27708
28608
27635
27709
28609
27636
27710
28610
27637
27711
28611
27638
27712
28612
27639
27713
28613
27640
27714
28614
27641
27715
28615
27642
27716
28616
27643
27717
28617
27644
27718
28618
27645
27719
28619
27646
27720
28620
27647
27721
28621
27648
27722
28622
27649
27723
28623
27650
27724
28624
27651
27725
28625
27652
27726
28626
27653
27727
28627
27654
27728
28628
27655
27729
28629
27656
27730
28630
27657
27731
28631
27658
27732
28632
27659
27733
28633
27660
27734
28634
27661
27735
28635
27662
27736
28636
27663
27737
28637
27664
27738
28638
27665
27739
28639
27666
27740
28640
27667
27741
28641
27668
27742
28642
27669
27743
28643
27670
27744
28644
27671
27745
28645
27672
27746
28646
27673
27747
28647
27674
27748
28648
27749
28649
27676
27750
28650
27677
27751
28651
27678
27752
28652
27679
27753
28653
27680
27754
28654
27681
27755
28655
27682
27756
28656
27683
27757
28657
27684
27758
28658
27685
27759
28659
27686
27760
28660
27687
27761
28661
27688
27762
28662
27689
27763
28663
27690
27764
28664
27691
27765
28665
27692
27766
28666
27693
27767
28667
27694
27768
28668
27695
27769
28669
27696
27770
28670
27697
27771
28671
27698
27772
28672
27699
27773
28673
27700
27774
28674
27701
27775
28675
27702
27776
28676
27703
27777
28677
27704
27778
28678
27705
27779
28679
27706
27780
28680
27707
27781
28681
27708
27782
28682
27709
27783
28683
27710
27784
28684
27711
27785
28685
27712
27786
28686
27713
27787
28687
27714
27788
28688
27715
27789
28689
27716
27790
28690
27717
27791
28691
27718
27792
28692
27719
27793
28693
27720
27794
28694
27721
27795
28695
27722
27796
28696
27723
27797
28697
27724
27798
28698
27725
27799
28699
27726
27800
28700
27727
27801
28701
27728
27802
28702
27729
27803
28703
27730
27804
28704
27731
27805
28705
27732
27806
28706
27733
27807
28707
27734
27808
28708
27735
27809
28709
27736
27810
28710
27737
27811
28711
27738
27812
28712
27739
27813
28713
27740
27814
28714
27741
27815
28715
27742
27816
28716
27743
27817
28717
27744
27818
28718
27745
27819
28719
27746
27820
28720
27747
27821
28721
27748
27822
28722
27749
27823
28723
27824
28724
27751
27825
28725
27752
27826
28726
27753
27827
28727
27754
27828
28728
27755
27829
28729
27756
27830
28730
27757
27831
28731
27758
27832
28732
27759
27833
28733
27760
27834
28734
27761
27835
28735
27762
27836
28736
27763
27837
28737
27764
27838
28738
27765
27839
28739
27766
27840
28740
27767
27841
28741
27768
27842
28742
27769
27843
28743
27770
27844
28744
27771
27845
28745
27772
27846
28746
27773
27847
28747
27774
27848
28748
27775
27849
28749
27776
27850
28750
27777
27851
28751
27778
27852
28752
27779
27853
28753
27780
27854
28754
27781
27855
28755
27782
27856
28756
27783
27857
28757
27784
27858
28758
27785
27859
28759
27786
27860
28760
27787
27861
28761
27788
27862
28762
27789
27863
28763
27790
27864
28764
27791
27865
28765
27792
27866
28766
27793
27867
28767
27794
27868
28768
27795
27869
28769
27796
27870
28770
27797
27871
28771
27798
27872
28772
27799
27873
28773
27800
27874
28774
27801
27875
28775
27802
27876
28776
27803
27877
28777
27804
27878
28778
27805
27879
28779
27806
27880
28780
27807
27881
28781
27808
27882
28782
27809
27883
28783
27810
27884
28784
27811
27885
28785
27812
27886
28786
27813
27887
28787
27814
27888
28788
27815
27889
28789
27816
27890
28790
27817
27891
28791
27818
27892
28792
27819
27893
28793
27820
27894
28794
27821
27895
28795
27822
27896
28796
27823
27897
28797
27824
27898
28798
27899
28799
27826
27900
28800
27827
27901
28801
27828
27902
28802
27829
27903
28803
27830
27904
28804
27831
27905
28805
27832
27906
28806
27833
27907
28807
27834
27908
28808
27835
27909
28809
27836
27910
28810
27837
27911
28811
27838
27912
28812
27839
27913
28813
27840
27914
28814
27841
27915
28815
27842
27916
28816
27843
27917
28817
27844
27918
28818
27845
27919
28819
27846
27920
28820
27847
27921
28821
27848
27922
28822
27849
27923
28823
27850
27924
28824
27851
27925
28825
27852
27926
28826
27853
27927
28827
27854
27928
28828
27855
27929
28829
27856
27930
28830
27857
27931
28831
27858
27932
28832
27859
27933
28833
27860
27934
28834
27861
27935
28835
27862
27936
28836
27863
27937
28837
27864
27938
28838
27865
27939
28839
27866
27940
28840
27867
27941
28841
27868
27942
28842
27869
27943
28843
27870
27944
28844
27871
27945
28845
27872
27946
28846
27873
27947
28847
27874
27948
28848
27875
27949
28849
27876
27950
28850
27877
27951
28851
27878
27952
28852
27879
27953
28853
27880
27954
28854
27881
27955
28855
27882
27956
28856
27883
27957
28857
27884
27958
28858
27885
27959
28859
27886
27960
28860
27887
27961
28861
27888
27962
28862
27889
27963
28863
27890
27964
28864
27891
27965
28865
27892
27966
28866
27893
27967
28867
27894
27968
28868
27895
27969
28869
27896
27970
28870
27897
27971
28871
27898
27972
28872
27899
27973
28873
27974
28874
27901
27975
28875
27902
27976
28876
27903
27977
28877
27904
27978
28878
27905
27979
28879
27906
27980
28880
27907
27981
28881
27908
27982
28882
27909
27983
28883
27910
27984
28884
27911
27985
28885
27912
27986
28886
27913
27987
28887
27914
27988
28888
27915
27989
28889
27916
27990
28890
27917
27991
28891
27918
27992
28892
27919
27993
28893
27920
27994
28894
27921
27995
28895
27922
27996
28896
27923
27997
28897
27924
27998
28898
27925
27999
28899
27926
28000
28900
27927
28001
28901
27928
28002
28902
27929
28003
28903
27930
28004
28904
27931
28005
28905
27932
28006
28906
27933
28007
28907
27934
28008
28908
27935
28009
28909
27936
28010
28910
27937
28011
28911
27938
28012
28912
27939
28013
28913
27940
28014
28914
27941
28015
28915
27942
28016
28916
27943
28017
28917
27944
28018
28918
27945
28019
28919
27946
28020
28920
27947
28021
28921
27948
28022
28922
27949
28023
28923
27950
28024
28924
27951
28025
28925
27952
28026
28926
27953
28027
28927
27954
28028
28928
27955
28029
28929
27956
28030
28930
27957
28031
28931
27958
28032
28932
27959
28033
28933
27960
28034
28934
27961
28035
28935
27962
28036
28936
27963
28037
28937
27964
28038
28938
27965
28039
28939
27966
28040
28940
27967
28041
28941
27968
28042
28942
27969
28043
28943
27970
28044
28944
27971
28045
28945
27972
28046
28946
27973
28047
28947
27974
28048
28948
28049
28949
27976
28050
28950
27977
28051
28951
27978
28052
28952
27979
28053
28953
27980
28054
28954
27981
28055
28955
27982
28056
28956
27983
28057
28957
27984
28058
28958
27985
28059
28959
27986
28060
28960
27987
28061
28961
27988
28062
28962
27989
28063
28963
27990
28064
28964
27991
28065
28965
27992
28066
28966
27993
28067
28967
27994
28068
28968
27995
28069
28969
27996
28070
28970
27997
28071
28971
27998
28072
28972
27999
28073
28973
28000
28074
28974
28001
28075
28975
28002
28076
28976
28003
28077
28977
28004
28078
28978
28005
28079
28979
28006
28080
28980
28007
28081
28981
28008
28082
28982
28009
28083
28983
28010
28084
28984
28011
28085
28985
28012
28086
28986
28013
28087
28987
28014
28088
28988
28015
28089
28989
28016
28090
28990
28017
28091
28991
28018
28092
28992
28019
28093
28993
28020
28094
28994
28021
28095
28995
28022
28096
28996
28023
28097
28997
28024
28098
28998
28025
28099
28999
28026
28100
29000
28027
28101
29001
28028
28102
29002
28029
28103
29003
28030
28104
29004
28031
28105
29005
28032
28106
29006
28033
28107
29007
28034
28108
29008
28035
28109
29009
28036
28110
29010
28037
28111
29011
28038
28112
29012
28039
28113
29013
28040
28114
29014
28041
28115
29015
28042
28116
29016
28043
28117
29017
28044
28118
29018
28045
28119
29019
28046
28120
29020
28047
28121
29021
28048
28122
29022
28049
28123
29023
28124
29024
28051
28125
29025
28052
28126
29026
28053
28127
29027
28054
28128
29028
28055
28129
29029
28056
28130
29030
28057
28131
29031
28058
28132
29032
28059
28133
29033
28060
28134
29034
28061
28135
29035
28062
28136
29036
28063
28137
29037
28064
28138
29038
28065
28139
29039
28066
28140
29040
28067
28141
29041
28068
28142
29042
28069
28143
29043
28070
28144
29044
28071
28145
29045
28072
28146
29046
28073
28147
29047
28074
28148
29048
28075
28149
29049
28076
28150
29050
28077
28151
29051
28078
28152
29052
28079
28153
29053
28080
28154
29054
28081
28155
29055
28082
28156
29056
28083
28157
29057
28084
28158
29058
28085
28159
29059
28086
28160
29060
28087
28161
29061
28088
28162
29062
28089
28163
29063
28090
28164
29064
28091
28165
29065
28092
28166
29066
28093
28167
29067
28094
28168
29068
28095
28169
29069
28096
28170
29070
28097
28171
29071
28098
28172
29072
28099
28173
29073
28100
28174
29074
28101
28175
29075
28102
28176
29076
28103
28177
29077
28104
28178
29078
28105
28179
29079
28106
28180
29080
28107
28181
29081
28108
28182
29082
28109
28183
29083
28110
28184
29084
28111
28185
29085
28112
28186
29086
28113
28187
29087
28114
28188
29088
28115
28189
29089
28116
28190
29090
28117
28191
29091
28118
28192
29092
28119
28193
29093
28120
28194
29094
28121
28195
29095
28122
28196
29096
28123
28197
29097
28124
28198
29098
28199
29099
28126
28200
29100
28127
28201
29101
28128
28202
29102
28129
28203
29103
28130
28204
29104
28131
28205
29105
28132
28206
29106
28133
28207
29107
28134
28208
29108
28135
28209
29109
28136
28210
29110
28137
28211
29111
28138
28212
29112
28139
28213
29113
28140
28214
29114
28141
28215
29115
28142
28216
29116
28143
28217
29117
28144
28218
29118
28145
28219
29119
28146
28220
29120
28147
28221
29121
28148
28222
29122
28149
28223
29123
28150
28224
29124
28151
28225
29125
28152
28226
29126
28153
28227
29127
28154
28228
29128
28155
28229
29129
28156
28230
29130
28157
28231
29131
28158
28232
29132
28159
28233
29133
28160
28234
29134
28161
28235
29135
28162
28236
29136
28163
28237
29137
28164
28238
29138
28165
28239
29139
28166
28240
29140
28167
28241
29141
28168
28242
29142
28169
28243
29143
28170
28244
29144
28171
28245
29145
28172
28246
29146
28173
28247
29147
28174
28248
29148
28175
28249
29149
28176
28250
29150
28177
28251
29151
28178
28252
29152
28179
28253
29153
28180
28254
29154
28181
28255
29155
28182
28256
29156
28183
28257
29157
28184
28258
29158
28185
28259
29159
28186
28260
29160
28187
28261
29161
28188
28262
29162
28189
28263
29163
28190
28264
29164
28191
28265
29165
28192
28266
29166
28193
28267
29167
28194
28268
29168
28195
28269
29169
28196
28270
29170
28197
28271
29171
28198
28272
29172
28199
28273
29173
28274
29174
28201
28275
29175
28202
28276
29176
28203
28277
29177
28204
28278
29178
28205
28279
29179
28206
28280
29180
28207
28281
29181
28208
28282
29182
28209
28283
29183
28210
28284
29184
28211
28285
29185
28212
28286
29186
28213
28287
29187
28214
28288
29188
28215
28289
29189
28216
28290
29190
28217
28291
29191
28218
28292
29192
28219
28293
29193
28220
28294
29194
28221
28295
29195
28222
28296
29196
28223
28297
29197
28224
28298
29198
28225
28299
29199
28226
28300
29200
28227
28301
29201
28228
28302
29202
28229
28303
29203
28230
28304
29204
28231
28305
29205
28232
28306
29206
28233
28307
29207
28234
28308
29208
28235
28309
29209
28236
28310
29210
28237
28311
29211
28238
28312
29212
28239
28313
29213
28240
28314
29214
28241
28315
29215
28242
28316
29216
28243
28317
29217
28244
28318
29218
28245
28319
29219
28246
28320
29220
28247
28321
29221
28248
28322
29222
28249
28323
29223
28250
28324
29224
28251
28325
29225
28252
28326
29226
28253
28327
29227
28254
28328
29228
28255
28329
29229
28256
28330
29230
28257
28331
29231
28258
28332
29232
28259
28333
29233
28260
28334
29234
28261
28335
29235
28262
28336
29236
28263
28337
29237
28264
28338
29238
28265
28339
29239
28266
28340
29240
28267
28341
29241
28268
28342
29242
28269
28343
29243
28270
28344
29244
28271
28345
29245
28272
28346
29246
28273
28347
29247
28274
28348
29248
28349
29249
28276
28350
29250
28277
28351
29251
28278
28352
29252
28279
28353
29253
28280
28354
29254
28281
28355
29255
28282
28356
29256
28283
28357
29257
28284
28358
29258
28285
28359
29259
28286
28360
29260
28287
28361
29261
28288
28362
29262
28289
28363
29263
28290
28364
29264
28291
28365
29265
28292
28366
29266
28293
28367
29267
28294
28368
29268
28295
28369
29269
28296
28370
29270
28297
28371
29271
28298
28372
29272
28299
28373
29273
28300
28374
29274
28301
28375
29275
28302
28376
29276
28303
28377
29277
28304
28378
29278
28305
28379
29279
28306
28380
29280
28307
28381
29281
28308
28382
29282
28309
28383
29283
28310
28384
29284
28311
28385
29285
28312
28386
29286
28313
28387
29287
28314
28388
29288
28315
28389
29289
28316
28390
29290
28317
28391
29291
28318
28392
29292
28319
28393
29293
28320
28394
29294
28321
28395
29295
28322
28396
29296
28323
28397
29297
28324
28398
29298
28325
28399
29299
28326
28400
29300
28327
28401
29301
28328
28402
29302
28329
28403
29303
28330
28404
29304
28331
28405
29305
28332
28406
29306
28333
28407
29307
28334
28408
29308
28335
28409
29309
28336
28410
29310
28337
28411
29311
28338
28412
29312
28339
28413
29313
28340
28414
29314
28341
28415
29315
28342
28416
29316
28343
28417
29317
28344
28418
29318
28345
28419
29319
28346
28420
29320
28347
28421
29321
28348
28422
29322
28349
28423
29323
28424
29324
28351
29325
28352
29326
28353
29327
28354
29328
28355
29329
28356
29330
28357
29331
28358
29332
28359
29333
28360
29334
28361
29335
28362
29336
28363
29337
28364
29338
28365
29339
28366
29340
28367
29341
28368
29342
28369
29343
28370
29344
28371
29345
28372
29346
28373
29347
28374
29348
28375
29349
28376
29350
28377
29351
28378
29352
28379
29353
28380
29354
28381
29355
28382
29356
28383
29357
28384
29358
28385
29359
28386
29360
28387
29361
28388
29362
28389
29363
28390
29364
28391
29365
28392
29366
28393
29367
28394
29368
28395
29369
28396
29370
28397
29371
28398
29372
28399
29373
28400
29374
28401
29375
28402
29376
28403
29377
28404
29378
28405
29379
28406
29380
28407
29381
28408
29382
28409
29383
28410
29384
28411
29385
28412
29386
28413
29387
28414
29388
28415
29389
28416
29390
28417
29391
28418
29392
28419
29393
28420
29394
28421
29395
28422
29396
28423
29397
28424
29398
29399
28426
28500
29400
28427
28501
29401
28428
28502
29402
28429
28503
29403
28430
28504
29404
28431
28505
29405
28432
28506
29406
28433
28507
29407
28434
28508
29408
28435
28509
29409
28436
28510
29410
28437
28511
29411
28438
28512
29412
28439
28513
29413
28440
28514
29414
28441
28515
29415
28442
28516
29416
28443
28517
29417
28444
28518
29418
28445
28519
29419
28446
28520
29420
28447
28521
29421
28448
28522
29422
28449
28523
29423
28450
28524
29424
28451
28525
29425
28452
28526
29426
28453
28527
29427
28454
28528
29428
28455
28529
29429
28456
28530
29430
28457
28531
29431
28458
28532
29432
28459
28533
29433
28460
28534
29434
28461
28535
29435
28462
28536
29436
28463
28537
29437
28464
28538
29438
28465
28539
29439
28466
28540
29440
28467
28541
29441
28468
28542
29442
28469
28543
29443
28470
28544
29444
28471
28545
29445
28472
28546
29446
28473
28547
29447
28474
28548
29448
28475
28549
29449
28476
28550
29450
28477
28551
29451
28478
28552
29452
28479
28553
29453
28480
28554
29454
28481
28555
29455
28482
28556
29456
28483
28557
29457
28484
28558
29458
28485
28559
29459
28486
28560
29460
28487
28561
29461
28488
28562
29462
28489
28563
29463
28490
28564
29464
28491
28565
29465
28492
28566
29466
28493
28567
29467
28494
28568
29468
28495
28569
29469
28496
28570
29470
28497
28571
29471
28498
28572
29472
28499
28573
29473
28574
29474
28501
28575
29475
28502
28576
29476
28503
28577
29477
28504
28578
29478
28505
28579
29479
28506
28580
29480
28507
28581
29481
28508
28582
29482
28509
28583
29483
28510
28584
29484
28511
28585
29485
28512
28586
29486
28513
28587
29487
28514
28588
29488
28515
28589
29489
28516
28590
29490
28517
28591
29491
28518
28592
29492
28519
28593
29493
28520
28594
29494
28521
28595
29495
28522
28596
29496
28523
28597
29497
28524
28598
29498
28525
28599
29499
28526
28600
29500
28527
28601
29501
28528
28602
29502
28529
28603
29503
28530
28604
29504
28531
28605
29505
28532
28606
29506
28533
28607
29507
28534
28608
29508
28535
28609
29509
28536
28610
29510
28537
28611
29511
28538
28612
29512
28539
28613
29513
28540
28614
29514
28541
28615
29515
28542
28616
29516
28543
28617
29517
28544
28618
29518
28545
28619
29519
28546
28620
29520
28547
28621
29521
28548
28622
29522
28549
28623
29523
28550
28624
29524
28551
28625
29525
28552
28626
29526
28553
28627
29527
28554
28628
29528
28555
28629
29529
28556
28630
29530
28557
28631
29531
28558
28632
29532
28559
28633
29533
28560
28634
29534
28561
28635
29535
28562
28636
29536
28563
28637
29537
28564
28638
29538
28565
28639
29539
28566
28640
29540
28567
28641
29541
28568
28642
29542
28569
28643
29543
28570
28644
29544
28571
28645
29545
28572
28646
29546
28573
28647
29547
28574
28648
29548
28649
29549
28576
28650
29550
28577
28651
29551
28578
28652
29552
28579
28653
29553
28580
28654
29554
28581
28655
29555
28582
28656
29556
28583
28657
29557
28584
28658
29558
28585
28659
29559
28586
28660
29560
28587
28661
29561
28588
28662
29562
28589
28663
29563
28590
28664
29564
28591
28665
29565
28592
28666
29566
28593
28667
29567
28594
28668
29568
28595
28669
29569
28596
28670
29570
28597
28671
29571
28598
28672
29572
28599
28673
29573
28600
28674
29574
28601
28675
29575
28602
28676
29576
28603
28677
29577
28604
28678
29578
28605
28679
29579
28606
28680
29580
28607
28681
29581
28608
28682
29582
28609
28683
29583
28610
28684
29584
28611
28685
29585
28612
28686
29586
28613
28687
29587
28614
28688
29588
28615
28689
29589
28616
28690
29590
28617
28691
29591
28618
28692
29592
28619
28693
29593
28620
28694
29594
28621
28695
29595
28622
28696
29596
28623
28697
29597
28624
28698
29598
28625
28699
29599
28626
28700
29600
28627
28701
29601
28628
28702
29602
28629
28703
29603
28630
28704
29604
28631
28705
29605
28632
28706
29606
28633
28707
29607
28634
28708
29608
28635
28709
29609
28636
28710
29610
28637
28711
29611
28638
28712
29612
28639
28713
29613
28640
28714
29614
28641
28715
29615
28642
28716
29616
28643
28717
29617
28644
28718
29618
28645
28719
29619
28646
28720
29620
28647
28721
29621
28648
28722
29622
28649
28723
29623
28724
29624
28651
28725
29625
28652
28726
29626
28653
28727
29627
28654
28728
29628
28655
28729
29629
28656
28730
29630
28657
28731
29631
28658
28732
29632
28659
28733
29633
28660
28734
29634
28661
28735
29635
28662
28736
29636
28663
28737
29637
28664
28738
29638
28665
28739
29639
28666
28740
29640
28667
28741
29641
28668
28742
29642
28669
28743
29643
28670
28744
29644
28671
28745
29645
28672
28746
29646
28673
28747
29647
28674
28748
29648
28675
28749
29649
28676
28750
29650
28677
28751
29651
28678
28752
29652
28679
28753
29653
28680
28754
29654
28681
28755
29655
28682
28756
29656
28683
28757
29657
28684
28758
29658
28685
28759
29659
28686
28760
29660
28687
28761
29661
28688
28762
29662
28689
28763
29663
28690
28764
29664
28691
28765
29665
28692
28766
29666
28693
28767
29667
28694
28768
29668
28695
28769
29669
28696
28770
29670
28697
28771
29671
28698
28772
29672
28699
28773
29673
28700
28774
29674
28701
28775
29675
28702
28776
29676
28703
28777
29677
28704
28778
29678
28705
28779
29679
28706
28780
29680
28707
28781
29681
28708
28782
29682
28709
28783
29683
28710
28784
29684
28711
28785
29685
28712
28786
29686
28713
28787
29687
28714
28788
29688
28715
28789
29689
28716
28790
29690
28717
28791
29691
28718
28792
29692
28719
28793
29693
28720
28794
29694
28721
28795
29695
28722
28796
29696
28723
28797
29697
28724
28798
29698
28799
29699
28726
28800
29700
28727
28801
29701
28728
28802
29702
28729
28803
29703
28730
28804
29704
28731
28805
29705
28732
28806
29706
28733
28807
29707
28734
28808
29708
28735
28809
29709
28736
28810
29710
28737
28811
29711
28738
28812
29712
28739
28813
29713
28740
28814
29714
28741
28815
29715
28742
28816
29716
28743
28817
29717
28744
28818
29718
28745
28819
29719
28746
28820
29720
28747
28821
29721
28748
28822
29722
28749
28823
29723
28750
28824
29724
28751
28825
29725
28752
28826
29726
28753
28827
29727
28754
28828
29728
28755
28829
29729
28756
28830
29730
28757
28831
29731
28758
28832
29732
28759
28833
29733
28760
28834
29734
28761
28835
29735
28762
28836
29736
28763
28837
29737
28764
28838
29738
28765
28839
29739
28766
28840
29740
28767
28841
29741
28768
28842
29742
28769
28843
29743
28770
28844
29744
28771
28845
29745
28772
28846
29746
28773
28847
29747
28774
28848
29748
28775
28849
29749
28776
28850
29750
28777
28851
29751
28778
28852
29752
28779
28853
29753
28780
28854
29754
28781
28855
29755
28782
28856
29756
28783
28857
29757
28784
28858
29758
28785
28859
29759
28786
28860
29760
28787
28861
29761
28788
28862
29762
28789
28863
29763
28790
28864
29764
28791
28865
29765
28792
28866
29766
28793
28867
29767
28794
28868
29768
28795
28869
29769
28796
28870
29770
28797
28871
29771
28798
28872
29772
28799
28873
29773
28874
29774
28801
28875
29775
28802
28876
29776
28803
28877
29777
28804
28878
29778
28805
28879
29779
28806
28880
29780
28807
28881
29781
28808
28882
29782
28809
28883
29783
28810
28884
29784
28811
28885
29785
28812
28886
29786
28813
28887
29787
28814
28888
29788
28815
28889
29789
28816
28890
29790
28817
28891
29791
28818
28892
29792
28819
28893
29793
28820
28894
29794
28821
28895
29795
28822
28896
29796
28823
28897
29797
28824
28898
29798
28825
28899
29799
28826
28900
29800
28827
28901
29801
28828
28902
29802
28829
28903
29803
28830
28904
29804
28831
28905
29805
28832
28906
29806
28833
28907
29807
28834
28908
29808
28835
28909
29809
28836
28910
29810
28837
28911
29811
28838
28912
29812
28839
28913
29813
28840
28914
29814
28841
28915
29815
28842
28916
29816
28843
28917
29817
28844
28918
29818
28845
28919
29819
28846
28920
29820
28847
28921
29821
28848
28922
29822
28849
28923
29823
28850
28924
29824
28851
28925
29825
28852
28926
29826
28853
28927
29827
28854
28928
29828
28855
28929
29829
28856
28930
29830
28857
28931
29831
28858
28932
29832
28859
28933
29833
28860
28934
29834
28861
28935
29835
28862
28936
29836
28863
28937
29837
28864
28938
29838
28865
28939
29839
28866
28940
29840
28867
28941
29841
28868
28942
29842
28869
28943
29843
28870
28944
29844
28871
28945
29845
28872
28946
29846
28873
28947
29847
28874
28948
29848
28949
29849
28876
28950
29850
28877
28951
29851
28878
28952
29852
28879
28953
29853
28880
28954
29854
28881
28955
29855
28882
28956
29856
28883
28957
29857
28884
28958
29858
28885
28959
29859
28886
28960
29860
28887
28961
29861
28888
28962
29862
28889
28963
29863
28890
28964
29864
28891
28965
29865
28892
28966
29866
28893
28967
29867
28894
28968
29868
28895
28969
29869
28896
28970
29870
28897
28971
29871
28898
28972
29872
28899
28973
29873
28900
28974
29874
28901
28975
29875
28902
28976
29876
28903
28977
29877
28904
28978
29878
28905
28979
29879
28906
28980
29880
28907
28981
29881
28908
28982
29882
28909
28983
29883
28910
28984
29884
28911
28985
29885
28912
28986
29886
28913
28987
29887
28914
28988
29888
28915
28989
29889
28916
28990
29890
28917
28991
29891
28918
28992
29892
28919
28993
29893
28920
28994
29894
28921
28995
29895
28922
28996
29896
28923
28997
29897
28924
28998
29898
28925
28999
29899
28926
29000
29900
28927
29001
29901
28928
29002
29902
28929
29003
29903
28930
29004
29904
28931
29005
29905
28932
29006
29906
28933
29007
29907
28934
29008
29908
28935
29009
29909
28936
29010
29910
28937
29011
29911
28938
29012
29912
28939
29013
29913
28940
29014
29914
28941
29015
29915
28942
29016
29916
28943
29017
29917
28944
29018
29918
28945
29019
29919
28946
29020
29920
28947
29021
29921
28948
29022
29922
28949
29023
29923
29024
29924
28951
29025
29925
28952
29026
29926
28953
29027
29927
28954
29028
29928
28955
29029
29929
28956
29030
29930
28957
29031
29931
28958
29032
29932
28959
29033
29933
28960
29034
29934
28961
29035
29935
28962
29036
29936
28963
29037
29937
28964
29038
29938
28965
29039
29939
28966
29040
29940
28967
29041
29941
28968
29042
29942
28969
29043
29943
28970
29044
29944
28971
29045
29945
28972
29046
29946
28973
29047
29947
28974
29048
29948
28975
29049
29949
28976
29050
29950
28977
29051
29951
28978
29052
29952
28979
29053
29953
28980
29054
29954
28981
29055
29955
28982
29056
29956
28983
29057
29957
28984
29058
29958
28985
29059
29959
28986
29060
29960
28987
29061
29961
28988
29062
29962
28989
29063
29963
28990
29064
29964
28991
29065
29965
28992
29066
29966
28993
29067
29967
28994
29068
29968
28995
29069
29969
28996
29070
29970
28997
29071
29971
28998
29072
29972
28999
29073
29973
29000
29074
29974
29001
29075
29975
29002
29076
29976
29003
29077
29977
29004
29078
29978
29005
29079
29979
29006
29080
29980
29007
29081
29981
29008
29082
29982
29009
29083
29983
29010
29084
29984
29011
29085
29985
29012
29086
29986
29013
29087
29987
29014
29088
29988
29015
29089
29989
29016
29090
29990
29017
29091
29991
29018
29092
29992
29019
29093
29993
29020
29094
29994
29021
29095
29995
29022
29096
29996
29023
29097
29997
29024
29098
29998
29099
29999
29026
29100
30000
29027
29101
30001
29028
29102
30002
29029
29103
30003
29030
29104
30004
29031
29105
30005
29032
29106
30006
29033
29107
30007
29034
29108
30008
29035
29109
30009
29036
29110
30010
29037
29111
30011
29038
29112
30012
29039
29113
30013
29040
29114
30014
29041
29115
30015
29042
29116
30016
29043
29117
30017
29044
29118
30018
29045
29119
30019
29046
29120
30020
29047
29121
30021
29048
29122
30022
29049
29123
30023
29050
29124
30024
29051
29125
30025
29052
29126
30026
29053
29127
30027
29054
29128
30028
29055
29129
30029
29056
29130
30030
29057
29131
30031
29058
29132
30032
29059
29133
30033
29060
29134
30034
29061
29135
30035
29062
29136
30036
29063
29137
30037
29064
29138
30038
29065
29139
30039
29066
29140
30040
29067
29141
30041
29068
29142
30042
29069
29143
30043
29070
29144
30044
29071
29145
30045
29072
29146
30046
29073
29147
30047
29074
29148
30048
29075
29149
30049
29076
29150
30050
29077
29151
30051
29078
29152
30052
29079
29153
30053
29080
29154
30054
29081
29155
30055
29082
29156
30056
29083
29157
30057
29084
29158
30058
29085
29159
30059
29086
29160
30060
29087
29161
30061
29088
29162
30062
29089
29163
30063
29090
29164
30064
29091
29165
30065
29092
29166
30066
29093
29167
30067
29094
29168
30068
29095
29169
30069
29096
29170
30070
29097
29171
30071
29098
29172
30072
29099
29173
30073
29174
30074
29101
29175
30075
29102
29176
30076
29103
29177
30077
29104
29178
30078
29105
29179
30079
29106
29180
30080
29107
29181
30081
29108
29182
30082
29109
29183
30083
29110
29184
30084
29111
29185
30085
29112
29186
30086
29113
29187
30087
29114
29188
30088
29115
29189
30089
29116
29190
30090
29117
29191
30091
29118
29192
30092
29119
29193
30093
29120
29194
30094
29121
29195
30095
29122
29196
30096
29123
29197
30097
29124
29198
30098
29125
29199
30099
29126
29200
30100
29127
29201
30101
29128
29202
30102
29129
29203
30103
29130
29204
30104
29131
29205
30105
29132
29206
30106
29133
29207
30107
29134
29208
30108
29135
29209
30109
29136
29210
30110
29137
29211
30111
29138
29212
30112
29139
29213
30113
29140
29214
30114
29141
29215
30115
29142
29216
30116
29143
29217
30117
29144
29218
30118
29145
29219
30119
29146
29220
30120
29147
29221
30121
29148
29222
30122
29149
29223
30123
29150
29224
30124
29151
29225
30125
29152
29226
30126
29153
29227
30127
29154
29228
30128
29155
29229
30129
29156
29230
30130
29157
29231
30131
29158
29232
30132
29159
29233
30133
29160
29234
30134
29161
29235
30135
29162
29236
30136
29163
29237
30137
29164
29238
30138
29165
29239
30139
29166
29240
30140
29167
29241
30141
29168
29242
30142
29169
29243
30143
29170
29244
30144
29171
29245
30145
29172
29246
30146
29173
29247
30147
29174
29248
30148
29249
30149
29176
29250
30150
29177
29251
30151
29178
29252
30152
29179
29253
30153
29180
29254
30154
29181
29255
30155
29182
29256
30156
29183
29257
30157
29184
29258
30158
29185
29259
30159
29186
29260
30160
29187
29261
30161
29188
29262
30162
29189
29263
30163
29190
29264
30164
29191
29265
30165
29192
29266
30166
29193
29267
30167
29194
29268
30168
29195
29269
30169
29196
29270
30170
29197
29271
30171
29198
29272
30172
29199
29273
30173
29200
29274
30174
29201
29275
30175
29202
29276
30176
29203
29277
30177
29204
29278
30178
29205
29279
30179
29206
29280
30180
29207
29281
30181
29208
29282
30182
29209
29283
30183
29210
29284
30184
29211
29285
30185
29212
29286
30186
29213
29287
30187
29214
29288
30188
29215
29289
30189
29216
29290
30190
29217
29291
30191
29218
29292
30192
29219
29293
30193
29220
29294
30194
29221
29295
30195
29222
29296
30196
29223
29297
30197
29224
29298
30198
29225
29299
30199
29226
29300
30200
29227
29301
30201
29228
29302
30202
29229
29303
30203
29230
29304
30204
29231
29305
30205
29232
29306
30206
29233
29307
30207
29234
29308
30208
29235
29309
30209
29236
29310
30210
29237
29311
30211
29238
29312
30212
29239
29313
30213
29240
29314
30214
29241
29315
30215
29242
29316
30216
29243
29317
30217
29244
29318
30218
29245
29319
30219
29246
29320
30220
29247
29321
30221
29248
29322
30222
29249
29323
30223
29324
30224
29251
29325
30225
29252
29326
30226
29253
29327
30227
29254
29328
30228
29255
29329
30229
29256
29330
30230
29257
29331
30231
29258
29332
30232
29259
29333
30233
29260
29334
30234
29261
29335
30235
29262
29336
30236
29263
29337
30237
29264
29338
30238
29265
29339
30239
29266
29340
30240
29267
29341
30241
29268
29342
30242
29269
29343
30243
29270
29344
30244
29271
29345
30245
29272
29346
30246
29273
29347
30247
29274
29348
30248
29275
29349
30249
29276
29350
30250
29277
29351
30251
29278
29352
30252
29279
29353
30253
29280
29354
30254
29281
29355
30255
29282
29356
30256
29283
29357
30257
29284
29358
30258
29285
29359
30259
29286
29360
30260
29287
29361
30261
29288
29362
30262
29289
29363
30263
29290
29364
30264
29291
29365
30265
29292
29366
30266
29293
29367
30267
29294
29368
30268
29295
29369
30269
29296
29370
30270
29297
29371
30271
29298
29372
30272
29299
29373
30273
29300
29374
30274
29301
29375
30275
29302
29376
30276
29303
29377
30277
29304
29378
30278
29305
29379
30279
29306
29380
30280
29307
29381
30281
29308
29382
30282
29309
29383
30283
29310
29384
30284
29311
29385
30285
29312
29386
30286
29313
29387
30287
29314
29388
30288
29315
29389
30289
29316
29390
30290
29317
29391
30291
29318
29392
30292
29319
29393
30293
29320
29394
30294
29321
29395
30295
29322
29396
30296
29323
29397
30297
29324
29398
30298
29399
30299
29326
30300
29327
30301
29328
30302
29329
30303
29330
30304
29331
30305
29332
30306
29333
30307
29334
30308
29335
30309
29336
30310
29337
30311
29338
30312
29339
30313
29340
30314
29341
30315
29342
30316
29343
30317
29344
30318
29345
30319
29346
30320
29347
30321
29348
30322
29349
30323
29350
30324
29351
30325
29352
30326
29353
30327
29354
30328
29355
30329
29356
30330
29357
30331
29358
30332
29359
30333
29360
30334
29361
30335
29362
30336
29363
30337
29364
30338
29365
30339
29366
30340
29367
30341
29368
30342
29369
30343
29370
30344
29371
30345
29372
30346
29373
30347
29374
30348
29375
30349
29376
30350
29377
30351
29378
30352
29379
30353
29380
30354
29381
30355
29382
30356
29383
30357
29384
30358
29385
30359
29386
30360
29387
30361
29388
30362
29389
30363
29390
30364
29391
30365
29392
30366
29393
30367
29394
30368
29395
30369
29396
30370
29397
30371
29398
30372
29399
30373
30374
29401
29475
30375
29402
29476
30376
29403
29477
30377
29404
29478
30378
29405
29479
30379
29406
29480
30380
29407
29481
30381
29408
29482
30382
29409
29483
30383
29410
29484
30384
29411
29485
30385
29412
29486
30386
29413
29487
30387
29414
29488
30388
29415
29489
30389
29416
29490
30390
29417
29491
30391
29418
29492
30392
29419
29493
30393
29420
29494
30394
29421
29495
30395
29422
29496
30396
29423
29497
30397
29424
29498
30398
29425
29499
30399
29426
29500
30400
29427
29501
30401
29428
29502
30402
29429
29503
30403
29430
29504
30404
29431
29505
30405
29432
29506
30406
29433
29507
30407
29434
29508
30408
29435
29509
30409
29436
29510
30410
29437
29511
30411
29438
29512
30412
29439
29513
30413
29440
29514
30414
29441
29515
30415
29442
29516
30416
29443
29517
30417
29444
29518
30418
29445
29519
30419
29446
29520
30420
29447
29521
30421
29448
29522
30422
29449
29523
30423
29450
29524
30424
29451
29525
30425
29452
29526
30426
29453
29527
30427
29454
29528
30428
29455
29529
30429
29456
29530
30430
29457
29531
30431
29458
29532
30432
29459
29533
30433
29460
29534
30434
29461
29535
30435
29462
29536
30436
29463
29537
30437
29464
29538
30438
29465
29539
30439
29466
29540
30440
29467
29541
30441
29468
29542
30442
29469
29543
30443
29470
29544
30444
29471
29545
30445
29472
29546
30446
29473
29547
30447
29474
29548
30448
29549
30449
29476
29550
30450
29477
29551
30451
29478
29552
30452
29479
29553
30453
29480
29554
30454
29481
29555
30455
29482
29556
30456
29483
29557
30457
29484
29558
30458
29485
29559
30459
29486
29560
30460
29487
29561
30461
29488
29562
30462
29489
29563
30463
29490
29564
30464
29491
29565
30465
29492
29566
30466
29493
29567
30467
29494
29568
30468
29495
29569
30469
29496
29570
30470
29497
29571
30471
29498
29572
30472
29499
29573
30473
29500
29574
30474
29501
29575
30475
29502
29576
30476
29503
29577
30477
29504
29578
30478
29505
29579
30479
29506
29580
30480
29507
29581
30481
29508
29582
30482
29509
29583
30483
29510
29584
30484
29511
29585
30485
29512
29586
30486
29513
29587
30487
29514
29588
30488
29515
29589
30489
29516
29590
30490
29517
29591
30491
29518
29592
30492
29519
29593
30493
29520
29594
30494
29521
29595
30495
29522
29596
30496
29523
29597
30497
29524
29598
30498
29525
29599
30499
29526
29600
30500
29527
29601
30501
29528
29602
30502
29529
29603
30503
29530
29604
30504
29531
29605
30505
29532
29606
30506
29533
29607
30507
29534
29608
30508
29535
29609
30509
29536
29610
30510
29537
29611
30511
29538
29612
30512
29539
29613
30513
29540
29614
30514
29541
29615
30515
29542
29616
30516
29543
29617
30517
29544
29618
30518
29545
29619
30519
29546
29620
30520
29547
29621
30521
29548
29622
30522
29549
29623
30523
29624
30524
29551
29625
30525
29552
29626
30526
29553
29627
30527
29554
29628
30528
29555
29629
30529
29556
29630
30530
29557
29631
30531
29558
29632
30532
29559
29633
30533
29560
29634
30534
29561
29635
30535
29562
29636
30536
29563
29637
30537
29564
29638
30538
29565
29639
30539
29566
29640
30540
29567
29641
30541
29568
29642
30542
29569
29643
30543
29570
29644
30544
29571
29645
30545
29572
29646
30546
29573
29647
30547
29574
29648
30548
29575
29649
30549
29576
29650
30550
29577
29651
30551
29578
29652
30552
29579
29653
30553
29580
29654
30554
29581
29655
30555
29582
29656
30556
29583
29657
30557
29584
29658
30558
29585
29659
30559
29586
29660
30560
29587
29661
30561
29588
29662
30562
29589
29663
30563
29590
29664
30564
29591
29665
30565
29592
29666
30566
29593
29667
30567
29594
29668
30568
29595
29669
30569
29596
29670
30570
29597
29671
30571
29598
29672
30572
29599
29673
30573
29600
29674
30574
29601
29675
30575
29602
29676
30576
29603
29677
30577
29604
29678
30578
29605
29679
30579
29606
29680
30580
29607
29681
30581
29608
29682
30582
29609
29683
30583
29610
29684
30584
29611
29685
30585
29612
29686
30586
29613
29687
30587
29614
29688
30588
29615
29689
30589
29616
29690
30590
29617
29691
30591
29618
29692
30592
29619
29693
30593
29620
29694
30594
29621
29695
30595
29622
29696
30596
29623
29697
30597
29624
29698
30598
29699
30599
29626
29700
30600
29627
29701
30601
29628
29702
30602
29629
29703
30603
29630
29704
30604
29631
29705
30605
29632
29706
30606
29633
29707
30607
29634
29708
30608
29635
29709
30609
29636
29710
30610
29637
29711
30611
29638
29712
30612
29639
29713
30613
29640
29714
30614
29641
29715
30615
29642
29716
30616
29643
29717
30617
29644
29718
30618
29645
29719
30619
29646
29720
30620
29647
29721
30621
29648
29722
30622
29649
29723
30623
29650
29724
30624
29651
29725
30625
29652
29726
30626
29653
29727
30627
29654
29728
30628
29655
29729
30629
29656
29730
30630
29657
29731
30631
29658
29732
30632
29659
29733
30633
29660
29734
30634
29661
29735
30635
29662
29736
30636
29663
29737
30637
29664
29738
30638
29665
29739
30639
29666
29740
30640
29667
29741
30641
29668
29742
30642
29669
29743
30643
29670
29744
30644
29671
29745
30645
29672
29746
30646
29673
29747
30647
29674
29748
30648
29675
29749
30649
29676
29750
30650
29677
29751
30651
29678
29752
30652
29679
29753
30653
29680
29754
30654
29681
29755
30655
29682
29756
30656
29683
29757
30657
29684
29758
30658
29685
29759
30659
29686
29760
30660
29687
29761
30661
29688
29762
30662
29689
29763
30663
29690
29764
30664
29691
29765
30665
29692
29766
30666
29693
29767
30667
29694
29768
30668
29695
29769
30669
29696
29770
30670
29697
29771
30671
29698
29772
30672
29699
29773
30673
29774
30674
29701
29775
30675
29702
29776
30676
29703
29777
30677
29704
29778
30678
29705
29779
30679
29706
29780
30680
29707
29781
30681
29708
29782
30682
29709
29783
30683
29710
29784
30684
29711
29785
30685
29712
29786
30686
29713
29787
30687
29714
29788
30688
29715
29789
30689
29716
29790
30690
29717
29791
30691
29718
29792
30692
29719
29793
30693
29720
29794
30694
29721
29795
30695
29722
29796
30696
29723
29797
30697
29724
29798
30698
29725
29799
30699
29726
29800
30700
29727
29801
30701
29728
29802
30702
29729
29803
30703
29730
29804
30704
29731
29805
30705
29732
29806
30706
29733
29807
30707
29734
29808
30708
29735
29809
30709
29736
29810
30710
29737
29811
30711
29738
29812
30712
29739
29813
30713
29740
29814
30714
29741
29815
30715
29742
29816
30716
29743
29817
30717
29744
29818
30718
29745
29819
30719
29746
29820
30720
29747
29821
30721
29748
29822
30722
29749
29823
30723
29750
29824
30724
29751
29825
30725
29752
29826
30726
29753
29827
30727
29754
29828
30728
29755
29829
30729
29756
29830
30730
29757
29831
30731
29758
29832
30732
29759
29833
30733
29760
29834
30734
29761
29835
30735
29762
29836
30736
29763
29837
30737
29764
29838
30738
29765
29839
30739
29766
29840
30740
29767
29841
30741
29768
29842
30742
29769
29843
30743
29770
29844
30744
29771
29845
30745
29772
29846
30746
29773
29847
30747
29774
29848
30748
29849
30749
29776
29850
30750
29777
29851
30751
29778
29852
30752
29779
29853
30753
29780
29854
30754
29781
29855
30755
29782
29856
30756
29783
29857
30757
29784
29858
30758
29785
29859
30759
29786
29860
30760
29787
29861
30761
29788
29862
30762
29789
29863
30763
29790
29864
30764
29791
29865
30765
29792
29866
30766
29793
29867
30767
29794
29868
30768
29795
29869
30769
29796
29870
30770
29797
29871
30771
29798
29872
30772
29799
29873
30773
29800
29874
30774
29801
29875
30775
29802
29876
30776
29803
29877
30777
29804
29878
30778
29805
29879
30779
29806
29880
30780
29807
29881
30781
29808
29882
30782
29809
29883
30783
29810
29884
30784
29811
29885
30785
29812
29886
30786
29813
29887
30787
29814
29888
30788
29815
29889
30789
29816
29890
30790
29817
29891
30791
29818
29892
30792
29819
29893
30793
29820
29894
30794
29821
29895
30795
29822
29896
30796
29823
29897
30797
29824
29898
30798
29825
29899
30799
29826
29900
30800
29827
29901
30801
29828
29902
30802
29829
29903
30803
29830
29904
30804
29831
29905
30805
29832
29906
30806
29833
29907
30807
29834
29908
30808
29835
29909
30809
29836
29910
30810
29837
29911
30811
29838
29912
30812
29839
29913
30813
29840
29914
30814
29841
29915
30815
29842
29916
30816
29843
29917
30817
29844
29918
30818
29845
29919
30819
29846
29920
30820
29847
29921
30821
29848
29922
30822
29849
29923
30823
29924
30824
29851
29925
30825
29852
29926
30826
29853
29927
30827
29854
29928
30828
29855
29929
30829
29856
29930
30830
29857
29931
30831
29858
29932
30832
29859
29933
30833
29860
29934
30834
29861
29935
30835
29862
29936
30836
29863
29937
30837
29864
29938
30838
29865
29939
30839
29866
29940
30840
29867
29941
30841
29868
29942
30842
29869
29943
30843
29870
29944
30844
29871
29945
30845
29872
29946
30846
29873
29947
30847
29874
29948
30848
29875
29949
30849
29876
29950
30850
29877
29951
30851
29878
29952
30852
29879
29953
30853
29880
29954
30854
29881
29955
30855
29882
29956
30856
29883
29957
30857
29884
29958
30858
29885
29959
30859
29886
29960
30860
29887
29961
30861
29888
29962
30862
29889
29963
30863
29890
29964
30864
29891
29965
30865
29892
29966
30866
29893
29967
30867
29894
29968
30868
29895
29969
30869
29896
29970
30870
29897
29971
30871
29898
29972
30872
29899
29973
30873
29900
29974
30874
29901
29975
30875
29902
29976
30876
29903
29977
30877
29904
29978
30878
29905
29979
30879
29906
29980
30880
29907
29981
30881
29908
29982
30882
29909
29983
30883
29910
29984
30884
29911
29985
30885
29912
29986
30886
29913
29987
30887
29914
29988
30888
29915
29989
30889
29916
29990
30890
29917
29991
30891
29918
29992
30892
29919
29993
30893
29920
29994
30894
29921
29995
30895
29922
29996
30896
29923
29997
30897
29924
29998
30898
29999
30899
29926
30000
30900
29927
30001
30901
29928
30002
30902
29929
30003
30903
29930
30004
30904
29931
30005
30905
29932
30006
30906
29933
30007
30907
29934
30008
30908
29935
30009
30909
29936
30010
30910
29937
30011
30911
29938
30012
30912
29939
30013
30913
29940
30014
30914
29941
30015
30915
29942
30016
30916
29943
30017
30917
29944
30018
30918
29945
30019
30919
29946
30020
30920
29947
30021
30921
29948
30022
30922
29949
30023
30923
29950
30024
30924
29951
30025
30925
29952
30026
30926
29953
30027
30927
29954
30028
30928
29955
30029
30929
29956
30030
30930
29957
30031
30931
29958
30032
30932
29959
30033
30933
29960
30034
30934
29961
30035
30935
29962
30036
30936
29963
30037
30937
29964
30038
30938
29965
30039
30939
29966
30040
30940
29967
30041
30941
29968
30042
30942
29969
30043
30943
29970
30044
30944
29971
30045
30945
29972
30046
30946
29973
30047
30947
29974
30048
30948
29975
30049
30949
29976
30050
30950
29977
30051
30951
29978
30052
30952
29979
30053
30953
29980
30054
30954
29981
30055
30955
29982
30056
30956
29983
30057
30957
29984
30058
30958
29985
30059
30959
29986
30060
30960
29987
30061
30961
29988
30062
30962
29989
30063
30963
29990
30064
30964
29991
30065
30965
29992
30066
30966
29993
30067
30967
29994
30068
30968
29995
30069
30969
29996
30070
30970
29997
30071
30971
29998
30072
30972
29999
30073
30973
30074
30974
30001
30075
30975
30002
30076
30976
30003
30077
30977
30004
30078
30978
30005
30079
30979
30006
30080
30980
30007
30081
30981
30008
30082
30982
30009
30083
30983
30010
30084
30984
30011
30085
30985
30012
30086
30986
30013
30087
30987
30014
30088
30988
30015
30089
30989
30016
30090
30990
30017
30091
30991
30018
30092
30992
30019
30093
30993
30020
30094
30994
30021
30095
30995
30022
30096
30996
30023
30097
30997
30024
30098
30998
30025
30099
30999
30026
30100
31000
30027
30101
31001
30028
30102
31002
30029
30103
31003
30030
30104
31004
30031
30105
31005
30032
30106
31006
30033
30107
31007
30034
30108
31008
30035
30109
31009
30036
30110
31010
30037
30111
31011
30038
30112
31012
30039
30113
31013
30040
30114
31014
30041
30115
31015
30042
30116
31016
30043
30117
31017
30044
30118
31018
30045
30119
31019
30046
30120
31020
30047
30121
31021
30048
30122
31022
30049
30123
31023
30050
30124
31024
30051
30125
31025
30052
30126
31026
30053
30127
31027
30054
30128
31028
30055
30129
31029
30056
30130
31030
30057
30131
31031
30058
30132
31032
30059
30133
31033
30060
30134
31034
30061
30135
31035
30062
30136
31036
30063
30137
31037
30064
30138
31038
30065
30139
31039
30066
30140
31040
30067
30141
31041
30068
30142
31042
30069
30143
31043
30070
30144
31044
30071
30145
31045
30072
30146
31046
30073
30147
31047
30074
30148
31048
30149
31049
30076
30150
31050
30077
30151
31051
30078
30152
31052
30079
30153
31053
30080
30154
31054
30081
30155
31055
30082
30156
31056
30083
30157
31057
30084
30158
31058
30085
30159
31059
30086
30160
31060
30087
30161
31061
30088
30162
31062
30089
30163
31063
30090
30164
31064
30091
30165
31065
30092
30166
31066
30093
30167
31067
30094
30168
31068
30095
30169
31069
30096
30170
31070
30097
30171
31071
30098
30172
31072
30099
30173
31073
30100
30174
31074
30101
30175
31075
30102
30176
31076
30103
30177
31077
30104
30178
31078
30105
30179
31079
30106
30180
31080
30107
30181
31081
30108
30182
31082
30109
30183
31083
30110
30184
31084
30111
30185
31085
30112
30186
31086
30113
30187
31087
30114
30188
31088
30115
30189
31089
30116
30190
31090
30117
30191
31091
30118
30192
31092
30119
30193
31093
30120
30194
31094
30121
30195
31095
30122
30196
31096
30123
30197
31097
30124
30198
31098
30125
30199
31099
30126
30200
31100
30127
30201
31101
30128
30202
31102
30129
30203
31103
30130
30204
31104
30131
30205
31105
30132
30206
31106
30133
30207
31107
30134
30208
31108
30135
30209
31109
30136
30210
31110
30137
30211
31111
30138
30212
31112
30139
30213
31113
30140
30214
31114
30141
30215
31115
30142
30216
31116
30143
30217
31117
30144
30218
31118
30145
30219
31119
30146
30220
31120
30147
30221
31121
30148
30222
31122
30149
30223
31123
30224
31124
30151
30225
31125
30152
30226
31126
30153
30227
31127
30154
30228
31128
30155
30229
31129
30156
30230
31130
30157
30231
31131
30158
30232
31132
30159
30233
31133
30160
30234
31134
30161
30235
31135
30162
30236
31136
30163
30237
31137
30164
30238
31138
30165
30239
31139
30166
30240
31140
30167
30241
31141
30168
30242
31142
30169
30243
31143
30170
30244
31144
30171
30245
31145
30172
30246
31146
30173
30247
31147
30174
30248
31148
30175
30249
31149
30176
30250
31150
30177
30251
31151
30178
30252
31152
30179
30253
31153
30180
30254
31154
30181
30255
31155
30182
30256
31156
30183
30257
31157
30184
30258
31158
30185
30259
31159
30186
30260
31160
30187
30261
31161
30188
30262
31162
30189
30263
31163
30190
30264
31164
30191
30265
31165
30192
30266
31166
30193
30267
31167
30194
30268
31168
30195
30269
31169
30196
30270
31170
30197
30271
31171
30198
30272
31172
30199
30273
31173
30200
30274
31174
30201
30275
31175
30202
30276
31176
30203
30277
31177
30204
30278
31178
30205
30279
31179
30206
30280
31180
30207
30281
31181
30208
30282
31182
30209
30283
31183
30210
30284
31184
30211
30285
31185
30212
30286
31186
30213
30287
31187
30214
30288
31188
30215
30289
31189
30216
30290
31190
30217
30291
31191
30218
30292
31192
30219
30293
31193
30220
30294
31194
30221
30295
31195
30222
30296
31196
30223
30297
31197
30224
30298
31198
30299
31199
30226
30300
31200
30227
30301
31201
30228
30302
31202
30229
30303
31203
30230
30304
31204
30231
30305
31205
30232
30306
31206
30233
30307
31207
30234
30308
31208
30235
30309
31209
30236
30310
31210
30237
30311
31211
30238
30312
31212
30239
30313
31213
30240
30314
31214
30241
30315
31215
30242
30316
31216
30243
30317
31217
30244
30318
31218
30245
30319
31219
30246
30320
31220
30247
30321
31221
30248
30322
31222
30249
30323
31223
30250
30324
31224
30251
30325
31225
30252
30326
31226
30253
30327
31227
30254
30328
31228
30255
30329
31229
30256
30330
31230
30257
30331
31231
30258
30332
31232
30259
30333
31233
30260
30334
31234
30261
30335
31235
30262
30336
31236
30263
30337
31237
30264
30338
31238
30265
30339
31239
30266
30340
31240
30267
30341
31241
30268
30342
31242
30269
30343
31243
30270
30344
31244
30271
30345
31245
30272
30346
31246
30273
30347
31247
30274
30348
31248
30275
30349
31249
30276
30350
31250
30277
30351
31251
30278
30352
31252
30279
30353
31253
30280
30354
31254
30281
30355
31255
30282
30356
31256
30283
30357
31257
30284
30358
31258
30285
30359
31259
30286
30360
31260
30287
30361
31261
30288
30362
31262
30289
30363
31263
30290
30364
31264
30291
30365
31265
30292
30366
31266
30293
30367
31267
30294
30368
31268
30295
30369
31269
30296
30370
31270
30297
30371
31271
30298
30372
31272
30299
30373
31273
30374
31274
30301
31275
30302
31276
30303
31277
30304
31278
30305
31279
30306
31280
30307
31281
30308
31282
30309
31283
30310
31284
30311
31285
30312
31286
30313
31287
30314
31288
30315
31289
30316
31290
30317
31291
30318
31292
30319
31293
30320
31294
30321
31295
30322
31296
30323
31297
30324
31298
30325
31299
30326
31300
30327
31301
30328
31302
30329
31303
30330
31304
30331
31305
30332
31306
30333
31307
30334
31308
30335
31309
30336
31310
30337
31311
30338
31312
30339
31313
30340
31314
30341
31315
30342
31316
30343
31317
30344
31318
30345
31319
30346
31320
30347
31321
30348
31322
30349
31323
30350
31324
30351
31325
30352
31326
30353
31327
30354
31328
30355
31329
30356
31330
30357
31331
30358
31332
30359
31333
30360
31334
30361
31335
30362
31336
30363
31337
30364
31338
30365
31339
30366
31340
30367
31341
30368
31342
30369
31343
30370
31344
30371
31345
30372
31346
30373
31347
30374
31348
31349
30376
30450
31350
30377
30451
31351
30378
30452
31352
30379
30453
31353
30380
30454
31354
30381
30455
31355
30382
30456
31356
30383
30457
31357
30384
30458
31358
30385
30459
31359
30386
30460
31360
30387
30461
31361
30388
30462
31362
30389
30463
31363
30390
30464
31364
30391
30465
31365
30392
30466
31366
30393
30467
31367
30394
30468
31368
30395
30469
31369
30396
30470
31370
30397
30471
31371
30398
30472
31372
30399
30473
31373
30400
30474
31374
30401
30475
31375
30402
30476
31376
30403
30477
31377
30404
30478
31378
30405
30479
31379
30406
30480
31380
30407
30481
31381
30408
30482
31382
30409
30483
31383
30410
30484
31384
30411
30485
31385
30412
30486
31386
30413
30487
31387
30414
30488
31388
30415
30489
31389
30416
30490
31390
30417
30491
31391
30418
30492
31392
30419
30493
31393
30420
30494
31394
30421
30495
31395
30422
30496
31396
30423
30497
31397
30424
30498
31398
30425
30499
31399
30426
30500
31400
30427
30501
31401
30428
30502
31402
30429
30503
31403
30430
30504
31404
30431
30505
31405
30432
30506
31406
30433
30507
31407
30434
30508
31408
30435
30509
31409
30436
30510
31410
30437
30511
31411
30438
30512
31412
30439
30513
31413
30440
30514
31414
30441
30515
31415
30442
30516
31416
30443
30517
31417
30444
30518
31418
30445
30519
31419
30446
30520
31420
30447
30521
31421
30448
30522
31422
30449
30523
31423
30524
31424
30451
30525
31425
30452
30526
31426
30453
30527
31427
30454
30528
31428
30455
30529
31429
30456
30530
31430
30457
30531
31431
30458
30532
31432
30459
30533
31433
30460
30534
31434
30461
30535
31435
30462
30536
31436
30463
30537
31437
30464
30538
31438
30465
30539
31439
30466
30540
31440
30467
30541
31441
30468
30542
31442
30469
30543
31443
30470
30544
31444
30471
30545
31445
30472
30546
31446
30473
30547
31447
30474
30548
31448
30475
30549
31449
30476
30550
31450
30477
30551
31451
30478
30552
31452
30479
30553
31453
30480
30554
31454
30481
30555
31455
30482
30556
31456
30483
30557
31457
30484
30558
31458
30485
30559
31459
30486
30560
31460
30487
30561
31461
30488
30562
31462
30489
30563
31463
30490
30564
31464
30491
30565
31465
30492
30566
31466
30493
30567
31467
30494
30568
31468
30495
30569
31469
30496
30570
31470
30497
30571
31471
30498
30572
31472
30499
30573
31473
30500
30574
31474
30501
30575
31475
30502
30576
31476
30503
30577
31477
30504
30578
31478
30505
30579
31479
30506
30580
31480
30507
30581
31481
30508
30582
31482
30509
30583
31483
30510
30584
31484
30511
30585
31485
30512
30586
31486
30513
30587
31487
30514
30588
31488
30515
30589
31489
30516
30590
31490
30517
30591
31491
30518
30592
31492
30519
30593
31493
30520
30594
31494
30521
30595
31495
30522
30596
31496
30523
30597
31497
30524
30598
31498
30599
31499
30526
30600
31500
30527
30601
31501
30528
30602
31502
30529
30603
31503
30530
30604
31504
30531
30605
31505
30532
30606
31506
30533
30607
31507
30534
30608
31508
30535
30609
31509
30536
30610
31510
30537
30611
31511
30538
30612
31512
30539
30613
31513
30540
30614
31514
30541
30615
31515
30542
30616
31516
30543
30617
31517
30544
30618
31518
30545
30619
31519
30546
30620
31520
30547
30621
31521
30548
30622
31522
30549
30623
31523
30550
30624
31524
30551
30625
31525
30552
30626
31526
30553
30627
31527
30554
30628
31528
30555
30629
31529
30556
30630
31530
30557
30631
31531
30558
30632
31532
30559
30633
31533
30560
30634
31534
30561
30635
31535
30562
30636
31536
30563
30637
31537
30564
30638
31538
30565
30639
31539
30566
30640
31540
30567
30641
31541
30568
30642
31542
30569
30643
31543
30570
30644
31544
30571
30645
31545
30572
30646
31546
30573
30647
31547
30574
30648
31548
30575
30649
31549
30576
30650
31550
30577
30651
31551
30578
30652
31552
30579
30653
31553
30580
30654
31554
30581
30655
31555
30582
30656
31556
30583
30657
31557
30584
30658
31558
30585
30659
31559
30586
30660
31560
30587
30661
31561
30588
30662
31562
30589
30663
31563
30590
30664
31564
30591
30665
31565
30592
30666
31566
30593
30667
31567
30594
30668
31568
30595
30669
31569
30596
30670
31570
30597
30671
31571
30598
30672
31572
30599
30673
31573
30674
31574
30601
30675
31575
30602
30676
31576
30603
30677
31577
30604
30678
31578
30605
30679
31579
30606
30680
31580
30607
30681
31581
30608
30682
31582
30609
30683
31583
30610
30684
31584
30611
30685
31585
30612
30686
31586
30613
30687
31587
30614
30688
31588
30615
30689
31589
30616
30690
31590
30617
30691
31591
30618
30692
31592
30619
30693
31593
30620
30694
31594
30621
30695
31595
30622
30696
31596
30623
30697
31597
30624
30698
31598
30625
30699
31599
30626
30700
31600
30627
30701
31601
30628
30702
31602
30629
30703
31603
30630
30704
31604
30631
30705
31605
30632
30706
31606
30633
30707
31607
30634
30708
31608
30635
30709
31609
30636
30710
31610
30637
30711
31611
30638
30712
31612
30639
30713
31613
30640
30714
31614
30641
30715
31615
30642
30716
31616
30643
30717
31617
30644
30718
31618
30645
30719
31619
30646
30720
31620
30647
30721
31621
30648
30722
31622
30649
30723
31623
30650
30724
31624
30651
30725
31625
30652
30726
31626
30653
30727
31627
30654
30728
31628
30655
30729
31629
30656
30730
31630
30657
30731
31631
30658
30732
31632
30659
30733
31633
30660
30734
31634
30661
30735
31635
30662
30736
31636
30663
30737
31637
30664
30738
31638
30665
30739
31639
30666
30740
31640
30667
30741
31641
30668
30742
31642
30669
30743
31643
30670
30744
31644
30671
30745
31645
30672
30746
31646
30673
30747
31647
30674
30748
31648
30749
31649
30676
30750
31650
30677
30751
31651
30678
30752
31652
30679
30753
31653
30680
30754
31654
30681
30755
31655
30682
30756
31656
30683
30757
31657
30684
30758
31658
30685
30759
31659
30686
30760
31660
30687
30761
31661
30688
30762
31662
30689
30763
31663
30690
30764
31664
30691
30765
31665
30692
30766
31666
30693
30767
31667
30694
30768
31668
30695
30769
31669
30696
30770
31670
30697
30771
31671
30698
30772
31672
30699
30773
31673
30700
30774
31674
30701
30775
31675
30702
30776
31676
30703
30777
31677
30704
30778
31678
30705
30779
31679
30706
30780
31680
30707
30781
31681
30708
30782
31682
30709
30783
31683
30710
30784
31684
30711
30785
31685
30712
30786
31686
30713
30787
31687
30714
30788
31688
30715
30789
31689
30716
30790
31690
30717
30791
31691
30718
30792
31692
30719
30793
31693
30720
30794
31694
30721
30795
31695
30722
30796
31696
30723
30797
31697
30724
30798
31698
30725
30799
31699
30726
30800
31700
30727
30801
31701
30728
30802
31702
30729
30803
31703
30730
30804
31704
30731
30805
31705
30732
30806
31706
30733
30807
31707
30734
30808
31708
30735
30809
31709
30736
30810
31710
30737
30811
31711
30738
30812
31712
30739
30813
31713
30740
30814
31714
30741
30815
31715
30742
30816
31716
30743
30817
31717
30744
30818
31718
30745
30819
31719
30746
30820
31720
30747
30821
31721
30748
30822
31722
30749
30823
31723
30824
31724
30751
30825
31725
30752
30826
31726
30753
30827
31727
30754
30828
31728
30755
30829
31729
30756
30830
31730
30757
30831
31731
30758
30832
31732
30759
30833
31733
30760
30834
31734
30761
30835
31735
30762
30836
31736
30763
30837
31737
30764
30838
31738
30765
30839
31739
30766
30840
31740
30767
30841
31741
30768
30842
31742
30769
30843
31743
30770
30844
31744
30771
30845
31745
30772
30846
31746
30773
30847
31747
30774
30848
31748
30775
30849
31749
30776
30850
31750
30777
30851
31751
30778
30852
31752
30779
30853
31753
30780
30854
31754
30781
30855
31755
30782
30856
31756
30783
30857
31757
30784
30858
31758
30785
30859
31759
30786
30860
31760
30787
30861
31761
30788
30862
31762
30789
30863
31763
30790
30864
31764
30791
30865
31765
30792
30866
31766
30793
30867
31767
30794
30868
31768
30795
30869
31769
30796
30870
31770
30797
30871
31771
30798
30872
31772
30799
30873
31773
30800
30874
31774
30801
30875
31775
30802
30876
31776
30803
30877
31777
30804
30878
31778
30805
30879
31779
30806
30880
31780
30807
30881
31781
30808
30882
31782
30809
30883
31783
30810
30884
31784
30811
30885
31785
30812
30886
31786
30813
30887
31787
30814
30888
31788
30815
30889
31789
30816
30890
31790
30817
30891
31791
30818
30892
31792
30819
30893
31793
30820
30894
31794
30821
30895
31795
30822
30896
31796
30823
30897
31797
30824
30898
31798
30899
31799
30826
30900
31800
30827
30901
31801
30828
30902
31802
30829
30903
31803
30830
30904
31804
30831
30905
31805
30832
30906
31806
30833
30907
31807
30834
30908
31808
30835
30909
31809
30836
30910
31810
30837
30911
31811
30838
30912
31812
30839
30913
31813
30840
30914
31814
30841
30915
31815
30842
30916
31816
30843
30917
31817
30844
30918
31818
30845
30919
31819
30846
30920
31820
30847
30921
31821
30848
30922
31822
30849
30923
31823
30850
30924
31824
30851
30925
31825
30852
30926
31826
30853
30927
31827
30854
30928
31828
30855
30929
31829
30856
30930
31830
30857
30931
31831
30858
30932
31832
30859
30933
31833
30860
30934
31834
30861
30935
31835
30862
30936
31836
30863
30937
31837
30864
30938
31838
30865
30939
31839
30866
30940
31840
30867
30941
31841
30868
30942
31842
30869
30943
31843
30870
30944
31844
30871
30945
31845
30872
30946
31846
30873
30947
31847
30874
30948
31848
30875
30949
31849
30876
30950
31850
30877
30951
31851
30878
30952
31852
30879
30953
31853
30880
30954
31854
30881
30955
31855
30882
30956
31856
30883
30957
31857
30884
30958
31858
30885
30959
31859
30886
30960
31860
30887
30961
31861
30888
30962
31862
30889
30963
31863
30890
30964
31864
30891
30965
31865
30892
30966
31866
30893
30967
31867
30894
30968
31868
30895
30969
31869
30896
30970
31870
30897
30971
31871
30898
30972
31872
30899
30973
31873
30974
31874
30901
30975
31875
30902
30976
31876
30903
30977
31877
30904
30978
31878
30905
30979
31879
30906
30980
31880
30907
30981
31881
30908
30982
31882
30909
30983
31883
30910
30984
31884
30911
30985
31885
30912
30986
31886
30913
30987
31887
30914
30988
31888
30915
30989
31889
30916
30990
31890
30917
30991
31891
30918
30992
31892
30919
30993
31893
30920
30994
31894
30921
30995
31895
30922
30996
31896
30923
30997
31897
30924
30998
31898
30925
30999
31899
30926
31000
31900
30927
31001
31901
30928
31002
31902
30929
31003
31903
30930
31004
31904
30931
31005
31905
30932
31006
31906
30933
31007
31907
30934
31008
31908
30935
31009
31909
30936
31010
31910
30937
31011
31911
30938
31012
31912
30939
31013
31913
30940
31014
31914
30941
31015
31915
30942
31016
31916
30943
31017
31917
30944
31018
31918
30945
31019
31919
30946
31020
31920
30947
31021
31921
30948
31022
31922
30949
31023
31923
30950
31024
31924
30951
31025
31925
30952
31026
31926
30953
31027
31927
30954
31028
31928
30955
31029
31929
30956
31030
31930
30957
31031
31931
30958
31032
31932
30959
31033
31933
30960
31034
31934
30961
31035
31935
30962
31036
31936
30963
31037
31937
30964
31038
31938
30965
31039
31939
30966
31040
31940
30967
31041
31941
30968
31042
31942
30969
31043
31943
30970
31044
31944
30971
31045
31945
30972
31046
31946
30973
31047
31947
30974
31048
31948
31049
31949
30976
31050
31950
30977
31051
31951
30978
31052
31952
30979
31053
31953
30980
31054
31954
30981
31055
31955
30982
31056
31956
30983
31057
31957
30984
31058
31958
30985
31059
31959
30986
31060
31960
30987
31061
31961
30988
31062
31962
30989
31063
31963
30990
31064
31964
30991
31065
31965
30992
31066
31966
30993
31067
31967
30994
31068
31968
30995
31069
31969
30996
31070
31970
30997
31071
31971
30998
31072
31972
30999
31073
31973
31000
31074
31974
31001
31075
31975
31002
31076
31976
31003
31077
31977
31004
31078
31978
31005
31079
31979
31006
31080
31980
31007
31081
31981
31008
31082
31982
31009
31083
31983
31010
31084
31984
31011
31085
31985
31012
31086
31986
31013
31087
31987
31014
31088
31988
31015
31089
31989
31016
31090
31990
31017
31091
31991
31018
31092
31992
31019
31093
31993
31020
31094
31994
31021
31095
31995
31022
31096
31996
31023
31097
31997
31024
31098
31998
31025
31099
31999
31026
31100
32000
31027
31101
32001
31028
31102
32002
31029
31103
32003
31030
31104
32004
31031
31105
32005
31032
31106
32006
31033
31107
32007
31034
31108
32008
31035
31109
32009
31036
31110
32010
31037
31111
32011
31038
31112
32012
31039
31113
32013
31040
31114
32014
31041
31115
32015
31042
31116
32016
31043
31117
32017
31044
31118
32018
31045
31119
32019
31046
31120
32020
31047
31121
32021
31048
31122
32022
31049
31123
32023
31124
32024
31051
31125
32025
31052
31126
32026
31053
31127
32027
31054
31128
32028
31055
31129
32029
31056
31130
32030
31057
31131
32031
31058
31132
32032
31059
31133
32033
31060
31134
32034
31061
31135
32035
31062
31136
32036
31063
31137
32037
31064
31138
32038
31065
31139
32039
31066
31140
32040
31067
31141
32041
31068
31142
32042
31069
31143
32043
31070
31144
32044
31071
31145
32045
31072
31146
32046
31073
31147
32047
31074
31148
32048
31075
31149
32049
31076
31150
32050
31077
31151
32051
31078
31152
32052
31079
31153
32053
31080
31154
32054
31081
31155
32055
31082
31156
32056
31083
31157
32057
31084
31158
32058
31085
31159
32059
31086
31160
32060
31087
31161
32061
31088
31162
32062
31089
31163
32063
31090
31164
32064
31091
31165
32065
31092
31166
32066
31093
31167
32067
31094
31168
32068
31095
31169
32069
31096
31170
32070
31097
31171
32071
31098
31172
32072
31099
31173
32073
31100
31174
32074
31101
31175
32075
31102
31176
32076
31103
31177
32077
31104
31178
32078
31105
31179
32079
31106
31180
32080
31107
31181
32081
31108
31182
32082
31109
31183
32083
31110
31184
32084
31111
31185
32085
31112
31186
32086
31113
31187
32087
31114
31188
32088
31115
31189
32089
31116
31190
32090
31117
31191
32091
31118
31192
32092
31119
31193
32093
31120
31194
32094
31121
31195
32095
31122
31196
32096
31123
31197
32097
31124
31198
32098
31199
32099
31126
31200
32100
31127
31201
32101
31128
31202
32102
31129
31203
32103
31130
31204
32104
31131
31205
32105
31132
31206
32106
31133
31207
32107
31134
31208
32108
31135
31209
32109
31136
31210
32110
31137
31211
32111
31138
31212
32112
31139
31213
32113
31140
31214
32114
31141
31215
32115
31142
31216
32116
31143
31217
32117
31144
31218
32118
31145
31219
32119
31146
31220
32120
31147
31221
32121
31148
31222
32122
31149
31223
32123
31150
31224
32124
31151
31225
32125
31152
31226
32126
31153
31227
32127
31154
31228
32128
31155
31229
32129
31156
31230
32130
31157
31231
32131
31158
31232
32132
31159
31233
32133
31160
31234
32134
31161
31235
32135
31162
31236
32136
31163
31237
32137
31164
31238
32138
31165
31239
32139
31166
31240
32140
31167
31241
32141
31168
31242
32142
31169
31243
32143
31170
31244
32144
31171
31245
32145
31172
31246
32146
31173
31247
32147
31174
31248
32148
31175
31249
32149
31176
31250
32150
31177
31251
32151
31178
31252
32152
31179
31253
32153
31180
31254
32154
31181
31255
32155
31182
31256
32156
31183
31257
32157
31184
31258
32158
31185
31259
32159
31186
31260
32160
31187
31261
32161
31188
31262
32162
31189
31263
32163
31190
31264
32164
31191
31265
32165
31192
31266
32166
31193
31267
32167
31194
31268
32168
31195
31269
32169
31196
31270
32170
31197
31271
32171
31198
31272
32172
31199
31273
32173
31274
32174
31201
31275
32175
31202
31276
32176
31203
31277
32177
31204
31278
32178
31205
31279
32179
31206
31280
32180
31207
31281
32181
31208
31282
32182
31209
31283
32183
31210
31284
32184
31211
31285
32185
31212
31286
32186
31213
31287
32187
31214
31288
32188
31215
31289
32189
31216
31290
32190
31217
31291
32191
31218
31292
32192
31219
31293
32193
31220
31294
32194
31221
31295
32195
31222
31296
32196
31223
31297
32197
31224
31298
32198
31225
31299
32199
31226
31300
32200
31227
31301
32201
31228
31302
32202
31229
31303
32203
31230
31304
32204
31231
31305
32205
31232
31306
32206
31233
31307
32207
31234
31308
32208
31235
31309
32209
31236
31310
32210
31237
31311
32211
31238
31312
32212
31239
31313
32213
31240
31314
32214
31241
31315
32215
31242
31316
32216
31243
31317
32217
31244
31318
32218
31245
31319
32219
31246
31320
32220
31247
31321
32221
31248
31322
32222
31249
31323
32223
31250
31324
32224
31251
31325
32225
31252
31326
32226
31253
31327
32227
31254
31328
32228
31255
31329
32229
31256
31330
32230
31257
31331
32231
31258
31332
32232
31259
31333
32233
31260
31334
32234
31261
31335
32235
31262
31336
32236
31263
31337
32237
31264
31338
32238
31265
31339
32239
31266
31340
32240
31267
31341
32241
31268
31342
32242
31269
31343
32243
31270
31344
32244
31271
31345
32245
31272
31346
32246
31273
31347
32247
31274
31348
32248
31349
32249
31276
32250
31277
32251
31278
32252
31279
32253
31280
32254
31281
32255
31282
32256
31283
32257
31284
32258
31285
32259
31286
32260
31287
32261
31288
32262
31289
32263
31290
32264
31291
32265
31292
32266
31293
32267
31294
32268
31295
32269
31296
32270
31297
32271
31298
32272
31299
32273
31300
32274
31301
32275
31302
32276
31303
32277
31304
32278
31305
32279
31306
32280
31307
32281
31308
32282
31309
32283
31310
32284
31311
32285
31312
32286
31313
32287
31314
32288
31315
32289
31316
32290
31317
32291
31318
32292
31319
32293
31320
32294
31321
32295
31322
32296
31323
32297
31324
32298
31325
32299
31326
32300
31327
32301
31328
32302
31329
32303
31330
32304
31331
32305
31332
32306
31333
32307
31334
32308
31335
32309
31336
32310
31337
32311
31338
32312
31339
32313
31340
32314
31341
32315
31342
32316
31343
32317
31344
32318
31345
32319
31346
32320
31347
32321
31348
32322
31349
32323
32324
31351
31425
32325
31352
31426
32326
31353
31427
32327
31354
31428
32328
31355
31429
32329
31356
31430
32330
31357
31431
32331
31358
31432
32332
31359
31433
32333
31360
31434
32334
31361
31435
32335
31362
31436
32336
31363
31437
32337
31364
31438
32338
31365
31439
32339
31366
31440
32340
31367
31441
32341
31368
31442
32342
31369
31443
32343
31370
31444
32344
31371
31445
32345
31372
31446
32346
31373
31447
32347
31374
31448
32348
31375
31449
32349
31376
31450
32350
31377
31451
32351
31378
31452
32352
31379
31453
32353
31380
31454
32354
31381
31455
32355
31382
31456
32356
31383
31457
32357
31384
31458
32358
31385
31459
32359
31386
31460
32360
31387
31461
32361
31388
31462
32362
31389
31463
32363
31390
31464
32364
31391
31465
32365
31392
31466
32366
31393
31467
32367
31394
31468
32368
31395
31469
32369
31396
31470
32370
31397
31471
32371
31398
31472
32372
31399
31473
32373
31400
31474
32374
31401
31475
32375
31402
31476
32376
31403
31477
32377
31404
31478
32378
31405
31479
32379
31406
31480
32380
31407
31481
32381
31408
31482
32382
31409
31483
32383
31410
31484
32384
31411
31485
32385
31412
31486
32386
31413
31487
32387
31414
31488
32388
31415
31489
32389
31416
31490
32390
31417
31491
32391
31418
31492
32392
31419
31493
32393
31420
31494
32394
31421
31495
32395
31422
31496
32396
31423
31497
32397
31424
31498
32398
31499
32399
31426
31500
32400
31427
31501
32401
31428
31502
32402
31429
31503
32403
31430
31504
32404
31431
31505
32405
31432
31506
32406
31433
31507
32407
31434
31508
32408
31435
31509
32409
31436
31510
32410
31437
31511
32411
31438
31512
32412
31439
31513
32413
31440
31514
32414
31441
31515
32415
31442
31516
32416
31443
31517
32417
31444
31518
32418
31445
31519
32419
31446
31520
32420
31447
31521
32421
31448
31522
32422
31449
31523
32423
31450
31524
32424
31451
31525
32425
31452
31526
32426
31453
31527
32427
31454
31528
32428
31455
31529
32429
31456
31530
32430
31457
31531
32431
31458
31532
32432
31459
31533
32433
31460
31534
32434
31461
31535
32435
31462
31536
32436
31463
31537
32437
31464
31538
32438
31465
31539
32439
31466
31540
32440
31467
31541
32441
31468
31542
32442
31469
31543
32443
31470
31544
32444
31471
31545
32445
31472
31546
32446
31473
31547
32447
31474
31548
32448
31475
31549
32449
31476
31550
32450
31477
31551
32451
31478
31552
32452
31479
31553
32453
31480
31554
32454
31481
31555
32455
31482
31556
32456
31483
31557
32457
31484
31558
32458
31485
31559
32459
31486
31560
32460
31487
31561
32461
31488
31562
32462
31489
31563
32463
31490
31564
32464
31491
31565
32465
31492
31566
32466
31493
31567
32467
31494
31568
32468
31495
31569
32469
31496
31570
32470
31497
31571
32471
31498
31572
32472
31499
31573
32473
31574
32474
31501
31575
32475
31502
31576
32476
31503
31577
32477
31504
31578
32478
31505
31579
32479
31506
31580
32480
31507
31581
32481
31508
31582
32482
31509
31583
32483
31510
31584
32484
31511
31585
32485
31512
31586
32486
31513
31587
32487
31514
31588
32488
31515
31589
32489
31516
31590
32490
31517
31591
32491
31518
31592
32492
31519
31593
32493
31520
31594
32494
31521
31595
32495
31522
31596
32496
31523
31597
32497
31524
31598
32498
31525
31599
32499
31526
31600
32500
31527
31601
32501
31528
31602
32502
31529
31603
32503
31530
31604
32504
31531
31605
32505
31532
31606
32506
31533
31607
32507
31534
31608
32508
31535
31609
32509
31536
31610
32510
31537
31611
32511
31538
31612
32512
31539
31613
32513
31540
31614
32514
31541
31615
32515
31542
31616
32516
31543
31617
32517
31544
31618
32518
31545
31619
32519
31546
31620
32520
31547
31621
32521
31548
31622
32522
31549
31623
32523
31550
31624
32524
31551
31625
32525
31552
31626
32526
31553
31627
32527
31554
31628
32528
31555
31629
32529
31556
31630
32530
31557
31631
32531
31558
31632
32532
31559
31633
32533
31560
31634
32534
31561
31635
32535
31562
31636
32536
31563
31637
32537
31564
31638
32538
31565
31639
32539
31566
31640
32540
31567
31641
32541
31568
31642
32542
31569
31643
32543
31570
31644
32544
31571
31645
32545
31572
31646
32546
31573
31647
32547
31574
31648
32548
31649
32549
31576
31650
32550
31577
31651
32551
31578
31652
32552
31579
31653
32553
31580
31654
32554
31581
31655
32555
31582
31656
32556
31583
31657
32557
31584
31658
32558
31585
31659
32559
31586
31660
32560
31587
31661
32561
31588
31662
32562
31589
31663
32563
31590
31664
32564
31591
31665
32565
31592
31666
32566
31593
31667
32567
31594
31668
32568
31595
31669
32569
31596
31670
32570
31597
31671
32571
31598
31672
32572
31599
31673
32573
31600
31674
32574
31601
31675
32575
31602
31676
32576
31603
31677
32577
31604
31678
32578
31605
31679
32579
31606
31680
32580
31607
31681
32581
31608
31682
32582
31609
31683
32583
31610
31684
32584
31611
31685
32585
31612
31686
32586
31613
31687
32587
31614
31688
32588
31615
31689
32589
31616
31690
32590
31617
31691
32591
31618
31692
32592
31619
31693
32593
31620
31694
32594
31621
31695
32595
31622
31696
32596
31623
31697
32597
31624
31698
32598
31625
31699
32599
31626
31700
32600
31627
31701
32601
31628
31702
32602
31629
31703
32603
31630
31704
32604
31631
31705
32605
31632
31706
32606
31633
31707
32607
31634
31708
32608
31635
31709
32609
31636
31710
32610
31637
31711
32611
31638
31712
32612
31639
31713
32613
31640
31714
32614
31641
31715
32615
31642
31716
32616
31643
31717
32617
31644
31718
32618
31645
31719
32619
31646
31720
32620
31647
31721
32621
31648
31722
32622
31649
31723
32623
31724
32624
31651
31725
32625
31652
31726
32626
31653
31727
32627
31654
31728
32628
31655
31729
32629
31656
31730
32630
31657
31731
32631
31658
31732
32632
31659
31733
32633
31660
31734
32634
31661
31735
32635
31662
31736
32636
31663
31737
32637
31664
31738
32638
31665
31739
32639
31666
31740
32640
31667
31741
32641
31668
31742
32642
31669
31743
32643
31670
31744
32644
31671
31745
32645
31672
31746
32646
31673
31747
32647
31674
31748
32648
31675
31749
32649
31676
31750
32650
31677
31751
32651
31678
31752
32652
31679
31753
32653
31680
31754
32654
31681
31755
32655
31682
31756
32656
31683
31757
32657
31684
31758
32658
31685
31759
32659
31686
31760
32660
31687
31761
32661
31688
31762
32662
31689
31763
32663
31690
31764
32664
31691
31765
32665
31692
31766
32666
31693
31767
32667
31694
31768
32668
31695
31769
32669
31696
31770
32670
31697
31771
32671
31698
31772
32672
31699
31773
32673
31700
31774
32674
31701
31775
32675
31702
31776
32676
31703
31777
32677
31704
31778
32678
31705
31779
32679
31706
31780
32680
31707
31781
32681
31708
31782
32682
31709
31783
32683
31710
31784
32684
31711
31785
32685
31712
31786
32686
31713
31787
32687
31714
31788
32688
31715
31789
32689
31716
31790
32690
31717
31791
32691
31718
31792
32692
31719
31793
32693
31720
31794
32694
31721
31795
32695
31722
31796
32696
31723
31797
32697
31724
31798
32698
31799
32699
31726
31800
32700
31727
31801
32701
31728
31802
32702
31729
31803
32703
31730
31804
32704
31731
31805
32705
31732
31806
32706
31733
31807
32707
31734
31808
32708
31735
31809
32709
31736
31810
32710
31737
31811
32711
31738
31812
32712
31739
31813
32713
31740
31814
32714
31741
31815
32715
31742
31816
32716
31743
31817
32717
31744
31818
32718
31745
31819
32719
31746
31820
32720
31747
31821
32721
31748
31822
32722
31749
31823
32723
31750
31824
32724
31751
31825
32725
31752
31826
32726
31753
31827
32727
31754
31828
32728
31755
31829
32729
31756
31830
32730
31757
31831
32731
31758
31832
32732
31759
31833
32733
31760
31834
32734
31761
31835
32735
31762
31836
32736
31763
31837
32737
31764
31838
32738
31765
31839
32739
31766
31840
32740
31767
31841
32741
31768
31842
32742
31769
31843
32743
31770
31844
32744
31771
31845
32745
31772
31846
32746
31773
31847
32747
31774
31848
32748
31775
31849
32749
31776
31850
32750
31777
31851
32751
31778
31852
32752
31779
31853
32753
31780
31854
32754
31781
31855
32755
31782
31856
32756
31783
31857
32757
31784
31858
32758
31785
31859
32759
31786
31860
32760
31787
31861
32761
31788
31862
32762
31789
31863
32763
31790
31864
32764
31791
31865
32765
31792
31866
32766
31793
31867
32767
31794
31868
32768
31795
31869
32769
31796
31870
32770
31797
31871
32771
31798
31872
32772
31799
31873
32773
31874
32774
31801
31875
32775
31802
31876
32776
31803
31877
32777
31804
31878
32778
31805
31879
32779
31806
31880
32780
31807
31881
32781
31808
31882
32782
31809
31883
32783
31810
31884
32784
31811
31885
32785
31812
31886
32786
31813
31887
32787
31814
31888
32788
31815
31889
32789
31816
31890
32790
31817
31891
32791
31818
31892
32792
31819
31893
32793
31820
31894
32794
31821
31895
32795
31822
31896
32796
31823
31897
32797
31824
31898
32798
31825
31899
32799
31826
31900
32800
31827
31901
32801
31828
31902
32802
31829
31903
32803
31830
31904
32804
31831
31905
32805
31832
31906
32806
31833
31907
32807
31834
31908
32808
31835
31909
32809
31836
31910
32810
31837
31911
32811
31838
31912
32812
31839
31913
32813
31840
31914
32814
31841
31915
32815
31842
31916
32816
31843
31917
32817
31844
31918
32818
31845
31919
32819
31846
31920
32820
31847
31921
32821
31848
31922
32822
31849
31923
32823
31850
31924
32824
31851
31925
32825
31852
31926
32826
31853
31927
32827
31854
31928
32828
31855
31929
32829
31856
31930
32830
31857
31931
32831
31858
31932
32832
31859
31933
32833
31860
31934
32834
31861
31935
32835
31862
31936
32836
31863
31937
32837
31864
31938
32838
31865
31939
32839
31866
31940
32840
31867
31941
32841
31868
31942
32842
31869
31943
32843
31870
31944
32844
31871
31945
32845
31872
31946
32846
31873
31947
32847
31874
31948
32848
31949
32849
31876
31950
32850
31877
31951
32851
31878
31952
32852
31879
31953
32853
31880
31954
32854
31881
31955
32855
31882
31956
32856
31883
31957
32857
31884
31958
32858
31885
31959
32859
31886
31960
32860
31887
31961
32861
31888
31962
32862
31889
31963
32863
31890
31964
32864
31891
31965
32865
31892
31966
32866
31893
31967
32867
31894
31968
32868
31895
31969
32869
31896
31970
32870
31897
31971
32871
31898
31972
32872
31899
31973
32873
31900
31974
32874
31901
31975
32875
31902
31976
32876
31903
31977
32877
31904
31978
32878
31905
31979
32879
31906
31980
32880
31907
31981
32881
31908
31982
32882
31909
31983
32883
31910
31984
32884
31911
31985
32885
31912
31986
32886
31913
31987
32887
31914
31988
32888
31915
31989
32889
31916
31990
32890
31917
31991
32891
31918
31992
32892
31919
31993
32893
31920
31994
32894
31921
31995
32895
31922
31996
32896
31923
31997
32897
31924
31998
32898
31925
31999
32899
31926
32000
32900
31927
32001
32901
31928
32002
32902
31929
32003
32903
31930
32004
32904
31931
32005
32905
31932
32006
32906
31933
32007
32907
31934
32008
32908
31935
32009
32909
31936
32010
32910
31937
32011
32911
31938
32012
32912
31939
32013
32913
31940
32014
32914
31941
32015
32915
31942
32016
32916
31943
32017
32917
31944
32018
32918
31945
32019
32919
31946
32020
32920
31947
32021
32921
31948
32022
32922
31949
32023
32923
32024
32924
31951
32025
32925
31952
32026
32926
31953
32027
32927
31954
32028
32928
31955
32029
32929
31956
32030
32930
31957
32031
32931
31958
32032
32932
31959
32033
32933
31960
32034
32934
31961
32035
32935
31962
32036
32936
31963
32037
32937
31964
32038
32938
31965
32039
32939
31966
32040
32940
31967
32041
32941
31968
32042
32942
31969
32043
32943
31970
32044
32944
31971
32045
32945
31972
32046
32946
31973
32047
32947
31974
32048
32948
31975
32049
32949
31976
32050
32950
31977
32051
32951
31978
32052
32952
31979
32053
32953
31980
32054
32954
31981
32055
32955
31982
32056
32956
31983
32057
32957
31984
32058
32958
31985
32059
32959
31986
32060
32960
31987
32061
32961
31988
32062
32962
31989
32063
32963
31990
32064
32964
31991
32065
32965
31992
32066
32966
31993
32067
32967
31994
32068
32968
31995
32069
32969
31996
32070
32970
31997
32071
32971
31998
32072
32972
31999
32073
32973
32000
32074
32974
32001
32075
32975
32002
32076
32976
32003
32077
32977
32004
32078
32978
32005
32079
32979
32006
32080
32980
32007
32081
32981
32008
32082
32982
32009
32083
32983
32010
32084
32984
32011
32085
32985
32012
32086
32986
32013
32087
32987
32014
32088
32988
32015
32089
32989
32016
32090
32990
32017
32091
32991
32018
32092
32992
32019
32093
32993
32020
32094
32994
32021
32095
32995
32022
32096
32996
32023
32097
32997
32024
32098
32998
32099
32999
32026
32100
33000
32027
32101
33001
32028
32102
33002
32029
32103
33003
32030
32104
33004
32031
32105
33005
32032
32106
33006
32033
32107
33007
32034
32108
33008
32035
32109
33009
32036
32110
33010
32037
32111
33011
32038
32112
33012
32039
32113
33013
32040
32114
33014
32041
32115
33015
32042
32116
33016
32043
32117
33017
32044
32118
33018
32045
32119
33019
32046
32120
33020
32047
32121
33021
32048
32122
33022
32049
32123
33023
32050
32124
33024
32051
32125
33025
32052
32126
33026
32053
32127
33027
32054
32128
33028
32055
32129
33029
32056
32130
33030
32057
32131
33031
32058
32132
33032
32059
32133
33033
32060
32134
33034
32061
32135
33035
32062
32136
33036
32063
32137
33037
32064
32138
33038
32065
32139
33039
32066
32140
33040
32067
32141
33041
32068
32142
33042
32069
32143
33043
32070
32144
33044
32071
32145
33045
32072
32146
33046
32073
32147
33047
32074
32148
33048
32075
32149
33049
32076
32150
33050
32077
32151
33051
32078
32152
33052
32079
32153
33053
32080
32154
33054
32081
32155
33055
32082
32156
33056
32083
32157
33057
32084
32158
33058
32085
32159
33059
32086
32160
33060
32087
32161
33061
32088
32162
33062
32089
32163
33063
32090
32164
33064
32091
32165
33065
32092
32166
33066
32093
32167
33067
32094
32168
33068
32095
32169
33069
32096
32170
33070
32097
32171
33071
32098
32172
33072
32099
32173
33073
32174
33074
32101
32175
33075
32102
32176
33076
32103
32177
33077
32104
32178
33078
32105
32179
33079
32106
32180
33080
32107
32181
33081
32108
32182
33082
32109
32183
33083
32110
32184
33084
32111
32185
33085
32112
32186
33086
32113
32187
33087
32114
32188
33088
32115
32189
33089
32116
32190
33090
32117
32191
33091
32118
32192
33092
32119
32193
33093
32120
32194
33094
32121
32195
33095
32122
32196
33096
32123
32197
33097
32124
32198
33098
32125
32199
33099
32126
32200
33100
32127
32201
33101
32128
32202
33102
32129
32203
33103
32130
32204
33104
32131
32205
33105
32132
32206
33106
32133
32207
33107
32134
32208
33108
32135
32209
33109
32136
32210
33110
32137
32211
33111
32138
32212
33112
32139
32213
33113
32140
32214
33114
32141
32215
33115
32142
32216
33116
32143
32217
33117
32144
32218
33118
32145
32219
33119
32146
32220
33120
32147
32221
33121
32148
32222
33122
32149
32223
33123
32150
32224
33124
32151
32225
33125
32152
32226
33126
32153
32227
33127
32154
32228
33128
32155
32229
33129
32156
32230
33130
32157
32231
33131
32158
32232
33132
32159
32233
33133
32160
32234
33134
32161
32235
33135
32162
32236
33136
32163
32237
33137
32164
32238
33138
32165
32239
33139
32166
32240
33140
32167
32241
33141
32168
32242
33142
32169
32243
33143
32170
32244
33144
32171
32245
33145
32172
32246
33146
32173
32247
33147
32174
32248
33148
32249
33149
32176
32250
33150
32177
32251
33151
32178
32252
33152
32179
32253
33153
32180
32254
33154
32181
32255
33155
32182
32256
33156
32183
32257
33157
32184
32258
33158
32185
32259
33159
32186
32260
33160
32187
32261
33161
32188
32262
33162
32189
32263
33163
32190
32264
33164
32191
32265
33165
32192
32266
33166
32193
32267
33167
32194
32268
33168
32195
32269
33169
32196
32270
33170
32197
32271
33171
32198
32272
33172
32199
32273
33173
32200
32274
33174
32201
32275
33175
32202
32276
33176
32203
32277
33177
32204
32278
33178
32205
32279
33179
32206
32280
33180
32207
32281
33181
32208
32282
33182
32209
32283
33183
32210
32284
33184
32211
32285
33185
32212
32286
33186
32213
32287
33187
32214
32288
33188
32215
32289
33189
32216
32290
33190
32217
32291
33191
32218
32292
33192
32219
32293
33193
32220
32294
33194
32221
32295
33195
32222
32296
33196
32223
32297
33197
32224
32298
33198
32225
32299
33199
32226
32300
33200
32227
32301
33201
32228
32302
33202
32229
32303
33203
32230
32304
33204
32231
32305
33205
32232
32306
33206
32233
32307
33207
32234
32308
33208
32235
32309
33209
32236
32310
33210
32237
32311
33211
32238
32312
33212
32239
32313
33213
32240
32314
33214
32241
32315
33215
32242
32316
33216
32243
32317
33217
32244
32318
33218
32245
32319
33219
32246
32320
33220
32247
32321
33221
32248
32322
33222
32249
32323
33223
32324
33224
32251
33225
32252
33226
32253
33227
32254
33228
32255
33229
32256
33230
32257
33231
32258
33232
32259
33233
32260
33234
32261
33235
32262
33236
32263
33237
32264
33238
32265
33239
32266
33240
32267
33241
32268
33242
32269
33243
32270
33244
32271
33245
32272
33246
32273
33247
32274
33248
32275
33249
32276
33250
32277
33251
32278
33252
32279
33253
32280
33254
32281
33255
32282
33256
32283
33257
32284
33258
32285
33259
32286
33260
32287
33261
32288
33262
32289
33263
32290
33264
32291
33265
32292
33266
32293
33267
32294
33268
32295
33269
32296
33270
32297
33271
32298
33272
32299
33273
32300
33274
32301
33275
32302
33276
32303
33277
32304
33278
32305
33279
32306
33280
32307
33281
32308
33282
32309
33283
32310
33284
32311
33285
32312
33286
32313
33287
32314
33288
32315
33289
32316
33290
32317
33291
32318
33292
32319
33293
32320
33294
32321
33295
32322
33296
32323
33297
32324
33298
33299
32326
32400
33300
32327
32401
33301
32328
32402
33302
32329
32403
33303
32330
32404
33304
32331
32405
33305
32332
32406
33306
32333
32407
33307
32334
32408
33308
32335
32409
33309
32336
32410
33310
32337
32411
33311
32338
32412
33312
32339
32413
33313
32340
32414
33314
32341
32415
33315
32342
32416
33316
32343
32417
33317
32344
32418
33318
32345
32419
33319
32346
32420
33320
32347
32421
33321
32348
32422
33322
32349
32423
33323
32350
32424
33324
32351
32425
33325
32352
32426
33326
32353
32427
33327
32354
32428
33328
32355
32429
33329
32356
32430
33330
32357
32431
33331
32358
32432
33332
32359
32433
33333
32360
32434
33334
32361
32435
33335
32362
32436
33336
32363
32437
33337
32364
32438
33338
32365
32439
33339
32366
32440
33340
32367
32441
33341
32368
32442
33342
32369
32443
33343
32370
32444
33344
32371
32445
33345
32372
32446
33346
32373
32447
33347
32374
32448
33348
32375
32449
33349
32376
32450
33350
32377
32451
33351
32378
32452
33352
32379
32453
33353
32380
32454
33354
32381
32455
33355
32382
32456
33356
32383
32457
33357
32384
32458
33358
32385
32459
33359
32386
32460
33360
32387
32461
33361
32388
32462
33362
32389
32463
33363
32390
32464
33364
32391
32465
33365
32392
32466
33366
32393
32467
33367
32394
32468
33368
32395
32469
33369
32396
32470
33370
32397
32471
33371
32398
32472
33372
32399
32473
33373
32474
33374
32401
32475
33375
32402
32476
33376
32403
32477
33377
32404
32478
33378
32405
32479
33379
32406
32480
33380
32407
32481
33381
32408
32482
33382
32409
32483
33383
32410
32484
33384
32411
32485
33385
32412
32486
33386
32413
32487
33387
32414
32488
33388
32415
32489
33389
32416
32490
33390
32417
32491
33391
32418
32492
33392
32419
32493
33393
32420
32494
33394
32421
32495
33395
32422
32496
33396
32423
32497
33397
32424
32498
33398
32425
32499
33399
32426
32500
33400
32427
32501
33401
32428
32502
33402
32429
32503
33403
32430
32504
33404
32431
32505
33405
32432
32506
33406
32433
32507
33407
32434
32508
33408
32435
32509
33409
32436
32510
33410
32437
32511
33411
32438
32512
33412
32439
32513
33413
32440
32514
33414
32441
32515
33415
32442
32516
33416
32443
32517
33417
32444
32518
33418
32445
32519
33419
32446
32520
33420
32447
32521
33421
32448
32522
33422
32449
32523
33423
32450
32524
33424
32451
32525
33425
32452
32526
33426
32453
32527
33427
32454
32528
33428
32455
32529
33429
32456
32530
33430
32457
32531
33431
32458
32532
33432
32459
32533
33433
32460
32534
33434
32461
32535
33435
32462
32536
33436
32463
32537
33437
32464
32538
33438
32465
32539
33439
32466
32540
33440
32467
32541
33441
32468
32542
33442
32469
32543
33443
32470
32544
33444
32471
32545
33445
32472
32546
33446
32473
32547
33447
32474
32548
33448
32549
33449
32476
32550
33450
32477
32551
33451
32478
32552
33452
32479
32553
33453
32480
32554
33454
32481
32555
33455
32482
32556
33456
32483
32557
33457
32484
32558
33458
32485
32559
33459
32486
32560
33460
32487
32561
33461
32488
32562
33462
32489
32563
33463
32490
32564
33464
32491
32565
33465
32492
32566
33466
32493
32567
33467
32494
32568
33468
32495
32569
33469
32496
32570
33470
32497
32571
33471
32498
32572
33472
32499
32573
33473
32500
32574
33474
32501
32575
33475
32502
32576
33476
32503
32577
33477
32504
32578
33478
32505
32579
33479
32506
32580
33480
32507
32581
33481
32508
32582
33482
32509
32583
33483
32510
32584
33484
32511
32585
33485
32512
32586
33486
32513
32587
33487
32514
32588
33488
32515
32589
33489
32516
32590
33490
32517
32591
33491
32518
32592
33492
32519
32593
33493
32520
32594
33494
32521
32595
33495
32522
32596
33496
32523
32597
33497
32524
32598
33498
32525
32599
33499
32526
32600
33500
32527
32601
33501
32528
32602
33502
32529
32603
33503
32530
32604
33504
32531
32605
33505
32532
32606
33506
32533
32607
33507
32534
32608
33508
32535
32609
33509
32536
32610
33510
32537
32611
33511
32538
32612
33512
32539
32613
33513
32540
32614
33514
32541
32615
33515
32542
32616
33516
32543
32617
33517
32544
32618
33518
32545
32619
33519
32546
32620
33520
32547
32621
33521
32548
32622
33522
32549
32623
33523
32624
33524
32551
32625
33525
32552
32626
33526
32553
32627
33527
32554
32628
33528
32555
32629
33529
32556
32630
33530
32557
32631
33531
32558
32632
33532
32559
32633
33533
32560
32634
33534
32561
32635
33535
32562
32636
33536
32563
32637
33537
32564
32638
33538
32565
32639
33539
32566
32640
33540
32567
32641
33541
32568
32642
33542
32569
32643
33543
32570
32644
33544
32571
32645
33545
32572
32646
33546
32573
32647
33547
32574
32648
33548
32575
32649
33549
32576
32650
33550
32577
32651
33551
32578
32652
33552
32579
32653
33553
32580
32654
33554
32581
32655
33555
32582
32656
33556
32583
32657
33557
32584
32658
33558
32585
32659
33559
32586
32660
33560
32587
32661
33561
32588
32662
33562
32589
32663
33563
32590
32664
33564
32591
32665
33565
32592
32666
33566
32593
32667
33567
32594
32668
33568
32595
32669
33569
32596
32670
33570
32597
32671
33571
32598
32672
33572
32599
32673
33573
32600
32674
33574
32601
32675
33575
32602
32676
33576
32603
32677
33577
32604
32678
33578
32605
32679
33579
32606
32680
33580
32607
32681
33581
32608
32682
33582
32609
32683
33583
32610
32684
33584
32611
32685
33585
32612
32686
33586
32613
32687
33587
32614
32688
33588
32615
32689
33589
32616
32690
33590
32617
32691
33591
32618
32692
33592
32619
32693
33593
32620
32694
33594
32621
32695
33595
32622
32696
33596
32623
32697
33597
32624
32698
33598
32699
33599
32626
32700
33600
32627
32701
33601
32628
32702
33602
32629
32703
33603
32630
32704
33604
32631
32705
33605
32632
32706
33606
32633
32707
33607
32634
32708
33608
32635
32709
33609
32636
32710
33610
32637
32711
33611
32638
32712
33612
32639
32713
33613
32640
32714
33614
32641
32715
33615
32642
32716
33616
32643
32717
33617
32644
32718
33618
32645
32719
33619
32646
32720
33620
32647
32721
33621
32648
32722
33622
32649
32723
33623
32650
32724
33624
32651
32725
33625
32652
32726
33626
32653
32727
33627
32654
32728
33628
32655
32729
33629
32656
32730
33630
32657
32731
33631
32658
32732
33632
32659
32733
33633
32660
32734
33634
32661
32735
33635
32662
32736
33636
32663
32737
33637
32664
32738
33638
32665
32739
33639
32666
32740
33640
32667
32741
33641
32668
32742
33642
32669
32743
33643
32670
32744
33644
32671
32745
33645
32672
32746
33646
32673
32747
33647
32674
32748
33648
32675
32749
33649
32676
32750
33650
32677
32751
33651
32678
32752
33652
32679
32753
33653
32680
32754
33654
32681
32755
33655
32682
32756
33656
32683
32757
33657
32684
32758
33658
32685
32759
33659
32686
32760
33660
32687
32761
33661
32688
32762
33662
32689
32763
33663
32690
32764
33664
32691
32765
33665
32692
32766
33666
32693
32767
33667
32694
32768
33668
32695
32769
33669
32696
32770
33670
32697
32771
33671
32698
32772
33672
32699
32773
33673
32774
33674
32701
32775
33675
32702
32776
33676
32703
32777
33677
32704
32778
33678
32705
32779
33679
32706
32780
33680
32707
32781
33681
32708
32782
33682
32709
32783
33683
32710
32784
33684
32711
32785
33685
32712
32786
33686
32713
32787
33687
32714
32788
33688
32715
32789
33689
32716
32790
33690
32717
32791
33691
32718
32792
33692
32719
32793
33693
32720
32794
33694
32721
32795
33695
32722
32796
33696
32723
32797
33697
32724
32798
33698
32725
32799
33699
32726
32800
33700
32727
32801
33701
32728
32802
33702
32729
32803
33703
32730
32804
33704
32731
32805
33705
32732
32806
33706
32733
32807
33707
32734
32808
33708
32735
32809
33709
32736
32810
33710
32737
32811
33711
32738
32812
33712
32739
32813
33713
32740
32814
33714
32741
32815
33715
32742
32816
33716
32743
32817
33717
32744
32818
33718
32745
32819
33719
32746
32820
33720
32747
32821
33721
32748
32822
33722
32749
32823
33723
32750
32824
33724
32751
32825
33725
32752
32826
33726
32753
32827
33727
32754
32828
33728
32755
32829
33729
32756
32830
33730
32757
32831
33731
32758
32832
33732
32759
32833
33733
32760
32834
33734
32761
32835
33735
32762
32836
33736
32763
32837
33737
32764
32838
33738
32765
32839
33739
32766
32840
33740
32767
32841
33741
32768
32842
33742
32769
32843
33743
32770
32844
33744
32771
32845
33745
32772
32846
33746
32773
32847
33747
32774
32848
33748
32849
33749
32776
32850
33750
32777
32851
33751
32778
32852
33752
32779
32853
33753
32780
32854
33754
32781
32855
33755
32782
32856
33756
32783
32857
33757
32784
32858
33758
32785
32859
33759
32786
32860
33760
32787
32861
33761
32788
32862
33762
32789
32863
33763
32790
32864
33764
32791
32865
33765
32792
32866
33766
32793
32867
33767
32794
32868
33768
32795
32869
33769
32796
32870
33770
32797
32871
33771
32798
32872
33772
32799
32873
33773
32800
32874
33774
32801
32875
33775
32802
32876
33776
32803
32877
33777
32804
32878
33778
32805
32879
33779
32806
32880
33780
32807
32881
33781
32808
32882
33782
32809
32883
33783
32810
32884
33784
32811
32885
33785
32812
32886
33786
32813
32887
33787
32814
32888
33788
32815
32889
33789
32816
32890
33790
32817
32891
33791
32818
32892
33792
32819
32893
33793
32820
32894
33794
32821
32895
33795
32822
32896
33796
32823
32897
33797
32824
32898
33798
32825
32899
33799
32826
32900
33800
32827
32901
33801
32828
32902
33802
32829
32903
33803
32830
32904
33804
32831
32905
33805
32832
32906
33806
32833
32907
33807
32834
32908
33808
32835
32909
33809
32836
32910
33810
32837
32911
33811
32838
32912
33812
32839
32913
33813
32840
32914
33814
32841
32915
33815
32842
32916
33816
32843
32917
33817
32844
32918
33818
32845
32919
33819
32846
32920
33820
32847
32921
33821
32848
32922
33822
32849
32923
33823
32924
33824
32851
32925
33825
32852
32926
33826
32853
32927
33827
32854
32928
33828
32855
32929
33829
32856
32930
33830
32857
32931
33831
32858
32932
33832
32859
32933
33833
32860
32934
33834
32861
32935
33835
32862
32936
33836
32863
32937
33837
32864
32938
33838
32865
32939
33839
32866
32940
33840
32867
32941
33841
32868
32942
33842
32869
32943
33843
32870
32944
33844
32871
32945
33845
32872
32946
33846
32873
32947
33847
32874
32948
33848
32875
32949
33849
32876
32950
33850
32877
32951
33851
32878
32952
33852
32879
32953
33853
32880
32954
33854
32881
32955
33855
32882
32956
33856
32883
32957
33857
32884
32958
33858
32885
32959
33859
32886
32960
33860
32887
32961
33861
32888
32962
33862
32889
32963
33863
32890
32964
33864
32891
32965
33865
32892
32966
33866
32893
32967
33867
32894
32968
33868
32895
32969
33869
32896
32970
33870
32897
32971
33871
32898
32972
33872
32899
32973
33873
32900
32974
33874
32901
32975
33875
32902
32976
33876
32903
32977
33877
32904
32978
33878
32905
32979
33879
32906
32980
33880
32907
32981
33881
32908
32982
33882
32909
32983
33883
32910
32984
33884
32911
32985
33885
32912
32986
33886
32913
32987
33887
32914
32988
33888
32915
32989
33889
32916
32990
33890
32917
32991
33891
32918
32992
33892
32919
32993
33893
32920
32994
33894
32921
32995
33895
32922
32996
33896
32923
32997
33897
32924
32998
33898
32999
33899
32926
33000
33900
32927
33001
33901
32928
33002
33902
32929
33003
33903
32930
33004
33904
32931
33005
33905
32932
33006
33906
32933
33007
33907
32934
33008
33908
32935
33009
33909
32936
33010
33910
32937
33011
33911
32938
33012
33912
32939
33013
33913
32940
33014
33914
32941
33015
33915
32942
33016
33916
32943
33017
33917
32944
33018
33918
32945
33019
33919
32946
33020
33920
32947
33021
33921
32948
33022
33922
32949
33023
33923
32950
33024
33924
32951
33025
33925
32952
33026
33926
32953
33027
33927
32954
33028
33928
32955
33029
33929
32956
33030
33930
32957
33031
33931
32958
33032
33932
32959
33033
33933
32960
33034
33934
32961
33035
33935
32962
33036
33936
32963
33037
33937
32964
33038
33938
32965
33039
33939
32966
33040
33940
32967
33041
33941
32968
33042
33942
32969
33043
33943
32970
33044
33944
32971
33045
33945
32972
33046
33946
32973
33047
33947
32974
33048
33948
32975
33049
33949
32976
33050
33950
32977
33051
33951
32978
33052
33952
32979
33053
33953
32980
33054
33954
32981
33055
33955
32982
33056
33956
32983
33057
33957
32984
33058
33958
32985
33059
33959
32986
33060
33960
32987
33061
33961
32988
33062
33962
32989
33063
33963
32990
33064
33964
32991
33065
33965
32992
33066
33966
32993
33067
33967
32994
33068
33968
32995
33069
33969
32996
33070
33970
32997
33071
33971
32998
33072
33972
32999
33073
33973
33074
33974
33001
33075
33975
33002
33076
33976
33003
33077
33977
33004
33078
33978
33005
33079
33979
33006
33080
33980
33007
33081
33981
33008
33082
33982
33009
33083
33983
33010
33084
33984
33011
33085
33985
33012
33086
33986
33013
33087
33987
33014
33088
33988
33015
33089
33989
33016
33090
33990
33017
33091
33991
33018
33092
33992
33019
33093
33993
33020
33094
33994
33021
33095
33995
33022
33096
33996
33023
33097
33997
33024
33098
33998
33025
33099
33999
33026
33100
34000
33027
33101
34001
33028
33102
34002
33029
33103
34003
33030
33104
34004
33031
33105
34005
33032
33106
34006
33033
33107
34007
33034
33108
34008
33035
33109
34009
33036
33110
34010
33037
33111
34011
33038
33112
34012
33039
33113
34013
33040
33114
34014
33041
33115
34015
33042
33116
34016
33043
33117
34017
33044
33118
34018
33045
33119
34019
33046
33120
34020
33047
33121
34021
33048
33122
34022
33049
33123
34023
33050
33124
34024
33051
33125
34025
33052
33126
34026
33053
33127
34027
33054
33128
34028
33055
33129
34029
33056
33130
34030
33057
33131
34031
33058
33132
34032
33059
33133
34033
33060
33134
34034
33061
33135
34035
33062
33136
34036
33063
33137
34037
33064
33138
34038
33065
33139
34039
33066
33140
34040
33067
33141
34041
33068
33142
34042
33069
33143
34043
33070
33144
34044
33071
33145
34045
33072
33146
34046
33073
33147
34047
33074
33148
34048
33149
34049
33076
33150
34050
33077
33151
34051
33078
33152
34052
33079
33153
34053
33080
33154
34054
33081
33155
34055
33082
33156
34056
33083
33157
34057
33084
33158
34058
33085
33159
34059
33086
33160
34060
33087
33161
34061
33088
33162
34062
33089
33163
34063
33090
33164
34064
33091
33165
34065
33092
33166
34066
33093
33167
34067
33094
33168
34068
33095
33169
34069
33096
33170
34070
33097
33171
34071
33098
33172
34072
33099
33173
34073
33100
33174
34074
33101
33175
34075
33102
33176
34076
33103
33177
34077
33104
33178
34078
33105
33179
34079
33106
33180
34080
33107
33181
34081
33108
33182
34082
33109
33183
34083
33110
33184
34084
33111
33185
34085
33112
33186
34086
33113
33187
34087
33114
33188
34088
33115
33189
34089
33116
33190
34090
33117
33191
34091
33118
33192
34092
33119
33193
34093
33120
33194
34094
33121
33195
34095
33122
33196
34096
33123
33197
34097
33124
33198
34098
33125
33199
34099
33126
33200
34100
33127
33201
34101
33128
33202
34102
33129
33203
34103
33130
33204
34104
33131
33205
34105
33132
33206
34106
33133
33207
34107
33134
33208
34108
33135
33209
34109
33136
33210
34110
33137
33211
34111
33138
33212
34112
33139
33213
34113
33140
33214
34114
33141
33215
34115
33142
33216
34116
33143
33217
34117
33144
33218
34118
33145
33219
34119
33146
33220
34120
33147
33221
34121
33148
33222
34122
33149
33223
34123
33224
34124
33151
33225
34125
33152
33226
34126
33153
33227
34127
33154
33228
34128
33155
33229
34129
33156
33230
34130
33157
33231
34131
33158
33232
34132
33159
33233
34133
33160
33234
34134
33161
33235
34135
33162
33236
34136
33163
33237
34137
33164
33238
34138
33165
33239
34139
33166
33240
34140
33167
33241
34141
33168
33242
34142
33169
33243
34143
33170
33244
34144
33171
33245
34145
33172
33246
34146
33173
33247
34147
33174
33248
34148
33175
33249
34149
33176
33250
34150
33177
33251
34151
33178
33252
34152
33179
33253
34153
33180
33254
34154
33181
33255
34155
33182
33256
34156
33183
33257
34157
33184
33258
34158
33185
33259
34159
33186
33260
34160
33187
33261
34161
33188
33262
34162
33189
33263
34163
33190
33264
34164
33191
33265
34165
33192
33266
34166
33193
33267
34167
33194
33268
34168
33195
33269
34169
33196
33270
34170
33197
33271
34171
33198
33272
34172
33199
33273
34173
33200
33274
34174
33201
33275
34175
33202
33276
34176
33203
33277
34177
33204
33278
34178
33205
33279
34179
33206
33280
34180
33207
33281
34181
33208
33282
34182
33209
33283
34183
33210
33284
34184
33211
33285
34185
33212
33286
34186
33213
33287
34187
33214
33288
34188
33215
33289
34189
33216
33290
34190
33217
33291
34191
33218
33292
34192
33219
33293
34193
33220
33294
34194
33221
33295
34195
33222
33296
34196
33223
33297
34197
33224
33298
34198
33299
34199
33226
34200
33227
34201
33228
34202
33229
34203
33230
34204
33231
34205
33232
34206
33233
34207
33234
34208
33235
34209
33236
34210
33237
34211
33238
34212
33239
34213
33240
34214
33241
34215
33242
34216
33243
34217
33244
34218
33245
34219
33246
34220
33247
34221
33248
34222
33249
34223
33250
34224
33251
34225
33252
34226
33253
34227
33254
34228
33255
34229
33256
34230
33257
34231
33258
34232
33259
34233
33260
34234
33261
34235
33262
34236
33263
34237
33264
34238
33265
34239
33266
34240
33267
34241
33268
34242
33269
34243
33270
34244
33271
34245
33272
34246
33273
34247
33274
34248
33275
34249
33276
34250
33277
34251
33278
34252
33279
34253
33280
34254
33281
34255
33282
34256
33283
34257
33284
34258
33285
34259
33286
34260
33287
34261
33288
34262
33289
34263
33290
34264
33291
34265
33292
34266
33293
34267
33294
34268
33295
34269
33296
34270
33297
34271
33298
34272
33299
34273
34274
33301
33375
34275
33302
33376
34276
33303
33377
34277
33304
33378
34278
33305
33379
34279
33306
33380
34280
33307
33381
34281
33308
33382
34282
33309
33383
34283
33310
33384
34284
33311
33385
34285
33312
33386
34286
33313
33387
34287
33314
33388
34288
33315
33389
34289
33316
33390
34290
33317
33391
34291
33318
33392
34292
33319
33393
34293
33320
33394
34294
33321
33395
34295
33322
33396
34296
33323
33397
34297
33324
33398
34298
33325
33399
34299
33326
33400
34300
33327
33401
34301
33328
33402
34302
33329
33403
34303
33330
33404
34304
33331
33405
34305
33332
33406
34306
33333
33407
34307
33334
33408
34308
33335
33409
34309
33336
33410
34310
33337
33411
34311
33338
33412
34312
33339
33413
34313
33340
33414
34314
33341
33415
34315
33342
33416
34316
33343
33417
34317
33344
33418
34318
33345
33419
34319
33346
33420
34320
33347
33421
34321
33348
33422
34322
33349
33423
34323
33350
33424
34324
33351
33425
34325
33352
33426
34326
33353
33427
34327
33354
33428
34328
33355
33429
34329
33356
33430
34330
33357
33431
34331
33358
33432
34332
33359
33433
34333
33360
33434
34334
33361
33435
34335
33362
33436
34336
33363
33437
34337
33364
33438
34338
33365
33439
34339
33366
33440
34340
33367
33441
34341
33368
33442
34342
33369
33443
34343
33370
33444
34344
33371
33445
34345
33372
33446
34346
33373
33447
34347
33374
33448
34348
33449
34349
33376
33450
34350
33377
33451
34351
33378
33452
34352
33379
33453
34353
33380
33454
34354
33381
33455
34355
33382
33456
34356
33383
33457
34357
33384
33458
34358
33385
33459
34359
33386
33460
34360
33387
33461
34361
33388
33462
34362
33389
33463
34363
33390
33464
34364
33391
33465
34365
33392
33466
34366
33393
33467
34367
33394
33468
34368
33395
33469
34369
33396
33470
34370
33397
33471
34371
33398
33472
34372
33399
33473
34373
33400
33474
34374
33401
33475
34375
33402
33476
34376
33403
33477
34377
33404
33478
34378
33405
33479
34379
33406
33480
34380
33407
33481
34381
33408
33482
34382
33409
33483
34383
33410
33484
34384
33411
33485
34385
33412
33486
34386
33413
33487
34387
33414
33488
34388
33415
33489
34389
33416
33490
34390
33417
33491
34391
33418
33492
34392
33419
33493
34393
33420
33494
34394
33421
33495
34395
33422
33496
34396
33423
33497
34397
33424
33498
34398
33425
33499
34399
33426
33500
34400
33427
33501
34401
33428
33502
34402
33429
33503
34403
33430
33504
34404
33431
33505
34405
33432
33506
34406
33433
33507
34407
33434
33508
34408
33435
33509
34409
33436
33510
34410
33437
33511
34411
33438
33512
34412
33439
33513
34413
33440
33514
34414
33441
33515
34415
33442
33516
34416
33443
33517
34417
33444
33518
34418
33445
33519
34419
33446
33520
34420
33447
33521
34421
33448
33522
34422
33449
33523
34423
33524
34424
33451
33525
34425
33452
33526
34426
33453
33527
34427
33454
33528
34428
33455
33529
34429
33456
33530
34430
33457
33531
34431
33458
33532
34432
33459
33533
34433
33460
33534
34434
33461
33535
34435
33462
33536
34436
33463
33537
34437
33464
33538
34438
33465
33539
34439
33466
33540
34440
33467
33541
34441
33468
33542
34442
33469
33543
34443
33470
33544
34444
33471
33545
34445
33472
33546
34446
33473
33547
34447
33474
33548
34448
33475
33549
34449
33476
33550
34450
33477
33551
34451
33478
33552
34452
33479
33553
34453
33480
33554
34454
33481
33555
34455
33482
33556
34456
33483
33557
34457
33484
33558
34458
33485
33559
34459
33486
33560
34460
33487
33561
34461
33488
33562
34462
33489
33563
34463
33490
33564
34464
33491
33565
34465
33492
33566
34466
33493
33567
34467
33494
33568
34468
33495
33569
34469
33496
33570
34470
33497
33571
34471
33498
33572
34472
33499
33573
34473
33500
33574
34474
33501
33575
34475
33502
33576
34476
33503
33577
34477
33504
33578
34478
33505
33579
34479
33506
33580
34480
33507
33581
34481
33508
33582
34482
33509
33583
34483
33510
33584
34484
33511
33585
34485
33512
33586
34486
33513
33587
34487
33514
33588
34488
33515
33589
34489
33516
33590
34490
33517
33591
34491
33518
33592
34492
33519
33593
34493
33520
33594
34494
33521
33595
34495
33522
33596
34496
33523
33597
34497
33524
33598
34498
33599
34499
33526
33600
34500
33527
33601
34501
33528
33602
34502
33529
33603
34503
33530
33604
34504
33531
33605
34505
33532
33606
34506
33533
33607
34507
33534
33608
34508
33535
33609
34509
33536
33610
34510
33537
33611
34511
33538
33612
34512
33539
33613
34513
33540
33614
34514
33541
33615
34515
33542
33616
34516
33543
33617
34517
33544
33618
34518
33545
33619
34519
33546
33620
34520
33547
33621
34521
33548
33622
34522
33549
33623
34523
33550
33624
34524
33551
33625
34525
33552
33626
34526
33553
33627
34527
33554
33628
34528
33555
33629
34529
33556
33630
34530
33557
33631
34531
33558
33632
34532
33559
33633
34533
33560
33634
34534
33561
33635
34535
33562
33636
34536
33563
33637
34537
33564
33638
34538
33565
33639
34539
33566
33640
34540
33567
33641
34541
33568
33642
34542
33569
33643
34543
33570
33644
34544
33571
33645
34545
33572
33646
34546
33573
33647
34547
33574
33648
34548
33575
33649
34549
33576
33650
34550
33577
33651
34551
33578
33652
34552
33579
33653
34553
33580
33654
34554
33581
33655
34555
33582
33656
34556
33583
33657
34557
33584
33658
34558
33585
33659
34559
33586
33660
34560
33587
33661
34561
33588
33662
34562
33589
33663
34563
33590
33664
34564
33591
33665
34565
33592
33666
34566
33593
33667
34567
33594
33668
34568
33595
33669
34569
33596
33670
34570
33597
33671
34571
33598
33672
34572
33599
33673
34573
33674
34574
33601
33675
34575
33602
33676
34576
33603
33677
34577
33604
33678
34578
33605
33679
34579
33606
33680
34580
33607
33681
34581
33608
33682
34582
33609
33683
34583
33610
33684
34584
33611
33685
34585
33612
33686
34586
33613
33687
34587
33614
33688
34588
33615
33689
34589
33616
33690
34590
33617
33691
34591
33618
33692
34592
33619
33693
34593
33620
33694
34594
33621
33695
34595
33622
33696
34596
33623
33697
34597
33624
33698
34598
33625
33699
34599
33626
33700
34600
33627
33701
34601
33628
33702
34602
33629
33703
34603
33630
33704
34604
33631
33705
34605
33632
33706
34606
33633
33707
34607
33634
33708
34608
33635
33709
34609
33636
33710
34610
33637
33711
34611
33638
33712
34612
33639
33713
34613
33640
33714
34614
33641
33715
34615
33642
33716
34616
33643
33717
34617
33644
33718
34618
33645
33719
34619
33646
33720
34620
33647
33721
34621
33648
33722
34622
33649
33723
34623
33650
33724
34624
33651
33725
34625
33652
33726
34626
33653
33727
34627
33654
33728
34628
33655
33729
34629
33656
33730
34630
33657
33731
34631
33658
33732
34632
33659
33733
34633
33660
33734
34634
33661
33735
34635
33662
33736
34636
33663
33737
34637
33664
33738
34638
33665
33739
34639
33666
33740
34640
33667
33741
34641
33668
33742
34642
33669
33743
34643
33670
33744
34644
33671
33745
34645
33672
33746
34646
33673
33747
34647
33674
33748
34648
33749
34649
33676
33750
34650
33677
33751
34651
33678
33752
34652
33679
33753
34653
33680
33754
34654
33681
33755
34655
33682
33756
34656
33683
33757
34657
33684
33758
34658
33685
33759
34659
33686
33760
34660
33687
33761
34661
33688
33762
34662
33689
33763
34663
33690
33764
34664
33691
33765
34665
33692
33766
34666
33693
33767
34667
33694
33768
34668
33695
33769
34669
33696
33770
34670
33697
33771
34671
33698
33772
34672
33699
33773
34673
33700
33774
34674
33701
33775
34675
33702
33776
34676
33703
33777
34677
33704
33778
34678
33705
33779
34679
33706
33780
34680
33707
33781
34681
33708
33782
34682
33709
33783
34683
33710
33784
34684
33711
33785
34685
33712
33786
34686
33713
33787
34687
33714
33788
34688
33715
33789
34689
33716
33790
34690
33717
33791
34691
33718
33792
34692
33719
33793
34693
33720
33794
34694
33721
33795
34695
33722
33796
34696
33723
33797
34697
33724
33798
34698
33725
33799
34699
33726
33800
34700
33727
33801
34701
33728
33802
34702
33729
33803
34703
33730
33804
34704
33731
33805
34705
33732
33806
34706
33733
33807
34707
33734
33808
34708
33735
33809
34709
33736
33810
34710
33737
33811
34711
33738
33812
34712
33739
33813
34713
33740
33814
34714
33741
33815
34715
33742
33816
34716
33743
33817
34717
33744
33818
34718
33745
33819
34719
33746
33820
34720
33747
33821
34721
33748
33822
34722
33749
33823
34723
33824
34724
33751
33825
34725
33752
33826
34726
33753
33827
34727
33754
33828
34728
33755
33829
34729
33756
33830
34730
33757
33831
34731
33758
33832
34732
33759
33833
34733
33760
33834
34734
33761
33835
34735
33762
33836
34736
33763
33837
34737
33764
33838
34738
33765
33839
34739
33766
33840
34740
33767
33841
34741
33768
33842
34742
33769
33843
34743
33770
33844
34744
33771
33845
34745
33772
33846
34746
33773
33847
34747
33774
33848
34748
33775
33849
34749
33776
33850
34750
33777
33851
34751
33778
33852
34752
33779
33853
34753
33780
33854
34754
33781
33855
34755
33782
33856
34756
33783
33857
34757
33784
33858
34758
33785
33859
34759
33786
33860
34760
33787
33861
34761
33788
33862
34762
33789
33863
34763
33790
33864
34764
33791
33865
34765
33792
33866
34766
33793
33867
34767
33794
33868
34768
33795
33869
34769
33796
33870
34770
33797
33871
34771
33798
33872
34772
33799
33873
34773
33800
33874
34774
33801
33875
34775
33802
33876
34776
33803
33877
34777
33804
33878
34778
33805
33879
34779
33806
33880
34780
33807
33881
34781
33808
33882
34782
33809
33883
34783
33810
33884
34784
33811
33885
34785
33812
33886
34786
33813
33887
34787
33814
33888
34788
33815
33889
34789
33816
33890
34790
33817
33891
34791
33818
33892
34792
33819
33893
34793
33820
33894
34794
33821
33895
34795
33822
33896
34796
33823
33897
34797
33824
33898
34798
33899
34799
33826
33900
34800
33827
33901
34801
33828
33902
34802
33829
33903
34803
33830
33904
34804
33831
33905
34805
33832
33906
34806
33833
33907
34807
33834
33908
34808
33835
33909
34809
33836
33910
34810
33837
33911
34811
33838
33912
34812
33839
33913
34813
33840
33914
34814
33841
33915
34815
33842
33916
34816
33843
33917
34817
33844
33918
34818
33845
33919
34819
33846
33920
34820
33847
33921
34821
33848
33922
34822
33849
33923
34823
33850
33924
34824
33851
33925
34825
33852
33926
34826
33853
33927
34827
33854
33928
34828
33855
33929
34829
33856
33930
34830
33857
33931
34831
33858
33932
34832
33859
33933
34833
33860
33934
34834
33861
33935
34835
33862
33936
34836
33863
33937
34837
33864
33938
34838
33865
33939
34839
33866
33940
34840
33867
33941
34841
33868
33942
34842
33869
33943
34843
33870
33944
34844
33871
33945
34845
33872
33946
34846
33873
33947
34847
33874
33948
34848
33875
33949
34849
33876
33950
34850
33877
33951
34851
33878
33952
34852
33879
33953
34853
33880
33954
34854
33881
33955
34855
33882
33956
34856
33883
33957
34857
33884
33958
34858
33885
33959
34859
33886
33960
34860
33887
33961
34861
33888
33962
34862
33889
33963
34863
33890
33964
34864
33891
33965
34865
33892
33966
34866
33893
33967
34867
33894
33968
34868
33895
33969
34869
33896
33970
34870
33897
33971
34871
33898
33972
34872
33899
33973
34873
33974
34874
33901
33975
34875
33902
33976
34876
33903
33977
34877
33904
33978
34878
33905
33979
34879
33906
33980
34880
33907
33981
34881
33908
33982
34882
33909
33983
34883
33910
33984
34884
33911
33985
34885
33912
33986
34886
33913
33987
34887
33914
33988
34888
33915
33989
34889
33916
33990
34890
33917
33991
34891
33918
33992
34892
33919
33993
34893
33920
33994
34894
33921
33995
34895
33922
33996
34896
33923
33997
34897
33924
33998
34898
33925
33999
34899
33926
34000
34900
33927
34001
34901
33928
34002
34902
33929
34003
34903
33930
34004
34904
33931
34005
34905
33932
34006
34906
33933
34007
34907
33934
34008
34908
33935
34009
34909
33936
34010
34910
33937
34011
34911
33938
34012
34912
33939
34013
34913
33940
34014
34914
33941
34015
34915
33942
34016
34916
33943
34017
34917
33944
34018
34918
33945
34019
34919
33946
34020
34920
33947
34021
34921
33948
34022
34922
33949
34023
34923
33950
34024
34924
33951
34025
34925
33952
34026
34926
33953
34027
34927
33954
34028
34928
33955
34029
34929
33956
34030
34930
33957
34031
34931
33958
34032
34932
33959
34033
34933
33960
34034
34934
33961
34035
34935
33962
34036
34936
33963
34037
34937
33964
34038
34938
33965
34039
34939
33966
34040
34940
33967
34041
34941
33968
34042
34942
33969
34043
34943
33970
34044
34944
33971
34045
34945
33972
34046
34946
33973
34047
34947
33974
34048
34948
34049
34949
33976
34050
34950
33977
34051
34951
33978
34052
34952
33979
34053
34953
33980
34054
34954
33981
34055
34955
33982
34056
34956
33983
34057
34957
33984
34058
34958
33985
34059
34959
33986
34060
34960
33987
34061
34961
33988
34062
34962
33989
34063
34963
33990
34064
34964
33991
34065
34965
33992
34066
34966
33993
34067
34967
33994
34068
34968
33995
34069
34969
33996
34070
34970
33997
34071
34971
33998
34072
34972
33999
34073
34973
34000
34074
34974
34001
34075
34975
34002
34076
34976
34003
34077
34977
34004
34078
34978
34005
34079
34979
34006
34080
34980
34007
34081
34981
34008
34082
34982
34009
34083
34983
34010
34084
34984
34011
34085
34985
34012
34086
34986
34013
34087
34987
34014
34088
34988
34015
34089
34989
34016
34090
34990
34017
34091
34991
34018
34092
34992
34019
34093
34993
34020
34094
34994
34021
34095
34995
34022
34096
34996
34023
34097
34997
34024
34098
34998
34025
34099
34999
34026
34100
35000
34027
34101
35001
34028
34102
35002
34029
34103
35003
34030
34104
35004
34031
34105
35005
34032
34106
35006
34033
34107
35007
34034
34108
35008
34035
34109
35009
34036
34110
35010
34037
34111
35011
34038
34112
35012
34039
34113
35013
34040
34114
35014
34041
34115
35015
34042
34116
35016
34043
34117
35017
34044
34118
35018
34045
34119
35019
34046
34120
35020
34047
34121
35021
34048
34122
35022
34049
34123
35023
34124
35024
34051
34125
35025
34052
34126
35026
34053
34127
35027
34054
34128
35028
34055
34129
35029
34056
34130
35030
34057
34131
35031
34058
34132
35032
34059
34133
35033
34060
34134
35034
34061
34135
35035
34062
34136
35036
34063
34137
35037
34064
34138
35038
34065
34139
35039
34066
34140
35040
34067
34141
35041
34068
34142
35042
34069
34143
35043
34070
34144
35044
34071
34145
35045
34072
34146
35046
34073
34147
35047
34074
34148
35048
34075
34149
35049
34076
34150
35050
34077
34151
35051
34078
34152
35052
34079
34153
35053
34080
34154
35054
34081
34155
35055
34082
34156
35056
34083
34157
35057
34084
34158
35058
34085
34159
35059
34086
34160
35060
34087
34161
35061
34088
34162
35062
34089
34163
35063
34090
34164
35064
34091
34165
35065
34092
34166
35066
34093
34167
35067
34094
34168
35068
34095
34169
35069
34096
34170
35070
34097
34171
35071
34098
34172
35072
34099
34173
35073
34100
34174
35074
34101
34175
35075
34102
34176
35076
34103
34177
35077
34104
34178
35078
34105
34179
35079
34106
34180
35080
34107
34181
35081
34108
34182
35082
34109
34183
35083
34110
34184
35084
34111
34185
35085
34112
34186
35086
34113
34187
35087
34114
34188
35088
34115
34189
35089
34116
34190
35090
34117
34191
35091
34118
34192
35092
34119
34193
35093
34120
34194
35094
34121
34195
35095
34122
34196
35096
34123
34197
35097
34124
34198
35098
34199
35099
34126
34200
35100
34127
34201
35101
34128
34202
35102
34129
34203
35103
34130
34204
35104
34131
34205
35105
34132
34206
35106
34133
34207
35107
34134
34208
35108
34135
34209
35109
34136
34210
35110
34137
34211
35111
34138
34212
35112
34139
34213
35113
34140
34214
35114
34141
34215
35115
34142
34216
35116
34143
34217
35117
34144
34218
35118
34145
34219
35119
34146
34220
35120
34147
34221
35121
34148
34222
35122
34149
34223
35123
34150
34224
35124
34151
34225
35125
34152
34226
35126
34153
34227
35127
34154
34228
35128
34155
34229
35129
34156
34230
35130
34157
34231
35131
34158
34232
35132
34159
34233
35133
34160
34234
35134
34161
34235
35135
34162
34236
35136
34163
34237
35137
34164
34238
35138
34165
34239
35139
34166
34240
35140
34167
34241
35141
34168
34242
35142
34169
34243
35143
34170
34244
35144
34171
34245
35145
34172
34246
35146
34173
34247
35147
34174
34248
35148
34175
34249
35149
34176
34250
35150
34177
34251
35151
34178
34252
35152
34179
34253
35153
34180
34254
35154
34181
34255
35155
34182
34256
35156
34183
34257
35157
34184
34258
35158
34185
34259
35159
34186
34260
35160
34187
34261
35161
34188
34262
35162
34189
34263
35163
34190
34264
35164
34191
34265
35165
34192
34266
35166
34193
34267
35167
34194
34268
35168
34195
34269
35169
34196
34270
35170
34197
34271
35171
34198
34272
35172
34199
34273
35173
34274
35174
34201
35175
34202
35176
34203
35177
34204
35178
34205
35179
34206
35180
34207
35181
34208
35182
34209
35183
34210
35184
34211
35185
34212
35186
34213
35187
34214
35188
34215
35189
34216
35190
34217
35191
34218
35192
34219
35193
34220
35194
34221
35195
34222
35196
34223
35197
34224
35198
34225
35199
34226
35200
34227
35201
34228
35202
34229
35203
34230
35204
34231
35205
34232
35206
34233
35207
34234
35208
34235
35209
34236
35210
34237
35211
34238
35212
34239
35213
34240
35214
34241
35215
34242
35216
34243
35217
34244
35218
34245
35219
34246
35220
34247
35221
34248
35222
34249
35223
34250
35224
34251
35225
34252
35226
34253
35227
34254
35228
34255
35229
34256
35230
34257
35231
34258
35232
34259
35233
34260
35234
34261
35235
34262
35236
34263
35237
34264
35238
34265
35239
34266
35240
34267
35241
34268
35242
34269
35243
34270
35244
34271
35245
34272
35246
34273
35247
34274
35248
35249
34276
34350
35250
34277
34351
35251
34278
34352
35252
34279
34353
35253
34280
34354
35254
34281
34355
35255
34282
34356
35256
34283
34357
35257
34284
34358
35258
34285
34359
35259
34286
34360
35260
34287
34361
35261
34288
34362
35262
34289
34363
35263
34290
34364
35264
34291
34365
35265
34292
34366
35266
34293
34367
35267
34294
34368
35268
34295
34369
35269
34296
34370
35270
34297
34371
35271
34298
34372
35272
34299
34373
35273
34300
34374
35274
34301
34375
35275
34302
34376
35276
34303
34377
35277
34304
34378
35278
34305
34379
35279
34306
34380
35280
34307
34381
35281
34308
34382
35282
34309
34383
35283
34310
34384
35284
34311
34385
35285
34312
34386
35286
34313
34387
35287
34314
34388
35288
34315
34389
35289
34316
34390
35290
34317
34391
35291
34318
34392
35292
34319
34393
35293
34320
34394
35294
34321
34395
35295
34322
34396
35296
34323
34397
35297
34324
34398
35298
34325
34399
35299
34326
34400
35300
34327
34401
35301
34328
34402
35302
34329
34403
35303
34330
34404
35304
34331
34405
35305
34332
34406
35306
34333
34407
35307
34334
34408
35308
34335
34409
35309
34336
34410
35310
34337
34411
35311
34338
34412
35312
34339
34413
35313
34340
34414
35314
34341
34415
35315
34342
34416
35316
34343
34417
35317
34344
34418
35318
34345
34419
35319
34346
34420
35320
34347
34421
35321
34348
34422
35322
34349
34423
35323
34424
35324
34351
34425
35325
34352
34426
35326
34353
34427
35327
34354
34428
35328
34355
34429
35329
34356
34430
35330
34357
34431
35331
34358
34432
35332
34359
34433
35333
34360
34434
35334
34361
34435
35335
34362
34436
35336
34363
34437
35337
34364
34438
35338
34365
34439
35339
34366
34440
35340
34367
34441
35341
34368
34442
35342
34369
34443
35343
34370
34444
35344
34371
34445
35345
34372
34446
35346
34373
34447
35347
34374
34448
35348
34375
34449
35349
34376
34450
35350
34377
34451
35351
34378
34452
35352
34379
34453
35353
34380
34454
35354
34381
34455
35355
34382
34456
35356
34383
34457
35357
34384
34458
35358
34385
34459
35359
34386
34460
35360
34387
34461
35361
34388
34462
35362
34389
34463
35363
34390
34464
35364
34391
34465
35365
34392
34466
35366
34393
34467
35367
34394
34468
35368
34395
34469
35369
34396
34470
35370
34397
34471
35371
34398
34472
35372
34399
34473
35373
34400
34474
35374
34401
34475
35375
34402
34476
35376
34403
34477
35377
34404
34478
35378
34405
34479
35379
34406
34480
35380
34407
34481
35381
34408
34482
35382
34409
34483
35383
34410
34484
35384
34411
34485
35385
34412
34486
35386
34413
34487
35387
34414
34488
35388
34415
34489
35389
34416
34490
35390
34417
34491
35391
34418
34492
35392
34419
34493
35393
34420
34494
35394
34421
34495
35395
34422
34496
35396
34423
34497
35397
34424
34498
35398
34499
35399
34426
34500
35400
34427
34501
35401
34428
34502
35402
34429
34503
35403
34430
34504
35404
34431
34505
35405
34432
34506
35406
34433
34507
35407
34434
34508
35408
34435
34509
35409
34436
34510
35410
34437
34511
35411
34438
34512
35412
34439
34513
35413
34440
34514
35414
34441
34515
35415
34442
34516
35416
34443
34517
35417
34444
34518
35418
34445
34519
35419
34446
34520
35420
34447
34521
35421
34448
34522
35422
34449
34523
35423
34450
34524
35424
34451
34525
35425
34452
34526
35426
34453
34527
35427
34454
34528
35428
34455
34529
35429
34456
34530
35430
34457
34531
35431
34458
34532
35432
34459
34533
35433
34460
34534
35434
34461
34535
35435
34462
34536
35436
34463
34537
35437
34464
34538
35438
34465
34539
35439
34466
34540
35440
34467
34541
35441
34468
34542
35442
34469
34543
35443
34470
34544
35444
34471
34545
35445
34472
34546
35446
34473
34547
35447
34474
34548
35448
34475
34549
35449
34476
34550
35450
34477
34551
35451
34478
34552
35452
34479
34553
35453
34480
34554
35454
34481
34555
35455
34482
34556
35456
34483
34557
35457
34484
34558
35458
34485
34559
35459
34486
34560
35460
34487
34561
35461
34488
34562
35462
34489
34563
35463
34490
34564
35464
34491
34565
35465
34492
34566
35466
34493
34567
35467
34494
34568
35468
34495
34569
35469
34496
34570
35470
34497
34571
35471
34498
34572
35472
34499
34573
35473
34574
35474
34501
34575
35475
34502
34576
35476
34503
34577
35477
34504
34578
35478
34505
34579
35479
34506
34580
35480
34507
34581
35481
34508
34582
35482
34509
34583
35483
34510
34584
35484
34511
34585
35485
34512
34586
35486
34513
34587
35487
34514
34588
35488
34515
34589
35489
34516
34590
35490
34517
34591
35491
34518
34592
35492
34519
34593
35493
34520
34594
35494
34521
34595
35495
34522
34596
35496
34523
34597
35497
34524
34598
35498
34525
34599
35499
34526
34600
35500
34527
34601
35501
34528
34602
35502
34529
34603
35503
34530
34604
35504
34531
34605
35505
34532
34606
35506
34533
34607
35507
34534
34608
35508
34535
34609
35509
34536
34610
35510
34537
34611
35511
34538
34612
35512
34539
34613
35513
34540
34614
35514
34541
34615
35515
34542
34616
35516
34543
34617
35517
34544
34618
35518
34545
34619
35519
34546
34620
35520
34547
34621
35521
34548
34622
35522
34549
34623
35523
34550
34624
35524
34551
34625
35525
34552
34626
35526
34553
34627
35527
34554
34628
35528
34555
34629
35529
34556
34630
35530
34557
34631
35531
34558
34632
35532
34559
34633
35533
34560
34634
35534
34561
34635
35535
34562
34636
35536
34563
34637
35537
34564
34638
35538
34565
34639
35539
34566
34640
35540
34567
34641
35541
34568
34642
35542
34569
34643
35543
34570
34644
35544
34571
34645
35545
34572
34646
35546
34573
34647
35547
34574
34648
35548
34649
35549
34576
34650
35550
34577
34651
35551
34578
34652
35552
34579
34653
35553
34580
34654
35554
34581
34655
35555
34582
34656
35556
34583
34657
35557
34584
34658
35558
34585
34659
35559
34586
34660
35560
34587
34661
35561
34588
34662
35562
34589
34663
35563
34590
34664
35564
34591
34665
35565
34592
34666
35566
34593
34667
35567
34594
34668
35568
34595
34669
35569
34596
34670
35570
34597
34671
35571
34598
34672
35572
34599
34673
35573
34600
34674
35574
34601
34675
35575
34602
34676
35576
34603
34677
35577
34604
34678
35578
34605
34679
35579
34606
34680
35580
34607
34681
35581
34608
34682
35582
34609
34683
35583
34610
34684
35584
34611
34685
35585
34612
34686
35586
34613
34687
35587
34614
34688
35588
34615
34689
35589
34616
34690
35590
34617
34691
35591
34618
34692
35592
34619
34693
35593
34620
34694
35594
34621
34695
35595
34622
34696
35596
34623
34697
35597
34624
34698
35598
34625
34699
35599
34626
34700
35600
34627
34701
35601
34628
34702
35602
34629
34703
35603
34630
34704
35604
34631
34705
35605
34632
34706
35606
34633
34707
35607
34634
34708
35608
34635
34709
35609
34636
34710
35610
34637
34711
35611
34638
34712
35612
34639
34713
35613
34640
34714
35614
34641
34715
35615
34642
34716
35616
34643
34717
35617
34644
34718
35618
34645
34719
35619
34646
34720
35620
34647
34721
35621
34648
34722
35622
34649
34723
35623
34724
35624
34651
34725
35625
34652
34726
35626
34653
34727
35627
34654
34728
35628
34655
34729
35629
34656
34730
35630
34657
34731
35631
34658
34732
35632
34659
34733
35633
34660
34734
35634
34661
34735
35635
34662
34736
35636
34663
34737
35637
34664
34738
35638
34665
34739
35639
34666
34740
35640
34667
34741
35641
34668
34742
35642
34669
34743
35643
34670
34744
35644
34671
34745
35645
34672
34746
35646
34673
34747
35647
34674
34748
35648
34675
34749
35649
34676
34750
35650
34677
34751
35651
34678
34752
35652
34679
34753
35653
34680
34754
35654
34681
34755
35655
34682
34756
35656
34683
34757
35657
34684
34758
35658
34685
34759
35659
34686
34760
35660
34687
34761
35661
34688
34762
35662
34689
34763
35663
34690
34764
35664
34691
34765
35665
34692
34766
35666
34693
34767
35667
34694
34768
35668
34695
34769
35669
34696
34770
35670
34697
34771
35671
34698
34772
35672
34699
34773
35673
34700
34774
35674
34701
34775
35675
34702
34776
35676
34703
34777
35677
34704
34778
35678
34705
34779
35679
34706
34780
35680
34707
34781
35681
34708
34782
35682
34709
34783
35683
34710
34784
35684
34711
34785
35685
34712
34786
35686
34713
34787
35687
34714
34788
35688
34715
34789
35689
34716
34790
35690
34717
34791
35691
34718
34792
35692
34719
34793
35693
34720
34794
35694
34721
34795
35695
34722
34796
35696
34723
34797
35697
34724
34798
35698
34799
35699
34726
34800
35700
34727
34801
35701
34728
34802
35702
34729
34803
35703
34730
34804
35704
34731
34805
35705
34732
34806
35706
34733
34807
35707
34734
34808
35708
34735
34809
35709
34736
34810
35710
34737
34811
35711
34738
34812
35712
34739
34813
35713
34740
34814
35714
34741
34815
35715
34742
34816
35716
34743
34817
35717
34744
34818
35718
34745
34819
35719
34746
34820
35720
34747
34821
35721
34748
34822
35722
34749
34823
35723
34750
34824
35724
34751
34825
35725
34752
34826
35726
34753
34827
35727
34754
34828
35728
34755
34829
35729
34756
34830
35730
34757
34831
35731
34758
34832
35732
34759
34833
35733
34760
34834
35734
34761
34835
35735
34762
34836
35736
34763
34837
35737
34764
34838
35738
34765
34839
35739
34766
34840
35740
34767
34841
35741
34768
34842
35742
34769
34843
35743
34770
34844
35744
34771
34845
35745
34772
34846
35746
34773
34847
35747
34774
34848
35748
34775
34849
35749
34776
34850
35750
34777
34851
35751
34778
34852
35752
34779
34853
35753
34780
34854
35754
34781
34855
35755
34782
34856
35756
34783
34857
35757
34784
34858
35758
34785
34859
35759
34786
34860
35760
34787
34861
35761
34788
34862
35762
34789
34863
35763
34790
34864
35764
34791
34865
35765
34792
34866
35766
34793
34867
35767
34794
34868
35768
34795
34869
35769
34796
34870
35770
34797
34871
35771
34798
34872
35772
34799
34873
35773
34874
35774
34801
34875
35775
34802
34876
35776
34803
34877
35777
34804
34878
35778
34805
34879
35779
34806
34880
35780
34807
34881
35781
34808
34882
35782
34809
34883
35783
34810
34884
35784
34811
34885
35785
34812
34886
35786
34813
34887
35787
34814
34888
35788
34815
34889
35789
34816
34890
35790
34817
34891
35791
34818
34892
35792
34819
34893
35793
34820
34894
35794
34821
34895
35795
34822
34896
35796
34823
34897
35797
34824
34898
35798
34825
34899
35799
34826
34900
35800
34827
34901
35801
34828
34902
35802
34829
34903
35803
34830
34904
35804
34831
34905
35805
34832
34906
35806
34833
34907
35807
34834
34908
35808
34835
34909
35809
34836
34910
35810
34837
34911
35811
34838
34912
35812
34839
34913
35813
34840
34914
35814
34841
34915
35815
34842
34916
35816
34843
34917
35817
34844
34918
35818
34845
34919
35819
34846
34920
35820
34847
34921
35821
34848
34922
35822
34849
34923
35823
34850
34924
35824
34851
34925
35825
34852
34926
35826
34853
34927
35827
34854
34928
35828
34855
34929
35829
34856
34930
35830
34857
34931
35831
34858
34932
35832
34859
34933
35833
34860
34934
35834
34861
34935
35835
34862
34936
35836
34863
34937
35837
34864
34938
35838
34865
34939
35839
34866
34940
35840
34867
34941
35841
34868
34942
35842
34869
34943
35843
34870
34944
35844
34871
34945
35845
34872
34946
35846
34873
34947
35847
34874
34948
35848
34949
35849
34876
34950
35850
34877
34951
35851
34878
34952
35852
34879
34953
35853
34880
34954
35854
34881
34955
35855
34882
34956
35856
34883
34957
35857
34884
34958
35858
34885
34959
35859
34886
34960
35860
34887
34961
35861
34888
34962
35862
34889
34963
35863
34890
34964
35864
34891
34965
35865
34892
34966
35866
34893
34967
35867
34894
34968
35868
34895
34969
35869
34896
34970
35870
34897
34971
35871
34898
34972
35872
34899
34973
35873
34900
34974
35874
34901
34975
35875
34902
34976
35876
34903
34977
35877
34904
34978
35878
34905
34979
35879
34906
34980
35880
34907
34981
35881
34908
34982
35882
34909
34983
35883
34910
34984
35884
34911
34985
35885
34912
34986
35886
34913
34987
35887
34914
34988
35888
34915
34989
35889
34916
34990
35890
34917
34991
35891
34918
34992
35892
34919
34993
35893
34920
34994
35894
34921
34995
35895
34922
34996
35896
34923
34997
35897
34924
34998
35898
34925
34999
35899
34926
35000
35900
34927
35001
35901
34928
35002
35902
34929
35003
35903
34930
35004
35904
34931
35005
35905
34932
35006
35906
34933
35007
35907
34934
35008
35908
34935
35009
35909
34936
35010
35910
34937
35011
35911
34938
35012
35912
34939
35013
35913
34940
35014
35914
34941
35015
35915
34942
35016
35916
34943
35017
35917
34944
35018
35918
34945
35019
35919
34946
35020
35920
34947
35021
35921
34948
35022
35922
34949
35023
35923
35024
35924
34951
35025
35925
34952
35026
35926
34953
35027
35927
34954
35028
35928
34955
35029
35929
34956
35030
35930
34957
35031
35931
34958
35032
35932
34959
35033
35933
34960
35034
35934
34961
35035
35935
34962
35036
35936
34963
35037
35937
34964
35038
35938
34965
35039
35939
34966
35040
35940
34967
35041
35941
34968
35042
35942
34969
35043
35943
34970
35044
35944
34971
35045
35945
34972
35046
35946
34973
35047
35947
34974
35048
35948
34975
35049
35949
34976
35050
35950
34977
35051
35951
34978
35052
35952
34979
35053
35953
34980
35054
35954
34981
35055
35955
34982
35056
35956
34983
35057
35957
34984
35058
35958
34985
35059
35959
34986
35060
35960
34987
35061
35961
34988
35062
35962
34989
35063
35963
34990
35064
35964
34991
35065
35965
34992
35066
35966
34993
35067
35967
34994
35068
35968
34995
35069
35969
34996
35070
35970
34997
35071
35971
34998
35072
35972
34999
35073
35973
35000
35074
35974
35001
35075
35975
35002
35076
35976
35003
35077
35977
35004
35078
35978
35005
35079
35979
35006
35080
35980
35007
35081
35981
35008
35082
35982
35009
35083
35983
35010
35084
35984
35011
35085
35985
35012
35086
35986
35013
35087
35987
35014
35088
35988
35015
35089
35989
35016
35090
35990
35017
35091
35991
35018
35092
35992
35019
35093
35993
35020
35094
35994
35021
35095
35995
35022
35096
35996
35023
35097
35997
35024
35098
35998
35099
35999
35026
35100
36000
35027
35101
36001
35028
35102
36002
35029
35103
36003
35030
35104
36004
35031
35105
36005
35032
35106
36006
35033
35107
36007
35034
35108
36008
35035
35109
36009
35036
35110
36010
35037
35111
36011
35038
35112
36012
35039
35113
36013
35040
35114
36014
35041
35115
36015
35042
35116
36016
35043
35117
36017
35044
35118
36018
35045
35119
36019
35046
35120
36020
35047
35121
36021
35048
35122
36022
35049
35123
36023
35050
35124
36024
35051
35125
36025
35052
35126
36026
35053
35127
36027
35054
35128
36028
35055
35129
36029
35056
35130
36030
35057
35131
36031
35058
35132
36032
35059
35133
36033
35060
35134
36034
35061
35135
36035
35062
35136
36036
35063
35137
36037
35064
35138
36038
35065
35139
36039
35066
35140
36040
35067
35141
36041
35068
35142
36042
35069
35143
36043
35070
35144
36044
35071
35145
36045
35072
35146
36046
35073
35147
36047
35074
35148
36048
35075
35149
36049
35076
35150
36050
35077
35151
36051
35078
35152
36052
35079
35153
36053
35080
35154
36054
35081
35155
36055
35082
35156
36056
35083
35157
36057
35084
35158
36058
35085
35159
36059
35086
35160
36060
35087
35161
36061
35088
35162
36062
35089
35163
36063
35090
35164
36064
35091
35165
36065
35092
35166
36066
35093
35167
36067
35094
35168
36068
35095
35169
36069
35096
35170
36070
35097
35171
36071
35098
35172
36072
35099
35173
36073
35174
36074
35101
35175
36075
35102
35176
36076
35103
35177
36077
35104
35178
36078
35105
35179
36079
35106
35180
36080
35107
35181
36081
35108
35182
36082
35109
35183
36083
35110
35184
36084
35111
35185
36085
35112
35186
36086
35113
35187
36087
35114
35188
36088
35115
35189
36089
35116
35190
36090
35117
35191
36091
35118
35192
36092
35119
35193
36093
35120
35194
36094
35121
35195
36095
35122
35196
36096
35123
35197
36097
35124
35198
36098
35125
35199
36099
35126
35200
36100
35127
35201
36101
35128
35202
36102
35129
35203
36103
35130
35204
36104
35131
35205
36105
35132
35206
36106
35133
35207
36107
35134
35208
36108
35135
35209
36109
35136
35210
36110
35137
35211
36111
35138
35212
36112
35139
35213
36113
35140
35214
36114
35141
35215
36115
35142
35216
36116
35143
35217
36117
35144
35218
36118
35145
35219
36119
35146
35220
36120
35147
35221
36121
35148
35222
36122
35149
35223
36123
35150
35224
36124
35151
35225
36125
35152
35226
36126
35153
35227
36127
35154
35228
36128
35155
35229
36129
35156
35230
36130
35157
35231
36131
35158
35232
36132
35159
35233
36133
35160
35234
36134
35161
35235
36135
35162
35236
36136
35163
35237
36137
35164
35238
36138
35165
35239
36139
35166
35240
36140
35167
35241
36141
35168
35242
36142
35169
35243
36143
35170
35244
36144
35171
35245
36145
35172
35246
36146
35173
35247
36147
35174
35248
36148
35249
36149
35176
36150
35177
36151
35178
36152
35179
36153
35180
36154
35181
36155
35182
36156
35183
36157
35184
36158
35185
36159
35186
36160
35187
36161
35188
36162
35189
36163
35190
36164
35191
36165
35192
36166
35193
36167
35194
36168
35195
36169
35196
36170
35197
36171
35198
36172
35199
36173
35200
36174
35201
36175
35202
36176
35203
36177
35204
36178
35205
36179
35206
36180
35207
36181
35208
36182
35209
36183
35210
36184
35211
36185
35212
36186
35213
36187
35214
36188
35215
36189
35216
36190
35217
36191
35218
36192
35219
36193
35220
36194
35221
36195
35222
36196
35223
36197
35224
36198
35225
36199
35226
36200
35227
36201
35228
36202
35229
36203
35230
36204
35231
36205
35232
36206
35233
36207
35234
36208
35235
36209
35236
36210
35237
36211
35238
36212
35239
36213
35240
36214
35241
36215
35242
36216
35243
36217
35244
36218
35245
36219
35246
36220
35247
36221
35248
36222
35249
36223
36224
35251
35325
36225
35252
35326
36226
35253
35327
36227
35254
35328
36228
35255
35329
36229
35256
35330
36230
35257
35331
36231
35258
35332
36232
35259
35333
36233
35260
35334
36234
35261
35335
36235
35262
35336
36236
35263
35337
36237
35264
35338
36238
35265
35339
36239
35266
35340
36240
35267
35341
36241
35268
35342
36242
35269
35343
36243
35270
35344
36244
35271
35345
36245
35272
35346
36246
35273
35347
36247
35274
35348
36248
35275
35349
36249
35276
35350
36250
35277
35351
36251
35278
35352
36252
35279
35353
36253
35280
35354
36254
35281
35355
36255
35282
35356
36256
35283
35357
36257
35284
35358
36258
35285
35359
36259
35286
35360
36260
35287
35361
36261
35288
35362
36262
35289
35363
36263
35290
35364
36264
35291
35365
36265
35292
35366
36266
35293
35367
36267
35294
35368
36268
35295
35369
36269
35296
35370
36270
35297
35371
36271
35298
35372
36272
35299
35373
36273
35300
35374
36274
35301
35375
36275
35302
35376
36276
35303
35377
36277
35304
35378
36278
35305
35379
36279
35306
35380
36280
35307
35381
36281
35308
35382
36282
35309
35383
36283
35310
35384
36284
35311
35385
36285
35312
35386
36286
35313
35387
36287
35314
35388
36288
35315
35389
36289
35316
35390
36290
35317
35391
36291
35318
35392
36292
35319
35393
36293
35320
35394
36294
35321
35395
36295
35322
35396
36296
35323
35397
36297
35324
35398
36298
35399
36299
35326
35400
36300
35327
35401
36301
35328
35402
36302
35329
35403
36303
35330
35404
36304
35331
35405
36305
35332
35406
36306
35333
35407
36307
35334
35408
36308
35335
35409
36309
35336
35410
36310
35337
35411
36311
35338
35412
36312
35339
35413
36313
35340
35414
36314
35341
35415
36315
35342
35416
36316
35343
35417
36317
35344
35418
36318
35345
35419
36319
35346
35420
36320
35347
35421
36321
35348
35422
36322
35349
35423
36323
35350
35424
36324
35351
35425
36325
35352
35426
36326
35353
35427
36327
35354
35428
36328
35355
35429
36329
35356
35430
36330
35357
35431
36331
35358
35432
36332
35359
35433
36333
35360
35434
36334
35361
35435
36335
35362
35436
36336
35363
35437
36337
35364
35438
36338
35365
35439
36339
35366
35440
36340
35367
35441
36341
35368
35442
36342
35369
35443
36343
35370
35444
36344
35371
35445
36345
35372
35446
36346
35373
35447
36347
35374
35448
36348
35375
35449
36349
35376
35450
36350
35377
35451
36351
35378
35452
36352
35379
35453
36353
35380
35454
36354
35381
35455
36355
35382
35456
36356
35383
35457
36357
35384
35458
36358
35385
35459
36359
35386
35460
36360
35387
35461
36361
35388
35462
36362
35389
35463
36363
35390
35464
36364
35391
35465
36365
35392
35466
36366
35393
35467
36367
35394
35468
36368
35395
35469
36369
35396
35470
36370
35397
35471
36371
35398
35472
36372
35399
35473
36373
35474
36374
35401
35475
36375
35402
35476
36376
35403
35477
36377
35404
35478
36378
35405
35479
36379
35406
35480
36380
35407
35481
36381
35408
35482
36382
35409
35483
36383
35410
35484
36384
35411
35485
36385
35412
35486
36386
35413
35487
36387
35414
35488
36388
35415
35489
36389
35416
35490
36390
35417
35491
36391
35418
35492
36392
35419
35493
36393
35420
35494
36394
35421
35495
36395
35422
35496
36396
35423
35497
36397
35424
35498
36398
35425
35499
36399
35426
35500
36400
35427
35501
36401
35428
35502
36402
35429
35503
36403
35430
35504
36404
35431
35505
36405
35432
35506
36406
35433
35507
36407
35434
35508
36408
35435
35509
36409
35436
35510
36410
35437
35511
36411
35438
35512
36412
35439
35513
36413
35440
35514
36414
35441
35515
36415
35442
35516
36416
35443
35517
36417
35444
35518
36418
35445
35519
36419
35446
35520
36420
35447
35521
36421
35448
35522
36422
35449
35523
36423
35450
35524
36424
35451
35525
36425
35452
35526
36426
35453
35527
36427
35454
35528
36428
35455
35529
36429
35456
35530
36430
35457
35531
36431
35458
35532
36432
35459
35533
36433
35460
35534
36434
35461
35535
36435
35462
35536
36436
35463
35537
36437
35464
35538
36438
35465
35539
36439
35466
35540
36440
35467
35541
36441
35468
35542
36442
35469
35543
36443
35470
35544
36444
35471
35545
36445
35472
35546
36446
35473
35547
36447
35474
35548
36448
35549
36449
35476
35550
36450
35477
35551
36451
35478
35552
36452
35479
35553
36453
35480
35554
36454
35481
35555
36455
35482
35556
36456
35483
35557
36457
35484
35558
36458
35485
35559
36459
35486
35560
36460
35487
35561
36461
35488
35562
36462
35489
35563
36463
35490
35564
36464
35491
35565
36465
35492
35566
36466
35493
35567
36467
35494
35568
36468
35495
35569
36469
35496
35570
36470
35497
35571
36471
35498
35572
36472
35499
35573
36473
35500
35574
36474
35501
35575
36475
35502
35576
36476
35503
35577
36477
35504
35578
36478
35505
35579
36479
35506
35580
36480
35507
35581
36481
35508
35582
36482
35509
35583
36483
35510
35584
36484
35511
35585
36485
35512
35586
36486
35513
35587
36487
35514
35588
36488
35515
35589
36489
35516
35590
36490
35517
35591
36491
35518
35592
36492
35519
35593
36493
35520
35594
36494
35521
35595
36495
35522
35596
36496
35523
35597
36497
35524
35598
36498
35525
35599
36499
35526
35600
36500
35527
35601
36501
35528
35602
36502
35529
35603
36503
35530
35604
36504
35531
35605
36505
35532
35606
36506
35533
35607
36507
35534
35608
36508
35535
35609
36509
35536
35610
36510
35537
35611
36511
35538
35612
36512
35539
35613
36513
35540
35614
36514
35541
35615
36515
35542
35616
36516
35543
35617
36517
35544
35618
36518
35545
35619
36519
35546
35620
36520
35547
35621
36521
35548
35622
36522
35549
35623
36523
35624
36524
35551
35625
36525
35552
35626
36526
35553
35627
36527
35554
35628
36528
35555
35629
36529
35556
35630
36530
35557
35631
36531
35558
35632
36532
35559
35633
36533
35560
35634
36534
35561
35635
36535
35562
35636
36536
35563
35637
36537
35564
35638
36538
35565
35639
36539
35566
35640
36540
35567
35641
36541
35568
35642
36542
35569
35643
36543
35570
35644
36544
35571
35645
36545
35572
35646
36546
35573
35647
36547
35574
35648
36548
35575
35649
36549
35576
35650
36550
35577
35651
36551
35578
35652
36552
35579
35653
36553
35580
35654
36554
35581
35655
36555
35582
35656
36556
35583
35657
36557
35584
35658
36558
35585
35659
36559
35586
35660
36560
35587
35661
36561
35588
35662
36562
35589
35663
36563
35590
35664
36564
35591
35665
36565
35592
35666
36566
35593
35667
36567
35594
35668
36568
35595
35669
36569
35596
35670
36570
35597
35671
36571
35598
35672
36572
35599
35673
36573
35600
35674
36574
35601
35675
36575
35602
35676
36576
35603
35677
36577
35604
35678
36578
35605
35679
36579
35606
35680
36580
35607
35681
36581
35608
35682
36582
35609
35683
36583
35610
35684
36584
35611
35685
36585
35612
35686
36586
35613
35687
36587
35614
35688
36588
35615
35689
36589
35616
35690
36590
35617
35691
36591
35618
35692
36592
35619
35693
36593
35620
35694
36594
35621
35695
36595
35622
35696
36596
35623
35697
36597
35624
35698
36598
35699
36599
35626
35700
36600
35627
35701
36601
35628
35702
36602
35629
35703
36603
35630
35704
36604
35631
35705
36605
35632
35706
36606
35633
35707
36607
35634
35708
36608
35635
35709
36609
35636
35710
36610
35637
35711
36611
35638
35712
36612
35639
35713
36613
35640
35714
36614
35641
35715
36615
35642
35716
36616
35643
35717
36617
35644
35718
36618
35645
35719
36619
35646
35720
36620
35647
35721
36621
35648
35722
36622
35649
35723
36623
35650
35724
36624
35651
35725
36625
35652
35726
36626
35653
35727
36627
35654
35728
36628
35655
35729
36629
35656
35730
36630
35657
35731
36631
35658
35732
36632
35659
35733
36633
35660
35734
36634
35661
35735
36635
35662
35736
36636
35663
35737
36637
35664
35738
36638
35665
35739
36639
35666
35740
36640
35667
35741
36641
35668
35742
36642
35669
35743
36643
35670
35744
36644
35671
35745
36645
35672
35746
36646
35673
35747
36647
35674
35748
36648
35675
35749
36649
35676
35750
36650
35677
35751
36651
35678
35752
36652
35679
35753
36653
35680
35754
36654
35681
35755
36655
35682
35756
36656
35683
35757
36657
35684
35758
36658
35685
35759
36659
35686
35760
36660
35687
35761
36661
35688
35762
36662
35689
35763
36663
35690
35764
36664
35691
35765
36665
35692
35766
36666
35693
35767
36667
35694
35768
36668
35695
35769
36669
35696
35770
36670
35697
35771
36671
35698
35772
36672
35699
35773
36673
35774
36674
35701
35775
36675
35702
35776
36676
35703
35777
36677
35704
35778
36678
35705
35779
36679
35706
35780
36680
35707
35781
36681
35708
35782
36682
35709
35783
36683
35710
35784
36684
35711
35785
36685
35712
35786
36686
35713
35787
36687
35714
35788
36688
35715
35789
36689
35716
35790
36690
35717
35791
36691
35718
35792
36692
35719
35793
36693
35720
35794
36694
35721
35795
36695
35722
35796
36696
35723
35797
36697
35724
35798
36698
35725
35799
36699
35726
35800
36700
35727
35801
36701
35728
35802
36702
35729
35803
36703
35730
35804
36704
35731
35805
36705
35732
35806
36706
35733
35807
36707
35734
35808
36708
35735
35809
36709
35736
35810
36710
35737
35811
36711
35738
35812
36712
35739
35813
36713
35740
35814
36714
35741
35815
36715
35742
35816
36716
35743
35817
36717
35744
35818
36718
35745
35819
36719
35746
35820
36720
35747
35821
36721
35748
35822
36722
35749
35823
36723
35750
35824
36724
35751
35825
36725
35752
35826
36726
35753
35827
36727
35754
35828
36728
35755
35829
36729
35756
35830
36730
35757
35831
36731
35758
35832
36732
35759
35833
36733
35760
35834
36734
35761
35835
36735
35762
35836
36736
35763
35837
36737
35764
35838
36738
35765
35839
36739
35766
35840
36740
35767
35841
36741
35768
35842
36742
35769
35843
36743
35770
35844
36744
35771
35845
36745
35772
35846
36746
35773
35847
36747
35774
35848
36748
35849
36749
35776
35850
36750
35777
35851
36751
35778
35852
36752
35779
35853
36753
35780
35854
36754
35781
35855
36755
35782
35856
36756
35783
35857
36757
35784
35858
36758
35785
35859
36759
35786
35860
36760
35787
35861
36761
35788
35862
36762
35789
35863
36763
35790
35864
36764
35791
35865
36765
35792
35866
36766
35793
35867
36767
35794
35868
36768
35795
35869
36769
35796
35870
36770
35797
35871
36771
35798
35872
36772
35799
35873
36773
35800
35874
36774
35801
35875
36775
35802
35876
36776
35803
35877
36777
35804
35878
36778
35805
35879
36779
35806
35880
36780
35807
35881
36781
35808
35882
36782
35809
35883
36783
35810
35884
36784
35811
35885
36785
35812
35886
36786
35813
35887
36787
35814
35888
36788
35815
35889
36789
35816
35890
36790
35817
35891
36791
35818
35892
36792
35819
35893
36793
35820
35894
36794
35821
35895
36795
35822
35896
36796
35823
35897
36797
35824
35898
36798
35825
35899
36799
35826
35900
36800
35827
35901
36801
35828
35902
36802
35829
35903
36803
35830
35904
36804
35831
35905
36805
35832
35906
36806
35833
35907
36807
35834
35908
36808
35835
35909
36809
35836
35910
36810
35837
35911
36811
35838
35912
36812
35839
35913
36813
35840
35914
36814
35841
35915
36815
35842
35916
36816
35843
35917
36817
35844
35918
36818
35845
35919
36819
35846
35920
36820
35847
35921
36821
35848
35922
36822
35849
35923
36823
35924
36824
35851
35925
36825
35852
35926
36826
35853
35927
36827
35854
35928
36828
35855
35929
36829
35856
35930
36830
35857
35931
36831
35858
35932
36832
35859
35933
36833
35860
35934
36834
35861
35935
36835
35862
35936
36836
35863
35937
36837
35864
35938
36838
35865
35939
36839
35866
35940
36840
35867
35941
36841
35868
35942
36842
35869
35943
36843
35870
35944
36844
35871
35945
36845
35872
35946
36846
35873
35947
36847
35874
35948
36848
35875
35949
36849
35876
35950
36850
35877
35951
36851
35878
35952
36852
35879
35953
36853
35880
35954
36854
35881
35955
36855
35882
35956
36856
35883
35957
36857
35884
35958
36858
35885
35959
36859
35886
35960
36860
35887
35961
36861
35888
35962
36862
35889
35963
36863
35890
35964
36864
35891
35965
36865
35892
35966
36866
35893
35967
36867
35894
35968
36868
35895
35969
36869
35896
35970
36870
35897
35971
36871
35898
35972
36872
35899
35973
36873
35900
35974
36874
35901
35975
36875
35902
35976
36876
35903
35977
36877
35904
35978
36878
35905
35979
36879
35906
35980
36880
35907
35981
36881
35908
35982
36882
35909
35983
36883
35910
35984
36884
35911
35985
36885
35912
35986
36886
35913
35987
36887
35914
35988
36888
35915
35989
36889
35916
35990
36890
35917
35991
36891
35918
35992
36892
35919
35993
36893
35920
35994
36894
35921
35995
36895
35922
35996
36896
35923
35997
36897
35924
35998
36898
35999
36899
35926
36000
36900
35927
36001
36901
35928
36002
36902
35929
36003
36903
35930
36004
36904
35931
36005
36905
35932
36006
36906
35933
36007
36907
35934
36008
36908
35935
36009
36909
35936
36010
36910
35937
36011
36911
35938
36012
36912
35939
36013
36913
35940
36014
36914
35941
36015
36915
35942
36016
36916
35943
36017
36917
35944
36018
36918
35945
36019
36919
35946
36020
36920
35947
36021
36921
35948
36022
36922
35949
36023
36923
35950
36024
36924
35951
36025
36925
35952
36026
36926
35953
36027
36927
35954
36028
36928
35955
36029
36929
35956
36030
36930
35957
36031
36931
35958
36032
36932
35959
36033
36933
35960
36034
36934
35961
36035
36935
35962
36036
36936
35963
36037
36937
35964
36038
36938
35965
36039
36939
35966
36040
36940
35967
36041
36941
35968
36042
36942
35969
36043
36943
35970
36044
36944
35971
36045
36945
35972
36046
36946
35973
36047
36947
35974
36048
36948
35975
36049
36949
35976
36050
36950
35977
36051
36951
35978
36052
36952
35979
36053
36953
35980
36054
36954
35981
36055
36955
35982
36056
36956
35983
36057
36957
35984
36058
36958
35985
36059
36959
35986
36060
36960
35987
36061
36961
35988
36062
36962
35989
36063
36963
35990
36064
36964
35991
36065
36965
35992
36066
36966
35993
36067
36967
35994
36068
36968
35995
36069
36969
35996
36070
36970
35997
36071
36971
35998
36072
36972
35999
36073
36973
36074
36974
36001
36075
36975
36002
36076
36976
36003
36077
36977
36004
36078
36978
36005
36079
36979
36006
36080
36980
36007
36081
36981
36008
36082
36982
36009
36083
36983
36010
36084
36984
36011
36085
36985
36012
36086
36986
36013
36087
36987
36014
36088
36988
36015
36089
36989
36016
36090
36990
36017
36091
36991
36018
36092
36992
36019
36093
36993
36020
36094
36994
36021
36095
36995
36022
36096
36996
36023
36097
36997
36024
36098
36998
36025
36099
36999
36026
36100
37000
36027
36101
37001
36028
36102
37002
36029
36103
37003
36030
36104
37004
36031
36105
37005
36032
36106
37006
36033
36107
37007
36034
36108
37008
36035
36109
37009
36036
36110
37010
36037
36111
37011
36038
36112
37012
36039
36113
37013
36040
36114
37014
36041
36115
37015
36042
36116
37016
36043
36117
37017
36044
36118
37018
36045
36119
37019
36046
36120
37020
36047
36121
37021
36048
36122
37022
36049
36123
37023
36050
36124
37024
36051
36125
37025
36052
36126
37026
36053
36127
37027
36054
36128
37028
36055
36129
37029
36056
36130
37030
36057
36131
37031
36058
36132
37032
36059
36133
37033
36060
36134
37034
36061
36135
37035
36062
36136
37036
36063
36137
37037
36064
36138
37038
36065
36139
37039
36066
36140
37040
36067
36141
37041
36068
36142
37042
36069
36143
37043
36070
36144
37044
36071
36145
37045
36072
36146
37046
36073
36147
37047
36074
36148
37048
36149
37049
36076
36150
37050
36077
36151
37051
36078
36152
37052
36079
36153
37053
36080
36154
37054
36081
36155
37055
36082
36156
37056
36083
36157
37057
36084
36158
37058
36085
36159
37059
36086
36160
37060
36087
36161
37061
36088
36162
37062
36089
36163
37063
36090
36164
37064
36091
36165
37065
36092
36166
37066
36093
36167
37067
36094
36168
37068
36095
36169
37069
36096
36170
37070
36097
36171
37071
36098
36172
37072
36099
36173
37073
36100
36174
37074
36101
36175
37075
36102
36176
37076
36103
36177
37077
36104
36178
37078
36105
36179
37079
36106
36180
37080
36107
36181
37081
36108
36182
37082
36109
36183
37083
36110
36184
37084
36111
36185
37085
36112
36186
37086
36113
36187
37087
36114
36188
37088
36115
36189
37089
36116
36190
37090
36117
36191
37091
36118
36192
37092
36119
36193
37093
36120
36194
37094
36121
36195
37095
36122
36196
37096
36123
36197
37097
36124
36198
37098
36125
36199
37099
36126
36200
37100
36127
36201
37101
36128
36202
37102
36129
36203
37103
36130
36204
37104
36131
36205
37105
36132
36206
37106
36133
36207
37107
36134
36208
37108
36135
36209
37109
36136
36210
37110
36137
36211
37111
36138
36212
37112
36139
36213
37113
36140
36214
37114
36141
36215
37115
36142
36216
37116
36143
36217
37117
36144
36218
37118
36145
36219
37119
36146
36220
37120
36147
36221
37121
36148
36222
37122
36149
36223
37123
36224
37124
36151
37125
36152
37126
36153
37127
36154
37128
36155
37129
36156
37130
36157
37131
36158
37132
36159
37133
36160
37134
36161
37135
36162
37136
36163
37137
36164
37138
36165
37139
36166
37140
36167
37141
36168
37142
36169
37143
36170
37144
36171
37145
36172
37146
36173
37147
36174
37148
36175
37149
36176
37150
36177
37151
36178
37152
36179
37153
36180
37154
36181
37155
36182
37156
36183
37157
36184
37158
36185
37159
36186
37160
36187
37161
36188
37162
36189
37163
36190
37164
36191
37165
36192
37166
36193
37167
36194
37168
36195
37169
36196
37170
36197
37171
36198
37172
36199
37173
36200
37174
36201
37175
36202
37176
36203
37177
36204
37178
36205
37179
36206
37180
36207
37181
36208
37182
36209
37183
36210
37184
36211
37185
36212
37186
36213
37187
36214
37188
36215
37189
36216
37190
36217
37191
36218
37192
36219
37193
36220
37194
36221
37195
36222
37196
36223
37197
36224
37198
37199
36226
36300
37200
36227
36301
37201
36228
36302
37202
36229
36303
37203
36230
36304
37204
36231
36305
37205
36232
36306
37206
36233
36307
37207
36234
36308
37208
36235
36309
37209
36236
36310
37210
36237
36311
37211
36238
36312
37212
36239
36313
37213
36240
36314
37214
36241
36315
37215
36242
36316
37216
36243
36317
37217
36244
36318
37218
36245
36319
37219
36246
36320
37220
36247
36321
37221
36248
36322
37222
36249
36323
37223
36250
36324
37224
36251
36325
37225
36252
36326
37226
36253
36327
37227
36254
36328
37228
36255
36329
37229
36256
36330
37230
36257
36331
37231
36258
36332
37232
36259
36333
37233
36260
36334
37234
36261
36335
37235
36262
36336
37236
36263
36337
37237
36264
36338
37238
36265
36339
37239
36266
36340
37240
36267
36341
37241
36268
36342
37242
36269
36343
37243
36270
36344
37244
36271
36345
37245
36272
36346
37246
36273
36347
37247
36274
36348
37248
36275
36349
37249
36276
36350
37250
36277
36351
37251
36278
36352
37252
36279
36353
37253
36280
36354
37254
36281
36355
37255
36282
36356
37256
36283
36357
37257
36284
36358
37258
36285
36359
37259
36286
36360
37260
36287
36361
37261
36288
36362
37262
36289
36363
37263
36290
36364
37264
36291
36365
37265
36292
36366
37266
36293
36367
37267
36294
36368
37268
36295
36369
37269
36296
36370
37270
36297
36371
37271
36298
36372
37272
36299
36373
37273
36374
37274
36301
36375
37275
36302
36376
37276
36303
36377
37277
36304
36378
37278
36305
36379
37279
36306
36380
37280
36307
36381
37281
36308
36382
37282
36309
36383
37283
36310
36384
37284
36311
36385
37285
36312
36386
37286
36313
36387
37287
36314
36388
37288
36315
36389
37289
36316
36390
37290
36317
36391
37291
36318
36392
37292
36319
36393
37293
36320
36394
37294
36321
36395
37295
36322
36396
37296
36323
36397
37297
36324
36398
37298
36325
36399
37299
36326
36400
37300
36327
36401
37301
36328
36402
37302
36329
36403
37303
36330
36404
37304
36331
36405
37305
36332
36406
37306
36333
36407
37307
36334
36408
37308
36335
36409
37309
36336
36410
37310
36337
36411
37311
36338
36412
37312
36339
36413
37313
36340
36414
37314
36341
36415
37315
36342
36416
37316
36343
36417
37317
36344
36418
37318
36345
36419
37319
36346
36420
37320
36347
36421
37321
36348
36422
37322
36349
36423
37323
36350
36424
37324
36351
36425
37325
36352
36426
37326
36353
36427
37327
36354
36428
37328
36355
36429
37329
36356
36430
37330
36357
36431
37331
36358
36432
37332
36359
36433
37333
36360
36434
37334
36361
36435
37335
36362
36436
37336
36363
36437
37337
36364
36438
37338
36365
36439
37339
36366
36440
37340
36367
36441
37341
36368
36442
37342
36369
36443
37343
36370
36444
37344
36371
36445
37345
36372
36446
37346
36373
36447
37347
36374
36448
37348
36449
37349
36376
36450
37350
36377
36451
37351
36378
36452
37352
36379
36453
37353
36380
36454
37354
36381
36455
37355
36382
36456
37356
36383
36457
37357
36384
36458
37358
36385
36459
37359
36386
36460
37360
36387
36461
37361
36388
36462
37362
36389
36463
37363
36390
36464
37364
36391
36465
37365
36392
36466
37366
36393
36467
37367
36394
36468
37368
36395
36469
37369
36396
36470
37370
36397
36471
37371
36398
36472
37372
36399
36473
37373
36400
36474
37374
36401
36475
37375
36402
36476
37376
36403
36477
37377
36404
36478
37378
36405
36479
37379
36406
36480
37380
36407
36481
37381
36408
36482
37382
36409
36483
37383
36410
36484
37384
36411
36485
37385
36412
36486
37386
36413
36487
37387
36414
36488
37388
36415
36489
37389
36416
36490
37390
36417
36491
37391
36418
36492
37392
36419
36493
37393
36420
36494
37394
36421
36495
37395
36422
36496
37396
36423
36497
37397
36424
36498
37398
36425
36499
37399
36426
36500
37400
36427
36501
37401
36428
36502
37402
36429
36503
37403
36430
36504
37404
36431
36505
37405
36432
36506
37406
36433
36507
37407
36434
36508
37408
36435
36509
37409
36436
36510
37410
36437
36511
37411
36438
36512
37412
36439
36513
37413
36440
36514
37414
36441
36515
37415
36442
36516
37416
36443
36517
37417
36444
36518
37418
36445
36519
37419
36446
36520
37420
36447
36521
37421
36448
36522
37422
36449
36523
37423
36524
37424
36451
36525
37425
36452
36526
37426
36453
36527
37427
36454
36528
37428
36455
36529
37429
36456
36530
37430
36457
36531
37431
36458
36532
37432
36459
36533
37433
36460
36534
37434
36461
36535
37435
36462
36536
37436
36463
36537
37437
36464
36538
37438
36465
36539
37439
36466
36540
37440
36467
36541
37441
36468
36542
37442
36469
36543
37443
36470
36544
37444
36471
36545
37445
36472
36546
37446
36473
36547
37447
36474
36548
37448
36475
36549
37449
36476
36550
37450
36477
36551
37451
36478
36552
37452
36479
36553
37453
36480
36554
37454
36481
36555
37455
36482
36556
37456
36483
36557
37457
36484
36558
37458
36485
36559
37459
36486
36560
37460
36487
36561
37461
36488
36562
37462
36489
36563
37463
36490
36564
37464
36491
36565
37465
36492
36566
37466
36493
36567
37467
36494
36568
37468
36495
36569
37469
36496
36570
37470
36497
36571
37471
36498
36572
37472
36499
36573
37473
36500
36574
37474
36501
36575
37475
36502
36576
37476
36503
36577
37477
36504
36578
37478
36505
36579
37479
36506
36580
37480
36507
36581
37481
36508
36582
37482
36509
36583
37483
36510
36584
37484
36511
36585
37485
36512
36586
37486
36513
36587
37487
36514
36588
37488
36515
36589
37489
36516
36590
37490
36517
36591
37491
36518
36592
37492
36519
36593
37493
36520
36594
37494
36521
36595
37495
36522
36596
37496
36523
36597
37497
36524
36598
37498
36599
37499
36526
36600
37500
36527
36601
37501
36528
36602
37502
36529
36603
37503
36530
36604
37504
36531
36605
37505
36532
36606
37506
36533
36607
37507
36534
36608
37508
36535
36609
37509
36536
36610
37510
36537
36611
37511
36538
36612
37512
36539
36613
37513
36540
36614
37514
36541
36615
37515
36542
36616
37516
36543
36617
37517
36544
36618
37518
36545
36619
37519
36546
36620
37520
36547
36621
37521
36548
36622
37522
36549
36623
37523
36550
36624
37524
36551
36625
37525
36552
36626
37526
36553
36627
37527
36554
36628
37528
36555
36629
37529
36556
36630
37530
36557
36631
37531
36558
36632
37532
36559
36633
37533
36560
36634
37534
36561
36635
37535
36562
36636
37536
36563
36637
37537
36564
36638
37538
36565
36639
37539
36566
36640
37540
36567
36641
37541
36568
36642
37542
36569
36643
37543
36570
36644
37544
36571
36645
37545
36572
36646
37546
36573
36647
37547
36574
36648
37548
36575
36649
37549
36576
36650
37550
36577
36651
37551
36578
36652
37552
36579
36653
37553
36580
36654
37554
36581
36655
37555
36582
36656
37556
36583
36657
37557
36584
36658
37558
36585
36659
37559
36586
36660
37560
36587
36661
37561
36588
36662
37562
36589
36663
37563
36590
36664
37564
36591
36665
37565
36592
36666
37566
36593
36667
37567
36594
36668
37568
36595
36669
37569
36596
36670
37570
36597
36671
37571
36598
36672
37572
36599
36673
37573
36674
37574
36601
36675
37575
36602
36676
37576
36603
36677
37577
36604
36678
37578
36605
36679
37579
36606
36680
37580
36607
36681
37581
36608
36682
37582
36609
36683
37583
36610
36684
37584
36611
36685
37585
36612
36686
37586
36613
36687
37587
36614
36688
37588
36615
36689
37589
36616
36690
37590
36617
36691
37591
36618
36692
37592
36619
36693
37593
36620
36694
37594
36621
36695
37595
36622
36696
37596
36623
36697
37597
36624
36698
37598
36625
36699
37599
36626
36700
37600
36627
36701
37601
36628
36702
37602
36629
36703
37603
36630
36704
37604
36631
36705
37605
36632
36706
37606
36633
36707
37607
36634
36708
37608
36635
36709
37609
36636
36710
37610
36637
36711
37611
36638
36712
37612
36639
36713
37613
36640
36714
37614
36641
36715
37615
36642
36716
37616
36643
36717
37617
36644
36718
37618
36645
36719
37619
36646
36720
37620
36647
36721
37621
36648
36722
37622
36649
36723
37623
36650
36724
37624
36651
36725
37625
36652
36726
37626
36653
36727
37627
36654
36728
37628
36655
36729
37629
36656
36730
37630
36657
36731
37631
36658
36732
37632
36659
36733
37633
36660
36734
37634
36661
36735
37635
36662
36736
37636
36663
36737
37637
36664
36738
37638
36665
36739
37639
36666
36740
37640
36667
36741
37641
36668
36742
37642
36669
36743
37643
36670
36744
37644
36671
36745
37645
36672
36746
37646
36673
36747
37647
36674
36748
37648
36749
37649
36676
36750
37650
36677
36751
37651
36678
36752
37652
36679
36753
37653
36680
36754
37654
36681
36755
37655
36682
36756
37656
36683
36757
37657
36684
36758
37658
36685
36759
37659
36686
36760
37660
36687
36761
37661
36688
36762
37662
36689
36763
37663
36690
36764
37664
36691
36765
37665
36692
36766
37666
36693
36767
37667
36694
36768
37668
36695
36769
37669
36696
36770
37670
36697
36771
37671
36698
36772
37672
36699
36773
37673
36700
36774
37674
36701
36775
37675
36702
36776
37676
36703
36777
37677
36704
36778
37678
36705
36779
37679
36706
36780
37680
36707
36781
37681
36708
36782
37682
36709
36783
37683
36710
36784
37684
36711
36785
37685
36712
36786
37686
36713
36787
37687
36714
36788
37688
36715
36789
37689
36716
36790
37690
36717
36791
37691
36718
36792
37692
36719
36793
37693
36720
36794
37694
36721
36795
37695
36722
36796
37696
36723
36797
37697
36724
36798
37698
36725
36799
37699
36726
36800
37700
36727
36801
37701
36728
36802
37702
36729
36803
37703
36730
36804
37704
36731
36805
37705
36732
36806
37706
36733
36807
37707
36734
36808
37708
36735
36809
37709
36736
36810
37710
36737
36811
37711
36738
36812
37712
36739
36813
37713
36740
36814
37714
36741
36815
37715
36742
36816
37716
36743
36817
37717
36744
36818
37718
36745
36819
37719
36746
36820
37720
36747
36821
37721
36748
36822
37722
36749
36823
37723
36824
37724
36751
36825
37725
36752
36826
37726
36753
36827
37727
36754
36828
37728
36755
36829
37729
36756
36830
37730
36757
36831
37731
36758
36832
37732
36759
36833
37733
36760
36834
37734
36761
36835
37735
36762
36836
37736
36763
36837
37737
36764
36838
37738
36765
36839
37739
36766
36840
37740
36767
36841
37741
36768
36842
37742
36769
36843
37743
36770
36844
37744
36771
36845
37745
36772
36846
37746
36773
36847
37747
36774
36848
37748
36775
36849
37749
36776
36850
37750
36777
36851
37751
36778
36852
37752
36779
36853
37753
36780
36854
37754
36781
36855
37755
36782
36856
37756
36783
36857
37757
36784
36858
37758
36785
36859
37759
36786
36860
37760
36787
36861
37761
36788
36862
37762
36789
36863
37763
36790
36864
37764
36791
36865
37765
36792
36866
37766
36793
36867
37767
36794
36868
37768
36795
36869
37769
36796
36870
37770
36797
36871
37771
36798
36872
37772
36799
36873
37773
36800
36874
37774
36801
36875
37775
36802
36876
37776
36803
36877
37777
36804
36878
37778
36805
36879
37779
36806
36880
37780
36807
36881
37781
36808
36882
37782
36809
36883
37783
36810
36884
37784
36811
36885
37785
36812
36886
37786
36813
36887
37787
36814
36888
37788
36815
36889
37789
36816
36890
37790
36817
36891
37791
36818
36892
37792
36819
36893
37793
36820
36894
37794
36821
36895
37795
36822
36896
37796
36823
36897
37797
36824
36898
37798
36899
37799
36826
36900
37800
36827
36901
37801
36828
36902
37802
36829
36903
37803
36830
36904
37804
36831
36905
37805
36832
36906
37806
36833
36907
37807
36834
36908
37808
36835
36909
37809
36836
36910
37810
36837
36911
37811
36838
36912
37812
36839
36913
37813
36840
36914
37814
36841
36915
37815
36842
36916
37816
36843
36917
37817
36844
36918
37818
36845
36919
37819
36846
36920
37820
36847
36921
37821
36848
36922
37822
36849
36923
37823
36850
36924
37824
36851
36925
37825
36852
36926
37826
36853
36927
37827
36854
36928
37828
36855
36929
37829
36856
36930
37830
36857
36931
37831
36858
36932
37832
36859
36933
37833
36860
36934
37834
36861
36935
37835
36862
36936
37836
36863
36937
37837
36864
36938
37838
36865
36939
37839
36866
36940
37840
36867
36941
37841
36868
36942
37842
36869
36943
37843
36870
36944
37844
36871
36945
37845
36872
36946
37846
36873
36947
37847
36874
36948
37848
36875
36949
37849
36876
36950
37850
36877
36951
37851
36878
36952
37852
36879
36953
37853
36880
36954
37854
36881
36955
37855
36882
36956
37856
36883
36957
37857
36884
36958
37858
36885
36959
37859
36886
36960
37860
36887
36961
37861
36888
36962
37862
36889
36963
37863
36890
36964
37864
36891
36965
37865
36892
36966
37866
36893
36967
37867
36894
36968
37868
36895
36969
37869
36896
36970
37870
36897
36971
37871
36898
36972
37872
36899
36973
37873
36974
37874
36901
36975
37875
36902
36976
37876
36903
36977
37877
36904
36978
37878
36905
36979
37879
36906
36980
37880
36907
36981
37881
36908
36982
37882
36909
36983
37883
36910
36984
37884
36911
36985
37885
36912
36986
37886
36913
36987
37887
36914
36988
37888
36915
36989
37889
36916
36990
37890
36917
36991
37891
36918
36992
37892
36919
36993
37893
36920
36994
37894
36921
36995
37895
36922
36996
37896
36923
36997
37897
36924
36998
37898
36925
36999
37899
36926
37000
37900
36927
37001
37901
36928
37002
37902
36929
37003
37903
36930
37004
37904
36931
37005
37905
36932
37006
37906
36933
37007
37907
36934
37008
37908
36935
37009
37909
36936
37010
37910
36937
37011
37911
36938
37012
37912
36939
37013
37913
36940
37014
37914
36941
37015
37915
36942
37016
37916
36943
37017
37917
36944
37018
37918
36945
37019
37919
36946
37020
37920
36947
37021
37921
36948
37022
37922
36949
37023
37923
36950
37024
37924
36951
37025
37925
36952
37026
37926
36953
37027
37927
36954
37028
37928
36955
37029
37929
36956
37030
37930
36957
37031
37931
36958
37032
37932
36959
37033
37933
36960
37034
37934
36961
37035
37935
36962
37036
37936
36963
37037
37937
36964
37038
37938
36965
37039
37939
36966
37040
37940
36967
37041
37941
36968
37042
37942
36969
37043
37943
36970
37044
37944
36971
37045
37945
36972
37046
37946
36973
37047
37947
36974
37048
37948
37049
37949
36976
37050
37950
36977
37051
37951
36978
37052
37952
36979
37053
37953
36980
37054
37954
36981
37055
37955
36982
37056
37956
36983
37057
37957
36984
37058
37958
36985
37059
37959
36986
37060
37960
36987
37061
37961
36988
37062
37962
36989
37063
37963
36990
37064
37964
36991
37065
37965
36992
37066
37966
36993
37067
37967
36994
37068
37968
36995
37069
37969
36996
37070
37970
36997
37071
37971
36998
37072
37972
36999
37073
37973
37000
37074
37974
37001
37075
37975
37002
37076
37976
37003
37077
37977
37004
37078
37978
37005
37079
37979
37006
37080
37980
37007
37081
37981
37008
37082
37982
37009
37083
37983
37010
37084
37984
37011
37085
37985
37012
37086
37986
37013
37087
37987
37014
37088
37988
37015
37089
37989
37016
37090
37990
37017
37091
37991
37018
37092
37992
37019
37093
37993
37020
37094
37994
37021
37095
37995
37022
37096
37996
37023
37097
37997
37024
37098
37998
37025
37099
37999
37026
37100
38000
37027
37101
38001
37028
37102
38002
37029
37103
38003
37030
37104
38004
37031
37105
38005
37032
37106
38006
37033
37107
38007
37034
37108
38008
37035
37109
38009
37036
37110
38010
37037
37111
38011
37038
37112
38012
37039
37113
38013
37040
37114
38014
37041
37115
38015
37042
37116
38016
37043
37117
38017
37044
37118
38018
37045
37119
38019
37046
37120
38020
37047
37121
38021
37048
37122
38022
37049
37123
38023
37124
38024
37051
37125
38025
37052
37126
38026
37053
37127
38027
37054
37128
38028
37055
37129
38029
37056
37130
38030
37057
37131
38031
37058
37132
38032
37059
37133
38033
37060
37134
38034
37061
37135
38035
37062
37136
38036
37063
37137
38037
37064
37138
38038
37065
37139
38039
37066
37140
38040
37067
37141
38041
37068
37142
38042
37069
37143
38043
37070
37144
38044
37071
37145
38045
37072
37146
38046
37073
37147
38047
37074
37148
38048
37075
37149
38049
37076
37150
38050
37077
37151
38051
37078
37152
38052
37079
37153
38053
37080
37154
38054
37081
37155
38055
37082
37156
38056
37083
37157
38057
37084
37158
38058
37085
37159
38059
37086
37160
38060
37087
37161
38061
37088
37162
38062
37089
37163
38063
37090
37164
38064
37091
37165
38065
37092
37166
38066
37093
37167
38067
37094
37168
38068
37095
37169
38069
37096
37170
38070
37097
37171
38071
37098
37172
38072
37099
37173
38073
37100
37174
38074
37101
37175
38075
37102
37176
38076
37103
37177
38077
37104
37178
38078
37105
37179
38079
37106
37180
38080
37107
37181
38081
37108
37182
38082
37109
37183
38083
37110
37184
38084
37111
37185
38085
37112
37186
38086
37113
37187
38087
37114
37188
38088
37115
37189
38089
37116
37190
38090
37117
37191
38091
37118
37192
38092
37119
37193
38093
37120
37194
38094
37121
37195
38095
37122
37196
38096
37123
37197
38097
37124
37198
38098
37199
38099
37126
38100
37127
38101
37128
38102
37129
38103
37130
38104
37131
38105
37132
38106
37133
38107
37134
38108
37135
38109
37136
38110
37137
38111
37138
38112
37139
38113
37140
38114
37141
38115
37142
38116
37143
38117
37144
38118
37145
38119
37146
38120
37147
38121
37148
38122
37149
38123
37150
38124
37151
38125
37152
38126
37153
38127
37154
38128
37155
38129
37156
38130
37157
38131
37158
38132
37159
38133
37160
38134
37161
38135
37162
38136
37163
38137
37164
38138
37165
38139
37166
38140
37167
38141
37168
38142
37169
38143
37170
38144
37171
38145
37172
38146
37173
38147
37174
38148
37175
38149
37176
38150
37177
38151
37178
38152
37179
38153
37180
38154
37181
38155
37182
38156
37183
38157
37184
38158
37185
38159
37186
38160
37187
38161
37188
38162
37189
38163
37190
38164
37191
38165
37192
38166
37193
38167
37194
38168
37195
38169
37196
38170
37197
38171
37198
38172
37199
38173
38174
37201
37275
38175
37202
37276
38176
37203
37277
38177
37204
37278
38178
37205
37279
38179
37206
37280
38180
37207
37281
38181
37208
37282
38182
37209
37283
38183
37210
37284
38184
37211
37285
38185
37212
37286
38186
37213
37287
38187
37214
37288
38188
37215
37289
38189
37216
37290
38190
37217
37291
38191
37218
37292
38192
37219
37293
38193
37220
37294
38194
37221
37295
38195
37222
37296
38196
37223
37297
38197
37224
37298
38198
37225
37299
38199
37226
37300
38200
37227
37301
38201
37228
37302
38202
37229
37303
38203
37230
37304
38204
37231
37305
38205
37232
37306
38206
37233
37307
38207
37234
37308
38208
37235
37309
38209
37236
37310
38210
37237
37311
38211
37238
37312
38212
37239
37313
38213
37240
37314
38214
37241
37315
38215
37242
37316
38216
37243
37317
38217
37244
37318
38218
37245
37319
38219
37246
37320
38220
37247
37321
38221
37248
37322
38222
37249
37323
38223
37250
37324
38224
37251
37325
38225
37252
37326
38226
37253
37327
38227
37254
37328
38228
37255
37329
38229
37256
37330
38230
37257
37331
38231
37258
37332
38232
37259
37333
38233
37260
37334
38234
37261
37335
38235
37262
37336
38236
37263
37337
38237
37264
37338
38238
37265
37339
38239
37266
37340
38240
37267
37341
38241
37268
37342
38242
37269
37343
38243
37270
37344
38244
37271
37345
38245
37272
37346
38246
37273
37347
38247
37274
37348
38248
37349
38249
37276
37350
38250
37277
37351
38251
37278
37352
38252
37279
37353
38253
37280
37354
38254
37281
37355
38255
37282
37356
38256
37283
37357
38257
37284
37358
38258
37285
37359
38259
37286
37360
38260
37287
37361
38261
37288
37362
38262
37289
37363
38263
37290
37364
38264
37291
37365
38265
37292
37366
38266
37293
37367
38267
37294
37368
38268
37295
37369
38269
37296
37370
38270
37297
37371
38271
37298
37372
38272
37299
37373
38273
37300
37374
38274
37301
37375
38275
37302
37376
38276
37303
37377
38277
37304
37378
38278
37305
37379
38279
37306
37380
38280
37307
37381
38281
37308
37382
38282
37309
37383
38283
37310
37384
38284
37311
37385
38285
37312
37386
38286
37313
37387
38287
37314
37388
38288
37315
37389
38289
37316
37390
38290
37317
37391
38291
37318
37392
38292
37319
37393
38293
37320
37394
38294
37321
37395
38295
37322
37396
38296
37323
37397
38297
37324
37398
38298
37325
37399
38299
37326
37400
38300
37327
37401
38301
37328
37402
38302
37329
37403
38303
37330
37404
38304
37331
37405
38305
37332
37406
38306
37333
37407
38307
37334
37408
38308
37335
37409
38309
37336
37410
38310
37337
37411
38311
37338
37412
38312
37339
37413
38313
37340
37414
38314
37341
37415
38315
37342
37416
38316
37343
37417
38317
37344
37418
38318
37345
37419
38319
37346
37420
38320
37347
37421
38321
37348
37422
38322
37349
37423
38323
37424
38324
37351
37425
38325
37352
37426
38326
37353
37427
38327
37354
37428
38328
37355
37429
38329
37356
37430
38330
37357
37431
38331
37358
37432
38332
37359
37433
38333
37360
37434
38334
37361
37435
38335
37362
37436
38336
37363
37437
38337
37364
37438
38338
37365
37439
38339
37366
37440
38340
37367
37441
38341
37368
37442
38342
37369
37443
38343
37370
37444
38344
37371
37445
38345
37372
37446
38346
37373
37447
38347
37374
37448
38348
37375
37449
38349
37376
37450
38350
37377
37451
38351
37378
37452
38352
37379
37453
38353
37380
37454
38354
37381
37455
38355
37382
37456
38356
37383
37457
38357
37384
37458
38358
37385
37459
38359
37386
37460
38360
37387
37461
38361
37388
37462
38362
37389
37463
38363
37390
37464
38364
37391
37465
38365
37392
37466
38366
37393
37467
38367
37394
37468
38368
37395
37469
38369
37396
37470
38370
37397
37471
38371
37398
37472
38372
37399
37473
38373
37400
37474
38374
37401
37475
38375
37402
37476
38376
37403
37477
38377
37404
37478
38378
37405
37479
38379
37406
37480
38380
37407
37481
38381
37408
37482
38382
37409
37483
38383
37410
37484
38384
37411
37485
38385
37412
37486
38386
37413
37487
38387
37414
37488
38388
37415
37489
38389
37416
37490
38390
37417
37491
38391
37418
37492
38392
37419
37493
38393
37420
37494
38394
37421
37495
38395
37422
37496
38396
37423
37497
38397
37424
37498
38398
37499
38399
37426
37500
38400
37427
37501
38401
37428
37502
38402
37429
37503
38403
37430
37504
38404
37431
37505
38405
37432
37506
38406
37433
37507
38407
37434
37508
38408
37435
37509
38409
37436
37510
38410
37437
37511
38411
37438
37512
38412
37439
37513
38413
37440
37514
38414
37441
37515
38415
37442
37516
38416
37443
37517
38417
37444
37518
38418
37445
37519
38419
37446
37520
38420
37447
37521
38421
37448
37522
38422
37449
37523
38423
37450
37524
38424
37451
37525
38425
37452
37526
38426
37453
37527
38427
37454
37528
38428
37455
37529
38429
37456
37530
38430
37457
37531
38431
37458
37532
38432
37459
37533
38433
37460
37534
38434
37461
37535
38435
37462
37536
38436
37463
37537
38437
37464
37538
38438
37465
37539
38439
37466
37540
38440
37467
37541
38441
37468
37542
38442
37469
37543
38443
37470
37544
38444
37471
37545
38445
37472
37546
38446
37473
37547
38447
37474
37548
38448
37475
37549
38449
37476
37550
38450
37477
37551
38451
37478
37552
38452
37479
37553
38453
37480
37554
38454
37481
37555
38455
37482
37556
38456
37483
37557
38457
37484
37558
38458
37485
37559
38459
37486
37560
38460
37487
37561
38461
37488
37562
38462
37489
37563
38463
37490
37564
38464
37491
37565
38465
37492
37566
38466
37493
37567
38467
37494
37568
38468
37495
37569
38469
37496
37570
38470
37497
37571
38471
37498
37572
38472
37499
37573
38473
37574
38474
37501
37575
38475
37502
37576
38476
37503
37577
38477
37504
37578
38478
37505
37579
38479
37506
37580
38480
37507
37581
38481
37508
37582
38482
37509
37583
38483
37510
37584
38484
37511
37585
38485
37512
37586
38486
37513
37587
38487
37514
37588
38488
37515
37589
38489
37516
37590
38490
37517
37591
38491
37518
37592
38492
37519
37593
38493
37520
37594
38494
37521
37595
38495
37522
37596
38496
37523
37597
38497
37524
37598
38498
37525
37599
38499
37526
37600
38500
37527
37601
38501
37528
37602
38502
37529
37603
38503
37530
37604
38504
37531
37605
38505
37532
37606
38506
37533
37607
38507
37534
37608
38508
37535
37609
38509
37536
37610
38510
37537
37611
38511
37538
37612
38512
37539
37613
38513
37540
37614
38514
37541
37615
38515
37542
37616
38516
37543
37617
38517
37544
37618
38518
37545
37619
38519
37546
37620
38520
37547
37621
38521
37548
37622
38522
37549
37623
38523
37550
37624
38524
37551
37625
38525
37552
37626
38526
37553
37627
38527
37554
37628
38528
37555
37629
38529
37556
37630
38530
37557
37631
38531
37558
37632
38532
37559
37633
38533
37560
37634
38534
37561
37635
38535
37562
37636
38536
37563
37637
38537
37564
37638
38538
37565
37639
38539
37566
37640
38540
37567
37641
38541
37568
37642
38542
37569
37643
38543
37570
37644
38544
37571
37645
38545
37572
37646
38546
37573
37647
38547
37574
37648
38548
37649
38549
37576
37650
38550
37577
37651
38551
37578
37652
38552
37579
37653
38553
37580
37654
38554
37581
37655
38555
37582
37656
38556
37583
37657
38557
37584
37658
38558
37585
37659
38559
37586
37660
38560
37587
37661
38561
37588
37662
38562
37589
37663
38563
37590
37664
38564
37591
37665
38565
37592
37666
38566
37593
37667
38567
37594
37668
38568
37595
37669
38569
37596
37670
38570
37597
37671
38571
37598
37672
38572
37599
37673
38573
37600
37674
38574
37601
37675
38575
37602
37676
38576
37603
37677
38577
37604
37678
38578
37605
37679
38579
37606
37680
38580
37607
37681
38581
37608
37682
38582
37609
37683
38583
37610
37684
38584
37611
37685
38585
37612
37686
38586
37613
37687
38587
37614
37688
38588
37615
37689
38589
37616
37690
38590
37617
37691
38591
37618
37692
38592
37619
37693
38593
37620
37694
38594
37621
37695
38595
37622
37696
38596
37623
37697
38597
37624
37698
38598
37625
37699
38599
37626
37700
38600
37627
37701
38601
37628
37702
38602
37629
37703
38603
37630
37704
38604
37631
37705
38605
37632
37706
38606
37633
37707
38607
37634
37708
38608
37635
37709
38609
37636
37710
38610
37637
37711
38611
37638
37712
38612
37639
37713
38613
37640
37714
38614
37641
37715
38615
37642
37716
38616
37643
37717
38617
37644
37718
38618
37645
37719
38619
37646
37720
38620
37647
37721
38621
37648
37722
38622
37649
37723
38623
37724
38624
37651
37725
38625
37652
37726
38626
37653
37727
38627
37654
37728
38628
37655
37729
38629
37656
37730
38630
37657
37731
38631
37658
37732
38632
37659
37733
38633
37660
37734
38634
37661
37735
38635
37662
37736
38636
37663
37737
38637
37664
37738
38638
37665
37739
38639
37666
37740
38640
37667
37741
38641
37668
37742
38642
37669
37743
38643
37670
37744
38644
37671
37745
38645
37672
37746
38646
37673
37747
38647
37674
37748
38648
37675
37749
38649
37676
37750
38650
37677
37751
38651
37678
37752
38652
37679
37753
38653
37680
37754
38654
37681
37755
38655
37682
37756
38656
37683
37757
38657
37684
37758
38658
37685
37759
38659
37686
37760
38660
37687
37761
38661
37688
37762
38662
37689
37763
38663
37690
37764
38664
37691
37765
38665
37692
37766
38666
37693
37767
38667
37694
37768
38668
37695
37769
38669
37696
37770
38670
37697
37771
38671
37698
37772
38672
37699
37773
38673
37700
37774
38674
37701
37775
38675
37702
37776
38676
37703
37777
38677
37704
37778
38678
37705
37779
38679
37706
37780
38680
37707
37781
38681
37708
37782
38682
37709
37783
38683
37710
37784
38684
37711
37785
38685
37712
37786
38686
37713
37787
38687
37714
37788
38688
37715
37789
38689
37716
37790
38690
37717
37791
38691
37718
37792
38692
37719
37793
38693
37720
37794
38694
37721
37795
38695
37722
37796
38696
37723
37797
38697
37724
37798
38698
37799
38699
37726
37800
38700
37727
37801
38701
37728
37802
38702
37729
37803
38703
37730
37804
38704
37731
37805
38705
37732
37806
38706
37733
37807
38707
37734
37808
38708
37735
37809
38709
37736
37810
38710
37737
37811
38711
37738
37812
38712
37739
37813
38713
37740
37814
38714
37741
37815
38715
37742
37816
38716
37743
37817
38717
37744
37818
38718
37745
37819
38719
37746
37820
38720
37747
37821
38721
37748
37822
38722
37749
37823
38723
37750
37824
38724
37751
37825
38725
37752
37826
38726
37753
37827
38727
37754
37828
38728
37755
37829
38729
37756
37830
38730
37757
37831
38731
37758
37832
38732
37759
37833
38733
37760
37834
38734
37761
37835
38735
37762
37836
38736
37763
37837
38737
37764
37838
38738
37765
37839
38739
37766
37840
38740
37767
37841
38741
37768
37842
38742
37769
37843
38743
37770
37844
38744
37771
37845
38745
37772
37846
38746
37773
37847
38747
37774
37848
38748
37775
37849
38749
37776
37850
38750
37777
37851
38751
37778
37852
38752
37779
37853
38753
37780
37854
38754
37781
37855
38755
37782
37856
38756
37783
37857
38757
37784
37858
38758
37785
37859
38759
37786
37860
38760
37787
37861
38761
37788
37862
38762
37789
37863
38763
37790
37864
38764
37791
37865
38765
37792
37866
38766
37793
37867
38767
37794
37868
38768
37795
37869
38769
37796
37870
38770
37797
37871
38771
37798
37872
38772
37799
37873
38773
37874
38774
37801
37875
38775
37802
37876
38776
37803
37877
38777
37804
37878
38778
37805
37879
38779
37806
37880
38780
37807
37881
38781
37808
37882
38782
37809
37883
38783
37810
37884
38784
37811
37885
38785
37812
37886
38786
37813
37887
38787
37814
37888
38788
37815
37889
38789
37816
37890
38790
37817
37891
38791
37818
37892
38792
37819
37893
38793
37820
37894
38794
37821
37895
38795
37822
37896
38796
37823
37897
38797
37824
37898
38798
37825
37899
38799
37826
37900
38800
37827
37901
38801
37828
37902
38802
37829
37903
38803
37830
37904
38804
37831
37905
38805
37832
37906
38806
37833
37907
38807
37834
37908
38808
37835
37909
38809
37836
37910
38810
37837
37911
38811
37838
37912
38812
37839
37913
38813
37840
37914
38814
37841
37915
38815
37842
37916
38816
37843
37917
38817
37844
37918
38818
37845
37919
38819
37846
37920
38820
37847
37921
38821
37848
37922
38822
37849
37923
38823
37850
37924
38824
37851
37925
38825
37852
37926
38826
37853
37927
38827
37854
37928
38828
37855
37929
38829
37856
37930
38830
37857
37931
38831
37858
37932
38832
37859
37933
38833
37860
37934
38834
37861
37935
38835
37862
37936
38836
37863
37937
38837
37864
37938
38838
37865
37939
38839
37866
37940
38840
37867
37941
38841
37868
37942
38842
37869
37943
38843
37870
37944
38844
37871
37945
38845
37872
37946
38846
37873
37947
38847
37874
37948
38848
37949
38849
37876
37950
38850
37877
37951
38851
37878
37952
38852
37879
37953
38853
37880
37954
38854
37881
37955
38855
37882
37956
38856
37883
37957
38857
37884
37958
38858
37885
37959
38859
37886
37960
38860
37887
37961
38861
37888
37962
38862
37889
37963
38863
37890
37964
38864
37891
37965
38865
37892
37966
38866
37893
37967
38867
37894
37968
38868
37895
37969
38869
37896
37970
38870
37897
37971
38871
37898
37972
38872
37899
37973
38873
37900
37974
38874
37901
37975
38875
37902
37976
38876
37903
37977
38877
37904
37978
38878
37905
37979
38879
37906
37980
38880
37907
37981
38881
37908
37982
38882
37909
37983
38883
37910
37984
38884
37911
37985
38885
37912
37986
38886
37913
37987
38887
37914
37988
38888
37915
37989
38889
37916
37990
38890
37917
37991
38891
37918
37992
38892
37919
37993
38893
37920
37994
38894
37921
37995
38895
37922
37996
38896
37923
37997
38897
37924
37998
38898
37925
37999
38899
37926
38000
38900
37927
38001
38901
37928
38002
38902
37929
38003
38903
37930
38004
38904
37931
38005
38905
37932
38006
38906
37933
38007
38907
37934
38008
38908
37935
38009
38909
37936
38010
38910
37937
38011
38911
37938
38012
38912
37939
38013
38913
37940
38014
38914
37941
38015
38915
37942
38016
38916
37943
38017
38917
37944
38018
38918
37945
38019
38919
37946
38020
38920
37947
38021
38921
37948
38022
38922
37949
38023
38923
38024
38924
37951
38025
38925
37952
38026
38926
37953
38027
38927
37954
38028
38928
37955
38029
38929
37956
38030
38930
37957
38031
38931
37958
38032
38932
37959
38033
38933
37960
38034
38934
37961
38035
38935
37962
38036
38936
37963
38037
38937
37964
38038
38938
37965
38039
38939
37966
38040
38940
37967
38041
38941
37968
38042
38942
37969
38043
38943
37970
38044
38944
37971
38045
38945
37972
38046
38946
37973
38047
38947
37974
38048
38948
37975
38049
38949
37976
38050
38950
37977
38051
38951
37978
38052
38952
37979
38053
38953
37980
38054
38954
37981
38055
38955
37982
38056
38956
37983
38057
38957
37984
38058
38958
37985
38059
38959
37986
38060
38960
37987
38061
38961
37988
38062
38962
37989
38063
38963
37990
38064
38964
37991
38065
38965
37992
38066
38966
37993
38067
38967
37994
38068
38968
37995
38069
38969
37996
38070
38970
37997
38071
38971
37998
38072
38972
37999
38073
38973
38000
38074
38974
38001
38075
38975
38002
38076
38976
38003
38077
38977
38004
38078
38978
38005
38079
38979
38006
38080
38980
38007
38081
38981
38008
38082
38982
38009
38083
38983
38010
38084
38984
38011
38085
38985
38012
38086
38986
38013
38087
38987
38014
38088
38988
38015
38089
38989
38016
38090
38990
38017
38091
38991
38018
38092
38992
38019
38093
38993
38020
38094
38994
38021
38095
38995
38022
38096
38996
38023
38097
38997
38024
38098
38998
38099
38999
38026
38100
39000
38027
38101
39001
38028
38102
39002
38029
38103
39003
38030
38104
39004
38031
38105
39005
38032
38106
39006
38033
38107
39007
38034
38108
39008
38035
38109
39009
38036
38110
39010
38037
38111
39011
38038
38112
39012
38039
38113
39013
38040
38114
39014
38041
38115
39015
38042
38116
39016
38043
38117
39017
38044
38118
39018
38045
38119
39019
38046
38120
39020
38047
38121
39021
38048
38122
39022
38049
38123
39023
38050
38124
39024
38051
38125
39025
38052
38126
39026
38053
38127
39027
38054
38128
39028
38055
38129
39029
38056
38130
39030
38057
38131
39031
38058
38132
39032
38059
38133
39033
38060
38134
39034
38061
38135
39035
38062
38136
39036
38063
38137
39037
38064
38138
39038
38065
38139
39039
38066
38140
39040
38067
38141
39041
38068
38142
39042
38069
38143
39043
38070
38144
39044
38071
38145
39045
38072
38146
39046
38073
38147
39047
38074
38148
39048
38075
38149
39049
38076
38150
39050
38077
38151
39051
38078
38152
39052
38079
38153
39053
38080
38154
39054
38081
38155
39055
38082
38156
39056
38083
38157
39057
38084
38158
39058
38085
38159
39059
38086
38160
39060
38087
38161
39061
38088
38162
39062
38089
38163
39063
38090
38164
39064
38091
38165
39065
38092
38166
39066
38093
38167
39067
38094
38168
39068
38095
38169
39069
38096
38170
39070
38097
38171
39071
38098
38172
39072
38099
38173
39073
38174
39074
38101
39075
38102
39076
38103
39077
38104
39078
38105
39079
38106
39080
38107
39081
38108
39082
38109
39083
38110
39084
38111
39085
38112
39086
38113
39087
38114
39088
38115
39089
38116
39090
38117
39091
38118
39092
38119
39093
38120
39094
38121
39095
38122
39096
38123
39097
38124
39098
38125
39099
38126
39100
38127
39101
38128
39102
38129
39103
38130
39104
38131
39105
38132
39106
38133
39107
38134
39108
38135
39109
38136
39110
38137
39111
38138
39112
38139
39113
38140
39114
38141
39115
38142
39116
38143
39117
38144
39118
38145
39119
38146
39120
38147
39121
38148
39122
38149
39123
38150
39124
38151
39125
38152
39126
38153
39127
38154
39128
38155
39129
38156
39130
38157
39131
38158
39132
38159
39133
38160
39134
38161
39135
38162
39136
38163
39137
38164
39138
38165
39139
38166
39140
38167
39141
38168
39142
38169
39143
38170
39144
38171
39145
38172
39146
38173
39147
38174
39148
39149
38176
38250
39150
38177
38251
39151
38178
38252
39152
38179
38253
39153
38180
38254
39154
38181
38255
39155
38182
38256
39156
38183
38257
39157
38184
38258
39158
38185
38259
39159
38186
38260
39160
38187
38261
39161
38188
38262
39162
38189
38263
39163
38190
38264
39164
38191
38265
39165
38192
38266
39166
38193
38267
39167
38194
38268
39168
38195
38269
39169
38196
38270
39170
38197
38271
39171
38198
38272
39172
38199
38273
39173
38200
38274
39174
38201
38275
39175
38202
38276
39176
38203
38277
39177
38204
38278
39178
38205
38279
39179
38206
38280
39180
38207
38281
39181
38208
38282
39182
38209
38283
39183
38210
38284
39184
38211
38285
39185
38212
38286
39186
38213
38287
39187
38214
38288
39188
38215
38289
39189
38216
38290
39190
38217
38291
39191
38218
38292
39192
38219
38293
39193
38220
38294
39194
38221
38295
39195
38222
38296
39196
38223
38297
39197
38224
38298
39198
38225
38299
39199
38226
38300
39200
38227
38301
39201
38228
38302
39202
38229
38303
39203
38230
38304
39204
38231
38305
39205
38232
38306
39206
38233
38307
39207
38234
38308
39208
38235
38309
39209
38236
38310
39210
38237
38311
39211
38238
38312
39212
38239
38313
39213
38240
38314
39214
38241
38315
39215
38242
38316
39216
38243
38317
39217
38244
38318
39218
38245
38319
39219
38246
38320
39220
38247
38321
39221
38248
38322
39222
38249
38323
39223
38324
39224
38251
38325
39225
38252
38326
39226
38253
38327
39227
38254
38328
39228
38255
38329
39229
38256
38330
39230
38257
38331
39231
38258
38332
39232
38259
38333
39233
38260
38334
39234
38261
38335
39235
38262
38336
39236
38263
38337
39237
38264
38338
39238
38265
38339
39239
38266
38340
39240
38267
38341
39241
38268
38342
39242
38269
38343
39243
38270
38344
39244
38271
38345
39245
38272
38346
39246
38273
38347
39247
38274
38348
39248
38275
38349
39249
38276
38350
39250
38277
38351
39251
38278
38352
39252
38279
38353
39253
38280
38354
39254
38281
38355
39255
38282
38356
39256
38283
38357
39257
38284
38358
39258
38285
38359
39259
38286
38360
39260
38287
38361
39261
38288
38362
39262
38289
38363
39263
38290
38364
39264
38291
38365
39265
38292
38366
39266
38293
38367
39267
38294
38368
39268
38295
38369
39269
38296
38370
39270
38297
38371
39271
38298
38372
39272
38299
38373
39273
38300
38374
39274
38301
38375
39275
38302
38376
39276
38303
38377
39277
38304
38378
39278
38305
38379
39279
38306
38380
39280
38307
38381
39281
38308
38382
39282
38309
38383
39283
38310
38384
39284
38311
38385
39285
38312
38386
39286
38313
38387
39287
38314
38388
39288
38315
38389
39289
38316
38390
39290
38317
38391
39291
38318
38392
39292
38319
38393
39293
38320
38394
39294
38321
38395
39295
38322
38396
39296
38323
38397
39297
38324
38398
39298
38399
39299
38326
38400
39300
38327
38401
39301
38328
38402
39302
38329
38403
39303
38330
38404
39304
38331
38405
39305
38332
38406
39306
38333
38407
39307
38334
38408
39308
38335
38409
39309
38336
38410
39310
38337
38411
39311
38338
38412
39312
38339
38413
39313
38340
38414
39314
38341
38415
39315
38342
38416
39316
38343
38417
39317
38344
38418
39318
38345
38419
39319
38346
38420
39320
38347
38421
39321
38348
38422
39322
38349
38423
39323
38350
38424
39324
38351
38425
39325
38352
38426
39326
38353
38427
39327
38354
38428
39328
38355
38429
39329
38356
38430
39330
38357
38431
39331
38358
38432
39332
38359
38433
39333
38360
38434
39334
38361
38435
39335
38362
38436
39336
38363
38437
39337
38364
38438
39338
38365
38439
39339
38366
38440
39340
38367
38441
39341
38368
38442
39342
38369
38443
39343
38370
38444
39344
38371
38445
39345
38372
38446
39346
38373
38447
39347
38374
38448
39348
38375
38449
39349
38376
38450
39350
38377
38451
39351
38378
38452
39352
38379
38453
39353
38380
38454
39354
38381
38455
39355
38382
38456
39356
38383
38457
39357
38384
38458
39358
38385
38459
39359
38386
38460
39360
38387
38461
39361
38388
38462
39362
38389
38463
39363
38390
38464
39364
38391
38465
39365
38392
38466
39366
38393
38467
39367
38394
38468
39368
38395
38469
39369
38396
38470
39370
38397
38471
39371
38398
38472
39372
38399
38473
39373
38474
39374
38401
38475
39375
38402
38476
39376
38403
38477
39377
38404
38478
39378
38405
38479
39379
38406
38480
39380
38407
38481
39381
38408
38482
39382
38409
38483
39383
38410
38484
39384
38411
38485
39385
38412
38486
39386
38413
38487
39387
38414
38488
39388
38415
38489
39389
38416
38490
39390
38417
38491
39391
38418
38492
39392
38419
38493
39393
38420
38494
39394
38421
38495
39395
38422
38496
39396
38423
38497
39397
38424
38498
39398
38425
38499
39399
38426
38500
39400
38427
38501
39401
38428
38502
39402
38429
38503
39403
38430
38504
39404
38431
38505
39405
38432
38506
39406
38433
38507
39407
38434
38508
39408
38435
38509
39409
38436
38510
39410
38437
38511
39411
38438
38512
39412
38439
38513
39413
38440
38514
39414
38441
38515
39415
38442
38516
39416
38443
38517
39417
38444
38518
39418
38445
38519
39419
38446
38520
39420
38447
38521
39421
38448
38522
39422
38449
38523
39423
38450
38524
39424
38451
38525
39425
38452
38526
39426
38453
38527
39427
38454
38528
39428
38455
38529
39429
38456
38530
39430
38457
38531
39431
38458
38532
39432
38459
38533
39433
38460
38534
39434
38461
38535
39435
38462
38536
39436
38463
38537
39437
38464
38538
39438
38465
38539
39439
38466
38540
39440
38467
38541
39441
38468
38542
39442
38469
38543
39443
38470
38544
39444
38471
38545
39445
38472
38546
39446
38473
38547
39447
38474
38548
39448
38549
39449
38476
38550
39450
38477
38551
39451
38478
38552
39452
38479
38553
39453
38480
38554
39454
38481
38555
39455
38482
38556
39456
38483
38557
39457
38484
38558
39458
38485
38559
39459
38486
38560
39460
38487
38561
39461
38488
38562
39462
38489
38563
39463
38490
38564
39464
38491
38565
39465
38492
38566
39466
38493
38567
39467
38494
38568
39468
38495
38569
39469
38496
38570
39470
38497
38571
39471
38498
38572
39472
38499
38573
39473
38500
38574
39474
38501
38575
39475
38502
38576
39476
38503
38577
39477
38504
38578
39478
38505
38579
39479
38506
38580
39480
38507
38581
39481
38508
38582
39482
38509
38583
39483
38510
38584
39484
38511
38585
39485
38512
38586
39486
38513
38587
39487
38514
38588
39488
38515
38589
39489
38516
38590
39490
38517
38591
39491
38518
38592
39492
38519
38593
39493
38520
38594
39494
38521
38595
39495
38522
38596
39496
38523
38597
39497
38524
38598
39498
38525
38599
39499
38526
38600
39500
38527
38601
39501
38528
38602
39502
38529
38603
39503
38530
38604
39504
38531
38605
39505
38532
38606
39506
38533
38607
39507
38534
38608
39508
38535
38609
39509
38536
38610
39510
38537
38611
39511
38538
38612
39512
38539
38613
39513
38540
38614
39514
38541
38615
39515
38542
38616
39516
38543
38617
39517
38544
38618
39518
38545
38619
39519
38546
38620
39520
38547
38621
39521
38548
38622
39522
38549
38623
39523
38624
39524
38551
38625
39525
38552
38626
39526
38553
38627
39527
38554
38628
39528
38555
38629
39529
38556
38630
39530
38557
38631
39531
38558
38632
39532
38559
38633
39533
38560
38634
39534
38561
38635
39535
38562
38636
39536
38563
38637
39537
38564
38638
39538
38565
38639
39539
38566
38640
39540
38567
38641
39541
38568
38642
39542
38569
38643
39543
38570
38644
39544
38571
38645
39545
38572
38646
39546
38573
38647
39547
38574
38648
39548
38575
38649
39549
38576
38650
39550
38577
38651
39551
38578
38652
39552
38579
38653
39553
38580
38654
39554
38581
38655
39555
38582
38656
39556
38583
38657
39557
38584
38658
39558
38585
38659
39559
38586
38660
39560
38587
38661
39561
38588
38662
39562
38589
38663
39563
38590
38664
39564
38591
38665
39565
38592
38666
39566
38593
38667
39567
38594
38668
39568
38595
38669
39569
38596
38670
39570
38597
38671
39571
38598
38672
39572
38599
38673
39573
38600
38674
39574
38601
38675
39575
38602
38676
39576
38603
38677
39577
38604
38678
39578
38605
38679
39579
38606
38680
39580
38607
38681
39581
38608
38682
39582
38609
38683
39583
38610
38684
39584
38611
38685
39585
38612
38686
39586
38613
38687
39587
38614
38688
39588
38615
38689
39589
38616
38690
39590
38617
38691
39591
38618
38692
39592
38619
38693
39593
38620
38694
39594
38621
38695
39595
38622
38696
39596
38623
38697
39597
38624
38698
39598
38699
39599
38626
38700
39600
38627
38701
39601
38628
38702
39602
38629
38703
39603
38630
38704
39604
38631
38705
39605
38632
38706
39606
38633
38707
39607
38634
38708
39608
38635
38709
39609
38636
38710
39610
38637
38711
39611
38638
38712
39612
38639
38713
39613
38640
38714
39614
38641
38715
39615
38642
38716
39616
38643
38717
39617
38644
38718
39618
38645
38719
39619
38646
38720
39620
38647
38721
39621
38648
38722
39622
38649
38723
39623
38650
38724
39624
38651
38725
39625
38652
38726
39626
38653
38727
39627
38654
38728
39628
38655
38729
39629
38656
38730
39630
38657
38731
39631
38658
38732
39632
38659
38733
39633
38660
38734
39634
38661
38735
39635
38662
38736
39636
38663
38737
39637
38664
38738
39638
38665
38739
39639
38666
38740
39640
38667
38741
39641
38668
38742
39642
38669
38743
39643
38670
38744
39644
38671
38745
39645
38672
38746
39646
38673
38747
39647
38674
38748
39648
38675
38749
39649
38676
38750
39650
38677
38751
39651
38678
38752
39652
38679
38753
39653
38680
38754
39654
38681
38755
39655
38682
38756
39656
38683
38757
39657
38684
38758
39658
38685
38759
39659
38686
38760
39660
38687
38761
39661
38688
38762
39662
38689
38763
39663
38690
38764
39664
38691
38765
39665
38692
38766
39666
38693
38767
39667
38694
38768
39668
38695
38769
39669
38696
38770
39670
38697
38771
39671
38698
38772
39672
38699
38773
39673
38774
39674
38701
38775
39675
38702
38776
39676
38703
38777
39677
38704
38778
39678
38705
38779
39679
38706
38780
39680
38707
38781
39681
38708
38782
39682
38709
38783
39683
38710
38784
39684
38711
38785
39685
38712
38786
39686
38713
38787
39687
38714
38788
39688
38715
38789
39689
38716
38790
39690
38717
38791
39691
38718
38792
39692
38719
38793
39693
38720
38794
39694
38721
38795
39695
38722
38796
39696
38723
38797
39697
38724
38798
39698
38725
38799
39699
38726
38800
39700
38727
38801
39701
38728
38802
39702
38729
38803
39703
38730
38804
39704
38731
38805
39705
38732
38806
39706
38733
38807
39707
38734
38808
39708
38735
38809
39709
38736
38810
39710
38737
38811
39711
38738
38812
39712
38739
38813
39713
38740
38814
39714
38741
38815
39715
38742
38816
39716
38743
38817
39717
38744
38818
39718
38745
38819
39719
38746
38820
39720
38747
38821
39721
38748
38822
39722
38749
38823
39723
38750
38824
39724
38751
38825
39725
38752
38826
39726
38753
38827
39727
38754
38828
39728
38755
38829
39729
38756
38830
39730
38757
38831
39731
38758
38832
39732
38759
38833
39733
38760
38834
39734
38761
38835
39735
38762
38836
39736
38763
38837
39737
38764
38838
39738
38765
38839
39739
38766
38840
39740
38767
38841
39741
38768
38842
39742
38769
38843
39743
38770
38844
39744
38771
38845
39745
38772
38846
39746
38773
38847
39747
38774
38848
39748
38849
39749
38776
38850
39750
38777
38851
39751
38778
38852
39752
38779
38853
39753
38780
38854
39754
38781
38855
39755
38782
38856
39756
38783
38857
39757
38784
38858
39758
38785
38859
39759
38786
38860
39760
38787
38861
39761
38788
38862
39762
38789
38863
39763
38790
38864
39764
38791
38865
39765
38792
38866
39766
38793
38867
39767
38794
38868
39768
38795
38869
39769
38796
38870
39770
38797
38871
39771
38798
38872
39772
38799
38873
39773
38800
38874
39774
38801
38875
39775
38802
38876
39776
38803
38877
39777
38804
38878
39778
38805
38879
39779
38806
38880
39780
38807
38881
39781
38808
38882
39782
38809
38883
39783
38810
38884
39784
38811
38885
39785
38812
38886
39786
38813
38887
39787
38814
38888
39788
38815
38889
39789
38816
38890
39790
38817
38891
39791
38818
38892
39792
38819
38893
39793
38820
38894
39794
38821
38895
39795
38822
38896
39796
38823
38897
39797
38824
38898
39798
38825
38899
39799
38826
38900
39800
38827
38901
39801
38828
38902
39802
38829
38903
39803
38830
38904
39804
38831
38905
39805
38832
38906
39806
38833
38907
39807
38834
38908
39808
38835
38909
39809
38836
38910
39810
38837
38911
39811
38838
38912
39812
38839
38913
39813
38840
38914
39814
38841
38915
39815
38842
38916
39816
38843
38917
39817
38844
38918
39818
38845
38919
39819
38846
38920
39820
38847
38921
39821
38848
38922
39822
38849
38923
39823
38924
39824
38851
38925
39825
38852
38926
39826
38853
38927
39827
38854
38928
39828
38855
38929
39829
38856
38930
39830
38857
38931
39831
38858
38932
39832
38859
38933
39833
38860
38934
39834
38861
38935
39835
38862
38936
39836
38863
38937
39837
38864
38938
39838
38865
38939
39839
38866
38940
39840
38867
38941
39841
38868
38942
39842
38869
38943
39843
38870
38944
39844
38871
38945
39845
38872
38946
39846
38873
38947
39847
38874
38948
39848
38875
38949
39849
38876
38950
39850
38877
38951
39851
38878
38952
39852
38879
38953
39853
38880
38954
39854
38881
38955
39855
38882
38956
39856
38883
38957
39857
38884
38958
39858
38885
38959
39859
38886
38960
39860
38887
38961
39861
38888
38962
39862
38889
38963
39863
38890
38964
39864
38891
38965
39865
38892
38966
39866
38893
38967
39867
38894
38968
39868
38895
38969
39869
38896
38970
39870
38897
38971
39871
38898
38972
39872
38899
38973
39873
38900
38974
39874
38901
38975
39875
38902
38976
39876
38903
38977
39877
38904
38978
39878
38905
38979
39879
38906
38980
39880
38907
38981
39881
38908
38982
39882
38909
38983
39883
38910
38984
39884
38911
38985
39885
38912
38986
39886
38913
38987
39887
38914
38988
39888
38915
38989
39889
38916
38990
39890
38917
38991
39891
38918
38992
39892
38919
38993
39893
38920
38994
39894
38921
38995
39895
38922
38996
39896
38923
38997
39897
38924
38998
39898
38999
39899
38926
39000
39900
38927
39001
39901
38928
39002
39902
38929
39003
39903
38930
39004
39904
38931
39005
39905
38932
39006
39906
38933
39007
39907
38934
39008
39908
38935
39009
39909
38936
39010
39910
38937
39011
39911
38938
39012
39912
38939
39013
39913
38940
39014
39914
38941
39015
39915
38942
39016
39916
38943
39017
39917
38944
39018
39918
38945
39019
39919
38946
39020
39920
38947
39021
39921
38948
39022
39922
38949
39023
39923
38950
39024
39924
38951
39025
39925
38952
39026
39926
38953
39027
39927
38954
39028
39928
38955
39029
39929
38956
39030
39930
38957
39031
39931
38958
39032
39932
38959
39033
39933
38960
39034
39934
38961
39035
39935
38962
39036
39936
38963
39037
39937
38964
39038
39938
38965
39039
39939
38966
39040
39940
38967
39041
39941
38968
39042
39942
38969
39043
39943
38970
39044
39944
38971
39045
39945
38972
39046
39946
38973
39047
39947
38974
39048
39948
38975
39049
39949
38976
39050
39950
38977
39051
39951
38978
39052
39952
38979
39053
39953
38980
39054
39954
38981
39055
39955
38982
39056
39956
38983
39057
39957
38984
39058
39958
38985
39059
39959
38986
39060
39960
38987
39061
39961
38988
39062
39962
38989
39063
39963
38990
39064
39964
38991
39065
39965
38992
39066
39966
38993
39067
39967
38994
39068
39968
38995
39069
39969
38996
39070
39970
38997
39071
39971
38998
39072
39972
38999
39073
39973
39074
39974
39001
39075
39975
39002
39076
39976
39003
39077
39977
39004
39078
39978
39005
39079
39979
39006
39080
39980
39007
39081
39981
39008
39082
39982
39009
39083
39983
39010
39084
39984
39011
39085
39985
39012
39086
39986
39013
39087
39987
39014
39088
39988
39015
39089
39989
39016
39090
39990
39017
39091
39991
39018
39092
39992
39019
39093
39993
39020
39094
39994
39021
39095
39995
39022
39096
39996
39023
39097
39997
39024
39098
39998
39025
39099
39999
39026
39100
40000
39027
39101
40001
39028
39102
40002
39029
39103
40003
39030
39104
40004
39031
39105
40005
39032
39106
40006
39033
39107
40007
39034
39108
40008
39035
39109
40009
39036
39110
40010
39037
39111
40011
39038
39112
40012
39039
39113
40013
39040
39114
40014
39041
39115
40015
39042
39116
40016
39043
39117
40017
39044
39118
40018
39045
39119
40019
39046
39120
40020
39047
39121
40021
39048
39122
40022
39049
39123
40023
39050
39124
40024
39051
39125
40025
39052
39126
40026
39053
39127
40027
39054
39128
40028
39055
39129
40029
39056
39130
40030
39057
39131
40031
39058
39132
40032
39059
39133
40033
39060
39134
40034
39061
39135
40035
39062
39136
40036
39063
39137
40037
39064
39138
40038
39065
39139
40039
39066
39140
40040
39067
39141
40041
39068
39142
40042
39069
39143
40043
39070
39144
40044
39071
39145
40045
39072
39146
40046
39073
39147
40047
39074
39148
40048
39149
40049
39076
40050
39077
40051
39078
40052
39079
40053
39080
40054
39081
40055
39082
40056
39083
40057
39084
40058
39085
40059
39086
40060
39087
40061
39088
40062
39089
40063
39090
40064
39091
40065
39092
40066
39093
40067
39094
40068
39095
40069
39096
40070
39097
40071
39098
40072
39099
40073
39100
40074
39101
40075
39102
40076
39103
40077
39104
40078
39105
40079
39106
40080
39107
40081
39108
40082
39109
40083
39110
40084
39111
40085
39112
40086
39113
40087
39114
40088
39115
40089
39116
40090
39117
40091
39118
40092
39119
40093
39120
40094
39121
40095
39122
40096
39123
40097
39124
40098
39125
40099
39126
40100
39127
40101
39128
40102
39129
40103
39130
40104
39131
40105
39132
40106
39133
40107
39134
40108
39135
40109
39136
40110
39137
40111
39138
40112
39139
40113
39140
40114
39141
40115
39142
40116
39143
40117
39144
40118
39145
40119
39146
40120
39147
40121
39148
40122
39149
40123
40124
39151
39225
40125
39152
39226
40126
39153
39227
40127
39154
39228
40128
39155
39229
40129
39156
39230
40130
39157
39231
40131
39158
39232
40132
39159
39233
40133
39160
39234
40134
39161
39235
40135
39162
39236
40136
39163
39237
40137
39164
39238
40138
39165
39239
40139
39166
39240
40140
39167
39241
40141
39168
39242
40142
39169
39243
40143
39170
39244
40144
39171
39245
40145
39172
39246
40146
39173
39247
40147
39174
39248
40148
39175
39249
40149
39176
39250
40150
39177
39251
40151
39178
39252
40152
39179
39253
40153
39180
39254
40154
39181
39255
40155
39182
39256
40156
39183
39257
40157
39184
39258
40158
39185
39259
40159
39186
39260
40160
39187
39261
40161
39188
39262
40162
39189
39263
40163
39190
39264
40164
39191
39265
40165
39192
39266
40166
39193
39267
40167
39194
39268
40168
39195
39269
40169
39196
39270
40170
39197
39271
40171
39198
39272
40172
39199
39273
40173
39200
39274
40174
39201
39275
40175
39202
39276
40176
39203
39277
40177
39204
39278
40178
39205
39279
40179
39206
39280
40180
39207
39281
40181
39208
39282
40182
39209
39283
40183
39210
39284
40184
39211
39285
40185
39212
39286
40186
39213
39287
40187
39214
39288
40188
39215
39289
40189
39216
39290
40190
39217
39291
40191
39218
39292
40192
39219
39293
40193
39220
39294
40194
39221
39295
40195
39222
39296
40196
39223
39297
40197
39224
39298
40198
39299
40199
39226
39300
40200
39227
39301
40201
39228
39302
40202
39229
39303
40203
39230
39304
40204
39231
39305
40205
39232
39306
40206
39233
39307
40207
39234
39308
40208
39235
39309
40209
39236
39310
40210
39237
39311
40211
39238
39312
40212
39239
39313
40213
39240
39314
40214
39241
39315
40215
39242
39316
40216
39243
39317
40217
39244
39318
40218
39245
39319
40219
39246
39320
40220
39247
39321
40221
39248
39322
40222
39249
39323
40223
39250
39324
40224
39251
39325
40225
39252
39326
40226
39253
39327
40227
39254
39328
40228
39255
39329
40229
39256
39330
40230
39257
39331
40231
39258
39332
40232
39259
39333
40233
39260
39334
40234
39261
39335
40235
39262
39336
40236
39263
39337
40237
39264
39338
40238
39265
39339
40239
39266
39340
40240
39267
39341
40241
39268
39342
40242
39269
39343
40243
39270
39344
40244
39271
39345
40245
39272
39346
40246
39273
39347
40247
39274
39348
40248
39275
39349
40249
39276
39350
40250
39277
39351
40251
39278
39352
40252
39279
39353
40253
39280
39354
40254
39281
39355
40255
39282
39356
40256
39283
39357
40257
39284
39358
40258
39285
39359
40259
39286
39360
40260
39287
39361
40261
39288
39362
40262
39289
39363
40263
39290
39364
40264
39291
39365
40265
39292
39366
40266
39293
39367
40267
39294
39368
40268
39295
39369
40269
39296
39370
40270
39297
39371
40271
39298
39372
40272
39299
39373
40273
39374
40274
39301
39375
40275
39302
39376
40276
39303
39377
40277
39304
39378
40278
39305
39379
40279
39306
39380
40280
39307
39381
40281
39308
39382
40282
39309
39383
40283
39310
39384
40284
39311
39385
40285
39312
39386
40286
39313
39387
40287
39314
39388
40288
39315
39389
40289
39316
39390
40290
39317
39391
40291
39318
39392
40292
39319
39393
40293
39320
39394
40294
39321
39395
40295
39322
39396
40296
39323
39397
40297
39324
39398
40298
39325
39399
40299
39326
39400
40300
39327
39401
40301
39328
39402
40302
39329
39403
40303
39330
39404
40304
39331
39405
40305
39332
39406
40306
39333
39407
40307
39334
39408
40308
39335
39409
40309
39336
39410
40310
39337
39411
40311
39338
39412
40312
39339
39413
40313
39340
39414
40314
39341
39415
40315
39342
39416
40316
39343
39417
40317
39344
39418
40318
39345
39419
40319
39346
39420
40320
39347
39421
40321
39348
39422
40322
39349
39423
40323
39350
39424
40324
39351
39425
40325
39352
39426
40326
39353
39427
40327
39354
39428
40328
39355
39429
40329
39356
39430
40330
39357
39431
40331
39358
39432
40332
39359
39433
40333
39360
39434
40334
39361
39435
40335
39362
39436
40336
39363
39437
40337
39364
39438
40338
39365
39439
40339
39366
39440
40340
39367
39441
40341
39368
39442
40342
39369
39443
40343
39370
39444
40344
39371
39445
40345
39372
39446
40346
39373
39447
40347
39374
39448
40348
39449
40349
39376
39450
40350
39377
39451
40351
39378
39452
40352
39379
39453
40353
39380
39454
40354
39381
39455
40355
39382
39456
40356
39383
39457
40357
39384
39458
40358
39385
39459
40359
39386
39460
40360
39387
39461
40361
39388
39462
40362
39389
39463
40363
39390
39464
40364
39391
39465
40365
39392
39466
40366
39393
39467
40367
39394
39468
40368
39395
39469
40369
39396
39470
40370
39397
39471
40371
39398
39472
40372
39399
39473
40373
39400
39474
40374
39401
39475
40375
39402
39476
40376
39403
39477
40377
39404
39478
40378
39405
39479
40379
39406
39480
40380
39407
39481
40381
39408
39482
40382
39409
39483
40383
39410
39484
40384
39411
39485
40385
39412
39486
40386
39413
39487
40387
39414
39488
40388
39415
39489
40389
39416
39490
40390
39417
39491
40391
39418
39492
40392
39419
39493
40393
39420
39494
40394
39421
39495
40395
39422
39496
40396
39423
39497
40397
39424
39498
40398
39425
39499
40399
39426
39500
40400
39427
39501
40401
39428
39502
40402
39429
39503
40403
39430
39504
40404
39431
39505
40405
39432
39506
40406
39433
39507
40407
39434
39508
40408
39435
39509
40409
39436
39510
40410
39437
39511
40411
39438
39512
40412
39439
39513
40413
39440
39514
40414
39441
39515
40415
39442
39516
40416
39443
39517
40417
39444
39518
40418
39445
39519
40419
39446
39520
40420
39447
39521
40421
39448
39522
40422
39449
39523
40423
39524
40424
39451
39525
40425
39452
39526
40426
39453
39527
40427
39454
39528
40428
39455
39529
40429
39456
39530
40430
39457
39531
40431
39458
39532
40432
39459
39533
40433
39460
39534
40434
39461
39535
40435
39462
39536
40436
39463
39537
40437
39464
39538
40438
39465
39539
40439
39466
39540
40440
39467
39541
40441
39468
39542
40442
39469
39543
40443
39470
39544
40444
39471
39545
40445
39472
39546
40446
39473
39547
40447
39474
39548
40448
39475
39549
40449
39476
39550
40450
39477
39551
40451
39478
39552
40452
39479
39553
40453
39480
39554
40454
39481
39555
40455
39482
39556
40456
39483
39557
40457
39484
39558
40458
39485
39559
40459
39486
39560
40460
39487
39561
40461
39488
39562
40462
39489
39563
40463
39490
39564
40464
39491
39565
40465
39492
39566
40466
39493
39567
40467
39494
39568
40468
39495
39569
40469
39496
39570
40470
39497
39571
40471
39498
39572
40472
39499
39573
40473
39500
39574
40474
39501
39575
40475
39502
39576
40476
39503
39577
40477
39504
39578
40478
39505
39579
40479
39506
39580
40480
39507
39581
40481
39508
39582
40482
39509
39583
40483
39510
39584
40484
39511
39585
40485
39512
39586
40486
39513
39587
40487
39514
39588
40488
39515
39589
40489
39516
39590
40490
39517
39591
40491
39518
39592
40492
39519
39593
40493
39520
39594
40494
39521
39595
40495
39522
39596
40496
39523
39597
40497
39524
39598
40498
39599
40499
39526
39600
40500
39527
39601
40501
39528
39602
40502
39529
39603
40503
39530
39604
40504
39531
39605
40505
39532
39606
40506
39533
39607
40507
39534
39608
40508
39535
39609
40509
39536
39610
40510
39537
39611
40511
39538
39612
40512
39539
39613
40513
39540
39614
40514
39541
39615
40515
39542
39616
40516
39543
39617
40517
39544
39618
40518
39545
39619
40519
39546
39620
40520
39547
39621
40521
39548
39622
40522
39549
39623
40523
39550
39624
40524
39551
39625
40525
39552
39626
40526
39553
39627
40527
39554
39628
40528
39555
39629
40529
39556
39630
40530
39557
39631
40531
39558
39632
40532
39559
39633
40533
39560
39634
40534
39561
39635
40535
39562
39636
40536
39563
39637
40537
39564
39638
40538
39565
39639
40539
39566
39640
40540
39567
39641
40541
39568
39642
40542
39569
39643
40543
39570
39644
40544
39571
39645
40545
39572
39646
40546
39573
39647
40547
39574
39648
40548
39575
39649
40549
39576
39650
40550
39577
39651
40551
39578
39652
40552
39579
39653
40553
39580
39654
40554
39581
39655
40555
39582
39656
40556
39583
39657
40557
39584
39658
40558
39585
39659
40559
39586
39660
40560
39587
39661
40561
39588
39662
40562
39589
39663
40563
39590
39664
40564
39591
39665
40565
39592
39666
40566
39593
39667
40567
39594
39668
40568
39595
39669
40569
39596
39670
40570
39597
39671
40571
39598
39672
40572
39599
39673
40573
39674
40574
39601
39675
40575
39602
39676
40576
39603
39677
40577
39604
39678
40578
39605
39679
40579
39606
39680
40580
39607
39681
40581
39608
39682
40582
39609
39683
40583
39610
39684
40584
39611
39685
40585
39612
39686
40586
39613
39687
40587
39614
39688
40588
39615
39689
40589
39616
39690
40590
39617
39691
40591
39618
39692
40592
39619
39693
40593
39620
39694
40594
39621
39695
40595
39622
39696
40596
39623
39697
40597
39624
39698
40598
39625
39699
40599
39626
39700
40600
39627
39701
40601
39628
39702
40602
39629
39703
40603
39630
39704
40604
39631
39705
40605
39632
39706
40606
39633
39707
40607
39634
39708
40608
39635
39709
40609
39636
39710
40610
39637
39711
40611
39638
39712
40612
39639
39713
40613
39640
39714
40614
39641
39715
40615
39642
39716
40616
39643
39717
40617
39644
39718
40618
39645
39719
40619
39646
39720
40620
39647
39721
40621
39648
39722
40622
39649
39723
40623
39650
39724
40624
39651
39725
40625
39652
39726
40626
39653
39727
40627
39654
39728
40628
39655
39729
40629
39656
39730
40630
39657
39731
40631
39658
39732
40632
39659
39733
40633
39660
39734
40634
39661
39735
40635
39662
39736
40636
39663
39737
40637
39664
39738
40638
39665
39739
40639
39666
39740
40640
39667
39741
40641
39668
39742
40642
39669
39743
40643
39670
39744
40644
39671
39745
40645
39672
39746
40646
39673
39747
40647
39674
39748
40648
39749
40649
39676
39750
40650
39677
39751
40651
39678
39752
40652
39679
39753
40653
39680
39754
40654
39681
39755
40655
39682
39756
40656
39683
39757
40657
39684
39758
40658
39685
39759
40659
39686
39760
40660
39687
39761
40661
39688
39762
40662
39689
39763
40663
39690
39764
40664
39691
39765
40665
39692
39766
40666
39693
39767
40667
39694
39768
40668
39695
39769
40669
39696
39770
40670
39697
39771
40671
39698
39772
40672
39699
39773
40673
39700
39774
40674
39701
39775
40675
39702
39776
40676
39703
39777
40677
39704
39778
40678
39705
39779
40679
39706
39780
40680
39707
39781
40681
39708
39782
40682
39709
39783
40683
39710
39784
40684
39711
39785
40685
39712
39786
40686
39713
39787
40687
39714
39788
40688
39715
39789
40689
39716
39790
40690
39717
39791
40691
39718
39792
40692
39719
39793
40693
39720
39794
40694
39721
39795
40695
39722
39796
40696
39723
39797
40697
39724
39798
40698
39725
39799
40699
39726
39800
40700
39727
39801
40701
39728
39802
40702
39729
39803
40703
39730
39804
40704
39731
39805
40705
39732
39806
40706
39733
39807
40707
39734
39808
40708
39735
39809
40709
39736
39810
40710
39737
39811
40711
39738
39812
40712
39739
39813
40713
39740
39814
40714
39741
39815
40715
39742
39816
40716
39743
39817
40717
39744
39818
40718
39745
39819
40719
39746
39820
40720
39747
39821
40721
39748
39822
40722
39749
39823
40723
39824
40724
39751
39825
40725
39752
39826
40726
39753
39827
40727
39754
39828
40728
39755
39829
40729
39756
39830
40730
39757
39831
40731
39758
39832
40732
39759
39833
40733
39760
39834
40734
39761
39835
40735
39762
39836
40736
39763
39837
40737
39764
39838
40738
39765
39839
40739
39766
39840
40740
39767
39841
40741
39768
39842
40742
39769
39843
40743
39770
39844
40744
39771
39845
40745
39772
39846
40746
39773
39847
40747
39774
39848
40748
39775
39849
40749
39776
39850
40750
39777
39851
40751
39778
39852
40752
39779
39853
40753
39780
39854
40754
39781
39855
40755
39782
39856
40756
39783
39857
40757
39784
39858
40758
39785
39859
40759
39786
39860
40760
39787
39861
40761
39788
39862
40762
39789
39863
40763
39790
39864
40764
39791
39865
40765
39792
39866
40766
39793
39867
40767
39794
39868
40768
39795
39869
40769
39796
39870
40770
39797
39871
40771
39798
39872
40772
39799
39873
40773
39800
39874
40774
39801
39875
40775
39802
39876
40776
39803
39877
40777
39804
39878
40778
39805
39879
40779
39806
39880
40780
39807
39881
40781
39808
39882
40782
39809
39883
40783
39810
39884
40784
39811
39885
40785
39812
39886
40786
39813
39887
40787
39814
39888
40788
39815
39889
40789
39816
39890
40790
39817
39891
40791
39818
39892
40792
39819
39893
40793
39820
39894
40794
39821
39895
40795
39822
39896
40796
39823
39897
40797
39824
39898
40798
39899
40799
39826
39900
40800
39827
39901
40801
39828
39902
40802
39829
39903
40803
39830
39904
40804
39831
39905
40805
39832
39906
40806
39833
39907
40807
39834
39908
40808
39835
39909
40809
39836
39910
40810
39837
39911
40811
39838
39912
40812
39839
39913
40813
39840
39914
40814
39841
39915
40815
39842
39916
40816
39843
39917
40817
39844
39918
40818
39845
39919
40819
39846
39920
40820
39847
39921
40821
39848
39922
40822
39849
39923
40823
39850
39924
40824
39851
39925
40825
39852
39926
40826
39853
39927
40827
39854
39928
40828
39855
39929
40829
39856
39930
40830
39857
39931
40831
39858
39932
40832
39859
39933
40833
39860
39934
40834
39861
39935
40835
39862
39936
40836
39863
39937
40837
39864
39938
40838
39865
39939
40839
39866
39940
40840
39867
39941
40841
39868
39942
40842
39869
39943
40843
39870
39944
40844
39871
39945
40845
39872
39946
40846
39873
39947
40847
39874
39948
40848
39875
39949
40849
39876
39950
40850
39877
39951
40851
39878
39952
40852
39879
39953
40853
39880
39954
40854
39881
39955
40855
39882
39956
40856
39883
39957
40857
39884
39958
40858
39885
39959
40859
39886
39960
40860
39887
39961
40861
39888
39962
40862
39889
39963
40863
39890
39964
40864
39891
39965
40865
39892
39966
40866
39893
39967
40867
39894
39968
40868
39895
39969
40869
39896
39970
40870
39897
39971
40871
39898
39972
40872
39899
39973
40873
39974
40874
39901
39975
40875
39902
39976
40876
39903
39977
40877
39904
39978
40878
39905
39979
40879
39906
39980
40880
39907
39981
40881
39908
39982
40882
39909
39983
40883
39910
39984
40884
39911
39985
40885
39912
39986
40886
39913
39987
40887
39914
39988
40888
39915
39989
40889
39916
39990
40890
39917
39991
40891
39918
39992
40892
39919
39993
40893
39920
39994
40894
39921
39995
40895
39922
39996
40896
39923
39997
40897
39924
39998
40898
39925
39999
40899
39926
40000
40900
39927
40001
40901
39928
40002
40902
39929
40003
40903
39930
40004
40904
39931
40005
40905
39932
40006
40906
39933
40007
40907
39934
40008
40908
39935
40009
40909
39936
40010
40910
39937
40011
40911
39938
40012
40912
39939
40013
40913
39940
40014
40914
39941
40015
40915
39942
40016
40916
39943
40017
40917
39944
40018
40918
39945
40019
40919
39946
40020
40920
39947
40021
40921
39948
40022
40922
39949
40023
40923
39950
40024
40924
39951
40025
40925
39952
40026
40926
39953
40027
40927
39954
40028
40928
39955
40029
40929
39956
40030
40930
39957
40031
40931
39958
40032
40932
39959
40033
40933
39960
40034
40934
39961
40035
40935
39962
40036
40936
39963
40037
40937
39964
40038
40938
39965
40039
40939
39966
40040
40940
39967
40041
40941
39968
40042
40942
39969
40043
40943
39970
40044
40944
39971
40045
40945
39972
40046
40946
39973
40047
40947
39974
40048
40948
40049
40949
39976
40050
40950
39977
40051
40951
39978
40052
40952
39979
40053
40953
39980
40054
40954
39981
40055
40955
39982
40056
40956
39983
40057
40957
39984
40058
40958
39985
40059
40959
39986
40060
40960
39987
40061
40961
39988
40062
40962
39989
40063
40963
39990
40064
40964
39991
40065
40965
39992
40066
40966
39993
40067
40967
39994
40068
40968
39995
40069
40969
39996
40070
40970
39997
40071
40971
39998
40072
40972
39999
40073
40973
40000
40074
40974
40001
40075
40975
40002
40076
40976
40003
40077
40977
40004
40078
40978
40005
40079
40979
40006
40080
40980
40007
40081
40981
40008
40082
40982
40009
40083
40983
40010
40084
40984
40011
40085
40985
40012
40086
40986
40013
40087
40987
40014
40088
40988
40015
40089
40989
40016
40090
40990
40017
40091
40991
40018
40092
40992
40019
40093
40993
40020
40094
40994
40021
40095
40995
40022
40096
40996
40023
40097
40997
40024
40098
40998
40025
40099
40999
40026
40100
41000
40027
40101
41001
40028
40102
41002
40029
40103
41003
40030
40104
41004
40031
40105
41005
40032
40106
41006
40033
40107
41007
40034
40108
41008
40035
40109
41009
40036
40110
41010
40037
40111
41011
40038
40112
41012
40039
40113
41013
40040
40114
41014
40041
40115
41015
40042
40116
41016
40043
40117
41017
40044
40118
41018
40045
40119
41019
40046
40120
41020
40047
40121
41021
40048
40122
41022
40049
40123
41023
40124
41024
40051
41025
40052
41026
40053
41027
40054
41028
40055
41029
40056
41030
40057
41031
40058
41032
40059
41033
40060
41034
40061
41035
40062
41036
40063
41037
40064
41038
40065
41039
40066
41040
40067
41041
40068
41042
40069
41043
40070
41044
40071
41045
40072
41046
40073
41047
40074
41048
40075
41049
40076
41050
40077
41051
40078
41052
40079
41053
40080
41054
40081
41055
40082
41056
40083
41057
40084
41058
40085
41059
40086
41060
40087
41061
40088
41062
40089
41063
40090
41064
40091
41065
40092
41066
40093
41067
40094
41068
40095
41069
40096
41070
40097
41071
40098
41072
40099
41073
40100
41074
40101
41075
40102
41076
40103
41077
40104
41078
40105
41079
40106
41080
40107
41081
40108
41082
40109
41083
40110
41084
40111
41085
40112
41086
40113
41087
40114
41088
40115
41089
40116
41090
40117
41091
40118
41092
40119
41093
40120
41094
40121
41095
40122
41096
40123
41097
40124
41098
41099
40126
40200
41100
40127
40201
41101
40128
40202
41102
40129
40203
41103
40130
40204
41104
40131
40205
41105
40132
40206
41106
40133
40207
41107
40134
40208
41108
40135
40209
41109
40136
40210
41110
40137
40211
41111
40138
40212
41112
40139
40213
41113
40140
40214
41114
40141
40215
41115
40142
40216
41116
40143
40217
41117
40144
40218
41118
40145
40219
41119
40146
40220
41120
40147
40221
41121
40148
40222
41122
40149
40223
41123
40150
40224
41124
40151
40225
41125
40152
40226
41126
40153
40227
41127
40154
40228
41128
40155
40229
41129
40156
40230
41130
40157
40231
41131
40158
40232
41132
40159
40233
41133
40160
40234
41134
40161
40235
41135
40162
40236
41136
40163
40237
41137
40164
40238
41138
40165
40239
41139
40166
40240
41140
40167
40241
41141
40168
40242
41142
40169
40243
41143
40170
40244
41144
40171
40245
41145
40172
40246
41146
40173
40247
41147
40174
40248
41148
40175
40249
41149
40176
40250
41150
40177
40251
41151
40178
40252
41152
40179
40253
41153
40180
40254
41154
40181
40255
41155
40182
40256
41156
40183
40257
41157
40184
40258
41158
40185
40259
41159
40186
40260
41160
40187
40261
41161
40188
40262
41162
40189
40263
41163
40190
40264
41164
40191
40265
41165
40192
40266
41166
40193
40267
41167
40194
40268
41168
40195
40269
41169
40196
40270
41170
40197
40271
41171
40198
40272
41172
40199
40273
41173
40274
41174
40201
40275
41175
40202
40276
41176
40203
40277
41177
40204
40278
41178
40205
40279
41179
40206
40280
41180
40207
40281
41181
40208
40282
41182
40209
40283
41183
40210
40284
41184
40211
40285
41185
40212
40286
41186
40213
40287
41187
40214
40288
41188
40215
40289
41189
40216
40290
41190
40217
40291
41191
40218
40292
41192
40219
40293
41193
40220
40294
41194
40221
40295
41195
40222
40296
41196
40223
40297
41197
40224
40298
41198
40225
40299
41199
40226
40300
41200
40227
40301
41201
40228
40302
41202
40229
40303
41203
40230
40304
41204
40231
40305
41205
40232
40306
41206
40233
40307
41207
40234
40308
41208
40235
40309
41209
40236
40310
41210
40237
40311
41211
40238
40312
41212
40239
40313
41213
40240
40314
41214
40241
40315
41215
40242
40316
41216
40243
40317
41217
40244
40318
41218
40245
40319
41219
40246
40320
41220
40247
40321
41221
40248
40322
41222
40249
40323
41223
40250
40324
41224
40251
40325
41225
40252
40326
41226
40253
40327
41227
40254
40328
41228
40255
40329
41229
40256
40330
41230
40257
40331
41231
40258
40332
41232
40259
40333
41233
40260
40334
41234
40261
40335
41235
40262
40336
41236
40263
40337
41237
40264
40338
41238
40265
40339
41239
40266
40340
41240
40267
40341
41241
40268
40342
41242
40269
40343
41243
40270
40344
41244
40271
40345
41245
40272
40346
41246
40273
40347
41247
40274
40348
41248
40349
41249
40276
40350
41250
40277
40351
41251
40278
40352
41252
40279
40353
41253
40280
40354
41254
40281
40355
41255
40282
40356
41256
40283
40357
41257
40284
40358
41258
40285
40359
41259
40286
40360
41260
40287
40361
41261
40288
40362
41262
40289
40363
41263
40290
40364
41264
40291
40365
41265
40292
40366
41266
40293
40367
41267
40294
40368
41268
40295
40369
41269
40296
40370
41270
40297
40371
41271
40298
40372
41272
40299
40373
41273
40300
40374
41274
40301
40375
41275
40302
40376
41276
40303
40377
41277
40304
40378
41278
40305
40379
41279
40306
40380
41280
40307
40381
41281
40308
40382
41282
40309
40383
41283
40310
40384
41284
40311
40385
41285
40312
40386
41286
40313
40387
41287
40314
40388
41288
40315
40389
41289
40316
40390
41290
40317
40391
41291
40318
40392
41292
40319
40393
41293
40320
40394
41294
40321
40395
41295
40322
40396
41296
40323
40397
41297
40324
40398
41298
40325
40399
41299
40326
40400
41300
40327
40401
41301
40328
40402
41302
40329
40403
41303
40330
40404
41304
40331
40405
41305
40332
40406
41306
40333
40407
41307
40334
40408
41308
40335
40409
41309
40336
40410
41310
40337
40411
41311
40338
40412
41312
40339
40413
41313
40340
40414
41314
40341
40415
41315
40342
40416
41316
40343
40417
41317
40344
40418
41318
40345
40419
41319
40346
40420
41320
40347
40421
41321
40348
40422
41322
40349
40423
41323
40424
41324
40351
40425
41325
40352
40426
41326
40353
40427
41327
40354
40428
41328
40355
40429
41329
40356
40430
41330
40357
40431
41331
40358
40432
41332
40359
40433
41333
40360
40434
41334
40361
40435
41335
40362
40436
41336
40363
40437
41337
40364
40438
41338
40365
40439
41339
40366
40440
41340
40367
40441
41341
40368
40442
41342
40369
40443
41343
40370
40444
41344
40371
40445
41345
40372
40446
41346
40373
40447
41347
40374
40448
41348
40375
40449
41349
40376
40450
41350
40377
40451
41351
40378
40452
41352
40379
40453
41353
40380
40454
41354
40381
40455
41355
40382
40456
41356
40383
40457
41357
40384
40458
41358
40385
40459
41359
40386
40460
41360
40387
40461
41361
40388
40462
41362
40389
40463
41363
40390
40464
41364
40391
40465
41365
40392
40466
41366
40393
40467
41367
40394
40468
41368
40395
40469
41369
40396
40470
41370
40397
40471
41371
40398
40472
41372
40399
40473
41373
40400
40474
41374
40401
40475
41375
40402
40476
41376
40403
40477
41377
40404
40478
41378
40405
40479
41379
40406
40480
41380
40407
40481
41381
40408
40482
41382
40409
40483
41383
40410
40484
41384
40411
40485
41385
40412
40486
41386
40413
40487
41387
40414
40488
41388
40415
40489
41389
40416
40490
41390
40417
40491
41391
40418
40492
41392
40419
40493
41393
40420
40494
41394
40421
40495
41395
40422
40496
41396
40423
40497
41397
40424
40498
41398
40499
41399
40426
40500
41400
40427
40501
41401
40428
40502
41402
40429
40503
41403
40430
40504
41404
40431
40505
41405
40432
40506
41406
40433
40507
41407
40434
40508
41408
40435
40509
41409
40436
40510
41410
40437
40511
41411
40438
40512
41412
40439
40513
41413
40440
40514
41414
40441
40515
41415
40442
40516
41416
40443
40517
41417
40444
40518
41418
40445
40519
41419
40446
40520
41420
40447
40521
41421
40448
40522
41422
40449
40523
41423
40450
40524
41424
40451
40525
41425
40452
40526
41426
40453
40527
41427
40454
40528
41428
40455
40529
41429
40456
40530
41430
40457
40531
41431
40458
40532
41432
40459
40533
41433
40460
40534
41434
40461
40535
41435
40462
40536
41436
40463
40537
41437
40464
40538
41438
40465
40539
41439
40466
40540
41440
40467
40541
41441
40468
40542
41442
40469
40543
41443
40470
40544
41444
40471
40545
41445
40472
40546
41446
40473
40547
41447
40474
40548
41448
40475
40549
41449
40476
40550
41450
40477
40551
41451
40478
40552
41452
40479
40553
41453
40480
40554
41454
40481
40555
41455
40482
40556
41456
40483
40557
41457
40484
40558
41458
40485
40559
41459
40486
40560
41460
40487
40561
41461
40488
40562
41462
40489
40563
41463
40490
40564
41464
40491
40565
41465
40492
40566
41466
40493
40567
41467
40494
40568
41468
40495
40569
41469
40496
40570
41470
40497
40571
41471
40498
40572
41472
40499
40573
41473
40574
41474
40501
40575
41475
40502
40576
41476
40503
40577
41477
40504
40578
41478
40505
40579
41479
40506
40580
41480
40507
40581
41481
40508
40582
41482
40509
40583
41483
40510
40584
41484
40511
40585
41485
40512
40586
41486
40513
40587
41487
40514
40588
41488
40515
40589
41489
40516
40590
41490
40517
40591
41491
40518
40592
41492
40519
40593
41493
40520
40594
41494
40521
40595
41495
40522
40596
41496
40523
40597
41497
40524
40598
41498
40525
40599
41499
40526
40600
41500
40527
40601
41501
40528
40602
41502
40529
40603
41503
40530
40604
41504
40531
40605
41505
40532
40606
41506
40533
40607
41507
40534
40608
41508
40535
40609
41509
40536
40610
41510
40537
40611
41511
40538
40612
41512
40539
40613
41513
40540
40614
41514
40541
40615
41515
40542
40616
41516
40543
40617
41517
40544
40618
41518
40545
40619
41519
40546
40620
41520
40547
40621
41521
40548
40622
41522
40549
40623
41523
40550
40624
41524
40551
40625
41525
40552
40626
41526
40553
40627
41527
40554
40628
41528
40555
40629
41529
40556
40630
41530
40557
40631
41531
40558
40632
41532
40559
40633
41533
40560
40634
41534
40561
40635
41535
40562
40636
41536
40563
40637
41537
40564
40638
41538
40565
40639
41539
40566
40640
41540
40567
40641
41541
40568
40642
41542
40569
40643
41543
40570
40644
41544
40571
40645
41545
40572
40646
41546
40573
40647
41547
40574
40648
41548
40649
41549
40576
40650
41550
40577
40651
41551
40578
40652
41552
40579
40653
41553
40580
40654
41554
40581
40655
41555
40582
40656
41556
40583
40657
41557
40584
40658
41558
40585
40659
41559
40586
40660
41560
40587
40661
41561
40588
40662
41562
40589
40663
41563
40590
40664
41564
40591
40665
41565
40592
40666
41566
40593
40667
41567
40594
40668
41568
40595
40669
41569
40596
40670
41570
40597
40671
41571
40598
40672
41572
40599
40673
41573
40600
40674
41574
40601
40675
41575
40602
40676
41576
40603
40677
41577
40604
40678
41578
40605
40679
41579
40606
40680
41580
40607
40681
41581
40608
40682
41582
40609
40683
41583
40610
40684
41584
40611
40685
41585
40612
40686
41586
40613
40687
41587
40614
40688
41588
40615
40689
41589
40616
40690
41590
40617
40691
41591
40618
40692
41592
40619
40693
41593
40620
40694
41594
40621
40695
41595
40622
40696
41596
40623
40697
41597
40624
40698
41598
40625
40699
41599
40626
40700
41600
40627
40701
41601
40628
40702
41602
40629
40703
41603
40630
40704
41604
40631
40705
41605
40632
40706
41606
40633
40707
41607
40634
40708
41608
40635
40709
41609
40636
40710
41610
40637
40711
41611
40638
40712
41612
40639
40713
41613
40640
40714
41614
40641
40715
41615
40642
40716
41616
40643
40717
41617
40644
40718
41618
40645
40719
41619
40646
40720
41620
40647
40721
41621
40648
40722
41622
40649
40723
41623
40724
41624
40651
40725
41625
40652
40726
41626
40653
40727
41627
40654
40728
41628
40655
40729
41629
40656
40730
41630
40657
40731
41631
40658
40732
41632
40659
40733
41633
40660
40734
41634
40661
40735
41635
40662
40736
41636
40663
40737
41637
40664
40738
41638
40665
40739
41639
40666
40740
41640
40667
40741
41641
40668
40742
41642
40669
40743
41643
40670
40744
41644
40671
40745
41645
40672
40746
41646
40673
40747
41647
40674
40748
41648
40675
40749
41649
40676
40750
41650
40677
40751
41651
40678
40752
41652
40679
40753
41653
40680
40754
41654
40681
40755
41655
40682
40756
41656
40683
40757
41657
40684
40758
41658
40685
40759
41659
40686
40760
41660
40687
40761
41661
40688
40762
41662
40689
40763
41663
40690
40764
41664
40691
40765
41665
40692
40766
41666
40693
40767
41667
40694
40768
41668
40695
40769
41669
40696
40770
41670
40697
40771
41671
40698
40772
41672
40699
40773
41673
40700
40774
41674
40701
40775
41675
40702
40776
41676
40703
40777
41677
40704
40778
41678
40705
40779
41679
40706
40780
41680
40707
40781
41681
40708
40782
41682
40709
40783
41683
40710
40784
41684
40711
40785
41685
40712
40786
41686
40713
40787
41687
40714
40788
41688
40715
40789
41689
40716
40790
41690
40717
40791
41691
40718
40792
41692
40719
40793
41693
40720
40794
41694
40721
40795
41695
40722
40796
41696
40723
40797
41697
40724
40798
41698
40799
41699
40726
40800
41700
40727
40801
41701
40728
40802
41702
40729
40803
41703
40730
40804
41704
40731
40805
41705
40732
40806
41706
40733
40807
41707
40734
40808
41708
40735
40809
41709
40736
40810
41710
40737
40811
41711
40738
40812
41712
40739
40813
41713
40740
40814
41714
40741
40815
41715
40742
40816
41716
40743
40817
41717
40744
40818
41718
40745
40819
41719
40746
40820
41720
40747
40821
41721
40748
40822
41722
40749
40823
41723
40750
40824
41724
40751
40825
41725
40752
40826
41726
40753
40827
41727
40754
40828
41728
40755
40829
41729
40756
40830
41730
40757
40831
41731
40758
40832
41732
40759
40833
41733
40760
40834
41734
40761
40835
41735
40762
40836
41736
40763
40837
41737
40764
40838
41738
40765
40839
41739
40766
40840
41740
40767
40841
41741
40768
40842
41742
40769
40843
41743
40770
40844
41744
40771
40845
41745
40772
40846
41746
40773
40847
41747
40774
40848
41748
40775
40849
41749
40776
40850
41750
40777
40851
41751
40778
40852
41752
40779
40853
41753
40780
40854
41754
40781
40855
41755
40782
40856
41756
40783
40857
41757
40784
40858
41758
40785
40859
41759
40786
40860
41760
40787
40861
41761
40788
40862
41762
40789
40863
41763
40790
40864
41764
40791
40865
41765
40792
40866
41766
40793
40867
41767
40794
40868
41768
40795
40869
41769
40796
40870
41770
40797
40871
41771
40798
40872
41772
40799
40873
41773
40874
41774
40801
40875
41775
40802
40876
41776
40803
40877
41777
40804
40878
41778
40805
40879
41779
40806
40880
41780
40807
40881
41781
40808
40882
41782
40809
40883
41783
40810
40884
41784
40811
40885
41785
40812
40886
41786
40813
40887
41787
40814
40888
41788
40815
40889
41789
40816
40890
41790
40817
40891
41791
40818
40892
41792
40819
40893
41793
40820
40894
41794
40821
40895
41795
40822
40896
41796
40823
40897
41797
40824
40898
41798
40825
40899
41799
40826
40900
41800
40827
40901
41801
40828
40902
41802
40829
40903
41803
40830
40904
41804
40831
40905
41805
40832
40906
41806
40833
40907
41807
40834
40908
41808
40835
40909
41809
40836
40910
41810
40837
40911
41811
40838
40912
41812
40839
40913
41813
40840
40914
41814
40841
40915
41815
40842
40916
41816
40843
40917
41817
40844
40918
41818
40845
40919
41819
40846
40920
41820
40847
40921
41821
40848
40922
41822
40849
40923
41823
40850
40924
41824
40851
40925
41825
40852
40926
41826
40853
40927
41827
40854
40928
41828
40855
40929
41829
40856
40930
41830
40857
40931
41831
40858
40932
41832
40859
40933
41833
40860
40934
41834
40861
40935
41835
40862
40936
41836
40863
40937
41837
40864
40938
41838
40865
40939
41839
40866
40940
41840
40867
40941
41841
40868
40942
41842
40869
40943
41843
40870
40944
41844
40871
40945
41845
40872
40946
41846
40873
40947
41847
40874
40948
41848
40949
41849
40876
40950
41850
40877
40951
41851
40878
40952
41852
40879
40953
41853
40880
40954
41854
40881
40955
41855
40882
40956
41856
40883
40957
41857
40884
40958
41858
40885
40959
41859
40886
40960
41860
40887
40961
41861
40888
40962
41862
40889
40963
41863
40890
40964
41864
40891
40965
41865
40892
40966
41866
40893
40967
41867
40894
40968
41868
40895
40969
41869
40896
40970
41870
40897
40971
41871
40898
40972
41872
40899
40973
41873
40900
40974
41874
40901
40975
41875
40902
40976
41876
40903
40977
41877
40904
40978
41878
40905
40979
41879
40906
40980
41880
40907
40981
41881
40908
40982
41882
40909
40983
41883
40910
40984
41884
40911
40985
41885
40912
40986
41886
40913
40987
41887
40914
40988
41888
40915
40989
41889
40916
40990
41890
40917
40991
41891
40918
40992
41892
40919
40993
41893
40920
40994
41894
40921
40995
41895
40922
40996
41896
40923
40997
41897
40924
40998
41898
40925
40999
41899
40926
41000
41900
40927
41001
41901
40928
41002
41902
40929
41003
41903
40930
41004
41904
40931
41005
41905
40932
41006
41906
40933
41007
41907
40934
41008
41908
40935
41009
41909
40936
41010
41910
40937
41011
41911
40938
41012
41912
40939
41013
41913
40940
41014
41914
40941
41015
41915
40942
41016
41916
40943
41017
41917
40944
41018
41918
40945
41019
41919
40946
41020
41920
40947
41021
41921
40948
41022
41922
40949
41023
41923
41024
41924
40951
41025
41925
40952
41026
41926
40953
41027
41927
40954
41028
41928
40955
41029
41929
40956
41030
41930
40957
41031
41931
40958
41032
41932
40959
41033
41933
40960
41034
41934
40961
41035
41935
40962
41036
41936
40963
41037
41937
40964
41038
41938
40965
41039
41939
40966
41040
41940
40967
41041
41941
40968
41042
41942
40969
41043
41943
40970
41044
41944
40971
41045
41945
40972
41046
41946
40973
41047
41947
40974
41048
41948
40975
41049
41949
40976
41050
41950
40977
41051
41951
40978
41052
41952
40979
41053
41953
40980
41054
41954
40981
41055
41955
40982
41056
41956
40983
41057
41957
40984
41058
41958
40985
41059
41959
40986
41060
41960
40987
41061
41961
40988
41062
41962
40989
41063
41963
40990
41064
41964
40991
41065
41965
40992
41066
41966
40993
41067
41967
40994
41068
41968
40995
41069
41969
40996
41070
41970
40997
41071
41971
40998
41072
41972
40999
41073
41973
41000
41074
41974
41001
41075
41975
41002
41076
41976
41003
41077
41977
41004
41078
41978
41005
41079
41979
41006
41080
41980
41007
41081
41981
41008
41082
41982
41009
41083
41983
41010
41084
41984
41011
41085
41985
41012
41086
41986
41013
41087
41987
41014
41088
41988
41015
41089
41989
41016
41090
41990
41017
41091
41991
41018
41092
41992
41019
41093
41993
41020
41094
41994
41021
41095
41995
41022
41096
41996
41023
41097
41997
41024
41098
41998
41099
41999
41026
42000
41027
42001
41028
42002
41029
42003
41030
42004
41031
42005
41032
42006
41033
42007
41034
42008
41035
42009
41036
42010
41037
42011
41038
42012
41039
42013
41040
42014
41041
42015
41042
42016
41043
42017
41044
42018
41045
42019
41046
42020
41047
42021
41048
42022
41049
42023
41050
42024
41051
42025
41052
42026
41053
42027
41054
42028
41055
42029
41056
42030
41057
42031
41058
42032
41059
42033
41060
42034
41061
42035
41062
42036
41063
42037
41064
42038
41065
42039
41066
42040
41067
42041
41068
42042
41069
42043
41070
42044
41071
42045
41072
42046
41073
42047
41074
42048
41075
42049
41076
42050
41077
42051
41078
42052
41079
42053
41080
42054
41081
42055
41082
42056
41083
42057
41084
42058
41085
42059
41086
42060
41087
42061
41088
42062
41089
42063
41090
42064
41091
42065
41092
42066
41093
42067
41094
42068
41095
42069
41096
42070
41097
42071
41098
42072
41099
42073
42074
41101
41175
44175
41102
41176
44176
41103
41177
44177
41104
41178
44178
41105
41179
44179
41106
41180
44180
41107
41181
44181
41108
41182
44182
41109
41183
44183
41110
41184
44184
41111
41185
44185
41112
41186
44186
41113
41187
44187
41114
41188
44188
41115
41189
44189
41116
41190
44190
41117
41191
44191
41118
41192
44192
41119
41193
44193
41120
41194
44194
41121
41195
44195
41122
41196
44196
41123
41197
44197
41124
41198
44198
41125
41199
44199
41126
41200
44200
41127
41201
44201
41128
41202
44202
41129
41203
44203
41130
41204
44204
41131
41205
44205
41132
41206
44206
41133
41207
44207
41134
41208
44208
41135
41209
44209
41136
41210
44210
41137
41211
44211
41138
41212
44212
41139
41213
44213
41140
41214
44214
41141
41215
44215
41142
41216
44216
41143
41217
44217
41144
41218
44218
41145
41219
44219
41146
41220
44220
41147
41221
44221
41148
41222
44222
41149
41223
44223
41150
41224
44224
41151
41225
44225
41152
41226
44226
41153
41227
44227
41154
41228
44228
41155
41229
44229
41156
41230
44230
41157
41231
44231
41158
41232
44232
41159
41233
44233
41160
41234
44234
41161
41235
44235
41162
41236
44236
41163
41237
44237
41164
41238
44238
41165
41239
44239
41166
41240
44240
41167
41241
44241
41168
41242
44242
41169
41243
44243
41170
41244
44244
41171
41245
44245
41172
41246
44246
41173
41247
44247
41174
41248
44248
41249
44249
41176
41250
44250
41177
41251
44251
41178
41252
44252
41179
41253
44253
41180
41254
44254
41181
41255
44255
41182
41256
44256
41183
41257
44257
41184
41258
44258
41185
41259
44259
41186
41260
44260
41187
41261
44261
41188
41262
44262
41189
41263
44263
41190
41264
44264
41191
41265
44265
41192
41266
44266
41193
41267
44267
41194
41268
44268
41195
41269
44269
41196
41270
44270
41197
41271
44271
41198
41272
44272
41199
41273
44273
41200
41274
44274
41201
41275
44275
41202
41276
44276
41203
41277
44277
41204
41278
44278
41205
41279
44279
41206
41280
44280
41207
41281
44281
41208
41282
44282
41209
41283
44283
41210
41284
44284
41211
41285
44285
41212
41286
44286
41213
41287
44287
41214
41288
44288
41215
41289
44289
41216
41290
44290
41217
41291
44291
41218
41292
44292
41219
41293
44293
41220
41294
44294
41221
41295
44295
41222
41296
44296
41223
41297
44297
41224
41298
44298
41225
41299
44299
41226
41300
44300
41227
41301
44301
41228
41302
44302
41229
41303
44303
41230
41304
44304
41231
41305
44305
41232
41306
44306
41233
41307
44307
41234
41308
44308
41235
41309
44309
41236
41310
44310
41237
41311
44311
41238
41312
44312
41239
41313
44313
41240
41314
44314
41241
41315
44315
41242
41316
44316
41243
41317
44317
41244
41318
44318
41245
41319
44319
41246
41320
44320
41247
41321
44321
41248
41322
44322
41249
41323
44323
41324
44324
41251
41325
44325
41252
41326
44326
41253
41327
44327
41254
41328
44328
41255
41329
44329
41256
41330
44330
41257
41331
44331
41258
41332
44332
41259
41333
44333
41260
41334
44334
41261
41335
44335
41262
41336
44336
41263
41337
44337
41264
41338
44338
41265
41339
44339
41266
41340
44340
41267
41341
44341
41268
41342
44342
41269
41343
44343
41270
41344
44344
41271
41345
44345
41272
41346
44346
41273
41347
44347
41274
41348
44348
41275
41349
44349
41276
41350
44350
41277
41351
44351
41278
41352
44352
41279
41353
44353
41280
41354
44354
41281
41355
44355
41282
41356
44356
41283
41357
44357
41284
41358
44358
41285
41359
44359
41286
41360
44360
41287
41361
44361
41288
41362
44362
41289
41363
44363
41290
41364
44364
41291
41365
44365
41292
41366
44366
41293
41367
44367
41294
41368
44368
41295
41369
44369
41296
41370
44370
41297
41371
44371
41298
41372
44372
41299
41373
44373
41300
41374
44374
41301
41375
44375
41302
41376
44376
41303
41377
44377
41304
41378
44378
41305
41379
44379
41306
41380
44380
41307
41381
44381
41308
41382
44382
41309
41383
44383
41310
41384
44384
41311
41385
44385
41312
41386
44386
41313
41387
44387
41314
41388
44388
41315
41389
44389
41316
41390
44390
41317
41391
44391
41318
41392
44392
41319
41393
44393
41320
41394
44394
41321
41395
44395
41322
41396
44396
41323
41397
44397
41324
41398
44398
41399
44399
41326
41400
44400
41327
41401
44401
41328
41402
44402
41329
41403
44403
41330
41404
44404
41331
41405
44405
41332
41406
44406
41333
41407
44407
41334
41408
44408
41335
41409
44409
41336
41410
44410
41337
41411
44411
41338
41412
44412
41339
41413
44413
41340
41414
44414
41341
41415
44415
41342
41416
44416
41343
41417
44417
41344
41418
44418
41345
41419
44419
41346
41420
44420
41347
41421
44421
41348
41422
44422
41349
41423
44423
41350
41424
44424
41351
41425
44425
41352
41426
44426
41353
41427
44427
41354
41428
44428
41355
41429
44429
41356
41430
44430
41357
41431
44431
41358
41432
44432
41359
41433
44433
41360
41434
44434
41361
41435
44435
41362
41436
44436
41363
41437
44437
41364
41438
44438
41365
41439
44439
41366
41440
44440
41367
41441
44441
41368
41442
44442
41369
41443
44443
41370
41444
44444
41371
41445
44445
41372
41446
44446
41373
41447
44447
41374
41448
44448
41375
41449
44449
41376
41450
44450
41377
41451
44451
41378
41452
44452
41379
41453
44453
41380
41454
44454
41381
41455
44455
41382
41456
44456
41383
41457
44457
41384
41458
44458
41385
41459
44459
41386
41460
44460
41387
41461
44461
41388
41462
44462
41389
41463
44463
41390
41464
44464
41391
41465
44465
41392
41466
44466
41393
41467
44467
41394
41468
44468
41395
41469
44469
41396
41470
44470
41397
41471
44471
41398
41472
44472
41399
41473
44473
41474
44474
41401
41475
44475
41402
41476
44476
41403
41477
44477
41404
41478
44478
41405
41479
44479
41406
41480
44480
41407
41481
44481
41408
41482
44482
41409
41483
44483
41410
41484
44484
41411
41485
44485
41412
41486
44486
41413
41487
44487
41414
41488
44488
41415
41489
44489
41416
41490
44490
41417
41491
44491
41418
41492
44492
41419
41493
44493
41420
41494
44494
41421
41495
44495
41422
41496
44496
41423
41497
44497
41424
41498
44498
41425
41499
44499
41426
41500
44500
41427
41501
44501
41428
41502
44502
41429
41503
44503
41430
41504
44504
41431
41505
44505
41432
41506
44506
41433
41507
44507
41434
41508
44508
41435
41509
44509
41436
41510
44510
41437
41511
44511
41438
41512
44512
41439
41513
44513
41440
41514
44514
41441
41515
44515
41442
41516
44516
41443
41517
44517
41444
41518
44518
41445
41519
44519
41446
41520
44520
41447
41521
44521
41448
41522
44522
41449
41523
44523
41450
41524
44524
41451
41525
44525
41452
41526
44526
41453
41527
44527
41454
41528
44528
41455
41529
44529
41456
41530
44530
41457
41531
44531
41458
41532
44532
41459
41533
44533
41460
41534
44534
41461
41535
44535
41462
41536
44536
41463
41537
44537
41464
41538
44538
41465
41539
44539
41466
41540
44540
41467
41541
44541
41468
41542
44542
41469
41543
44543
41470
41544
44544
41471
41545
44545
41472
41546
44546
41473
41547
44547
41474
41548
44548
41549
44549
41476
41550
44550
41477
41551
44551
41478
41552
44552
41479
41553
44553
41480
41554
44554
41481
41555
44555
41482
41556
44556
41483
41557
44557
41484
41558
44558
41485
41559
44559
41486
41560
44560
41487
41561
44561
41488
41562
44562
41489
41563
44563
41490
41564
44564
41491
41565
44565
41492
41566
44566
41493
41567
44567
41494
41568
44568
41495
41569
44569
41496
41570
44570
41497
41571
44571
41498
41572
44572
41499
41573
44573
41500
41574
44574
41501
41575
44575
41502
41576
44576
41503
41577
44577
41504
41578
44578
41505
41579
44579
41506
41580
44580
41507
41581
44581
41508
41582
44582
41509
41583
44583
41510
41584
44584
41511
41585
44585
41512
41586
44586
41513
41587
44587
41514
41588
44588
41515
41589
44589
41516
41590
44590
41517
41591
44591
41518
41592
44592
41519
41593
44593
41520
41594
44594
41521
41595
44595
41522
41596
44596
41523
41597
44597
41524
41598
44598
41525
41599
44599
41526
41600
44600
41527
41601
44601
41528
41602
44602
41529
41603
44603
41530
41604
44604
41531
41605
44605
41532
41606
44606
41533
41607
44607
41534
41608
44608
41535
41609
44609
41536
41610
44610
41537
41611
44611
41538
41612
44612
41539
41613
44613
41540
41614
44614
41541
41615
44615
41542
41616
44616
41543
41617
44617
41544
41618
44618
41545
41619
44619
41546
41620
44620
41547
41621
44621
41548
41622
44622
41549
41623
44623
41624
44624
41551
41625
44625
41552
41626
44626
41553
41627
44627
41554
41628
44628
41555
41629
44629
41556
41630
44630
41557
41631
44631
41558
41632
44632
41559
41633
44633
41560
41634
44634
41561
41635
44635
41562
41636
44636
41563
41637
44637
41564
41638
44638
41565
41639
44639
41566
41640
44640
41567
41641
44641
41568
41642
44642
41569
41643
44643
41570
41644
44644
41571
41645
44645
41572
41646
44646
41573
41647
44647
41574
41648
44648
41575
41649
44649
41576
41650
44650
41577
41651
44651
41578
41652
44652
41579
41653
44653
41580
41654
44654
41581
41655
44655
41582
41656
44656
41583
41657
44657
41584
41658
44658
41585
41659
44659
41586
41660
44660
41587
41661
44661
41588
41662
44662
41589
41663
44663
41590
41664
44664
41591
41665
44665
41592
41666
44666
41593
41667
44667
41594
41668
44668
41595
41669
44669
41596
41670
44670
41597
41671
44671
41598
41672
44672
41599
41673
44673
41600
41674
44674
41601
41675
44675
41602
41676
44676
41603
41677
44677
41604
41678
44678
41605
41679
44679
41606
41680
44680
41607
41681
44681
41608
41682
44682
41609
41683
44683
41610
41684
44684
41611
41685
44685
41612
41686
44686
41613
41687
44687
41614
41688
44688
41615
41689
44689
41616
41690
44690
41617
41691
44691
41618
41692
44692
41619
41693
44693
41620
41694
44694
41621
41695
44695
41622
41696
44696
41623
41697
44697
41624
41698
44698
41699
44699
41626
41700
44700
41627
41701
44701
41628
41702
44702
41629
41703
44703
41630
41704
44704
41631
41705
44705
41632
41706
44706
41633
41707
44707
41634
41708
44708
41635
41709
44709
41636
41710
44710
41637
41711
44711
41638
41712
44712
41639
41713
44713
41640
41714
44714
41641
41715
44715
41642
41716
44716
41643
41717
44717
41644
41718
44718
41645
41719
44719
41646
41720
44720
41647
41721
44721
41648
41722
44722
41649
41723
44723
41650
41724
44724
41651
41725
44725
41652
41726
44726
41653
41727
44727
41654
41728
44728
41655
41729
44729
41656
41730
44730
41657
41731
44731
41658
41732
44732
41659
41733
44733
41660
41734
44734
41661
41735
44735
41662
41736
44736
41663
41737
44737
41664
41738
44738
41665
41739
44739
41666
41740
44740
41667
41741
44741
41668
41742
44742
41669
41743
44743
41670
41744
44744
41671
41745
44745
41672
41746
44746
41673
41747
44747
41674
41748
44748
41675
41749
44749
41676
41750
44750
41677
41751
44751
41678
41752
44752
41679
41753
44753
41680
41754
44754
41681
41755
44755
41682
41756
44756
41683
41757
44757
41684
41758
44758
41685
41759
44759
41686
41760
44760
41687
41761
44761
41688
41762
44762
41689
41763
44763
41690
41764
44764
41691
41765
44765
41692
41766
44766
41693
41767
44767
41694
41768
44768
41695
41769
44769
41696
41770
44770
41697
41771
44771
41698
41772
44772
41699
41773
44773
41774
44774
41701
41775
44775
41702
41776
44776
41703
41777
44777
41704
41778
44778
41705
41779
44779
41706
41780
44780
41707
41781
44781
41708
41782
44782
41709
41783
44783
41710
41784
44784
41711
41785
44785
41712
41786
44786
41713
41787
44787
41714
41788
44788
41715
41789
44789
41716
41790
44790
41717
41791
44791
41718
41792
44792
41719
41793
44793
41720
41794
44794
41721
41795
44795
41722
41796
44796
41723
41797
44797
41724
41798
44798
41725
41799
44799
41726
41800
44800
41727
41801
44801
41728
41802
44802
41729
41803
44803
41730
41804
44804
41731
41805
44805
41732
41806
44806
41733
41807
44807
41734
41808
44808
41735
41809
44809
41736
41810
44810
41737
41811
44811
41738
41812
44812
41739
41813
44813
41740
41814
44814
41741
41815
44815
41742
41816
44816
41743
41817
44817
41744
41818
44818
41745
41819
44819
41746
41820
44820
41747
41821
44821
41748
41822
44822
41749
41823
44823
41750
41824
44824
41751
41825
44825
41752
41826
44826
41753
41827
44827
41754
41828
44828
41755
41829
44829
41756
41830
44830
41757
41831
44831
41758
41832
44832
41759
41833
44833
41760
41834
44834
41761
41835
44835
41762
41836
44836
41763
41837
44837
41764
41838
44838
41765
41839
44839
41766
41840
44840
41767
41841
44841
41768
41842
44842
41769
41843
44843
41770
41844
44844
41771
41845
44845
41772
41846
44846
41773
41847
44847
41774
41848
44848
41849
44849
41776
41850
44850
41777
41851
44851
41778
41852
44852
41779
41853
44853
41780
41854
44854
41781
41855
44855
41782
41856
44856
41783
41857
44857
41784
41858
44858
41785
41859
44859
41786
41860
44860
41787
41861
44861
41788
41862
44862
41789
41863
44863
41790
41864
44864
41791
41865
44865
41792
41866
44866
41793
41867
44867
41794
41868
44868
41795
41869
44869
41796
41870
44870
41797
41871
44871
41798
41872
44872
41799
41873
44873
41800
41874
44874
41801
41875
44875
41802
41876
44876
41803
41877
44877
41804
41878
44878
41805
41879
44879
41806
41880
44880
41807
41881
44881
41808
41882
44882
41809
41883
44883
41810
41884
44884
41811
41885
44885
41812
41886
44886
41813
41887
44887
41814
41888
44888
41815
41889
44889
41816
41890
44890
41817
41891
44891
41818
41892
44892
41819
41893
44893
41820
41894
44894
41821
41895
44895
41822
41896
44896
41823
41897
44897
41824
41898
44898
41825
41899
44899
41826
41900
44900
41827
41901
44901
41828
41902
44902
41829
41903
44903
41830
41904
44904
41831
41905
44905
41832
41906
44906
41833
41907
44907
41834
41908
44908
41835
41909
44909
41836
41910
44910
41837
41911
44911
41838
41912
44912
41839
41913
44913
41840
41914
44914
41841
41915
44915
41842
41916
44916
41843
41917
44917
41844
41918
44918
41845
41919
44919
41846
41920
44920
41847
41921
44921
41848
41922
44922
41849
41923
44923
41924
44924
41851
41925
44925
41852
41926
44926
41853
41927
44927
41854
41928
44928
41855
41929
44929
41856
41930
44930
41857
41931
44931
41858
41932
44932
41859
41933
44933
41860
41934
44934
41861
41935
44935
41862
41936
44936
41863
41937
44937
41864
41938
44938
41865
41939
44939
41866
41940
44940
41867
41941
44941
41868
41942
44942
41869
41943
44943
41870
41944
44944
41871
41945
44945
41872
41946
44946
41873
41947
44947
41874
41948
44948
41875
41949
44949
41876
41950
44950
41877
41951
44951
41878
41952
44952
41879
41953
44953
41880
41954
44954
41881
41955
44955
41882
41956
44956
41883
41957
44957
41884
41958
44958
41885
41959
44959
41886
41960
44960
41887
41961
44961
41888
41962
44962
41889
41963
44963
41890
41964
44964
41891
41965
44965
41892
41966
44966
41893
41967
44967
41894
41968
44968
41895
41969
44969
41896
41970
44970
41897
41971
44971
41898
41972
44972
41899
41973
44973
41900
41974
44974
41901
41975
44975
41902
41976
44976
41903
41977
44977
41904
41978
44978
41905
41979
44979
41906
41980
44980
41907
41981
44981
41908
41982
44982
41909
41983
44983
41910
41984
44984
41911
41985
44985
41912
41986
44986
41913
41987
44987
41914
41988
44988
41915
41989
44989
41916
41990
44990
41917
41991
44991
41918
41992
44992
41919
41993
44993
41920
41994
44994
41921
41995
44995
41922
41996
44996
41923
41997
44997
41924
41998
44998
41999
44999
41926
42000
45000
41927
42001
45001
41928
42002
45002
41929
42003
45003
41930
42004
45004
41931
42005
45005
41932
42006
45006
41933
42007
45007
41934
42008
45008
41935
42009
45009
41936
42010
45010
41937
42011
45011
41938
42012
45012
41939
42013
45013
41940
42014
45014
41941
42015
45015
41942
42016
45016
41943
42017
45017
41944
42018
45018
41945
42019
45019
41946
42020
45020
41947
42021
45021
41948
42022
45022
41949
42023
45023
41950
42024
45024
41951
42025
45025
41952
42026
45026
41953
42027
45027
41954
42028
45028
41955
42029
45029
41956
42030
45030
41957
42031
45031
41958
42032
45032
41959
42033
45033
41960
42034
45034
41961
42035
45035
41962
42036
45036
41963
42037
45037
41964
42038
45038
41965
42039
45039
41966
42040
45040
41967
42041
45041
41968
42042
45042
41969
42043
45043
41970
42044
45044
41971
42045
45045
41972
42046
45046
41973
42047
45047
41974
42048
45048
41975
42049
45049
41976
42050
45050
41977
42051
45051
41978
42052
45052
41979
42053
45053
41980
42054
45054
41981
42055
45055
41982
42056
45056
41983
42057
45057
41984
42058
45058
41985
42059
45059
41986
42060
45060
41987
42061
45061
41988
42062
45062
41989
42063
45063
41990
42064
45064
41991
42065
45065
41992
42066
45066
41993
42067
45067
41994
42068
45068
41995
42069
45069
41996
42070
45070
41997
42071
45071
41998
42072
45072
41999
42073
45073
42074
45074
42001
45075
42002
45076
42003
45077
42004
45078
42005
45079
42006
45080
42007
45081
42008
45082
42009
45083
42010
45084
42011
45085
42012
45086
42013
45087
42014
45088
42015
45089
42016
45090
42017
45091
42018
45092
42019
45093
42020
45094
42021
45095
42022
45096
42023
45097
42024
45098
42025
45099
42026
45100
42027
45101
42028
45102
42029
45103
42030
45104
42031
45105
42032
45106
42033
45107
42034
45108
42035
45109
42036
45110
42037
45111
42038
45112
42039
45113
42040
45114
42041
45115
42042
45116
42043
45117
42044
45118
42045
45119
42046
45120
42047
45121
42048
45122
42049
45123
42050
45124
42051
45125
42052
45126
42053
45127
42054
45128
42055
45129
42056
45130
42057
45131
42058
45132
42059
45133
42060
45134
42061
45135
42062
45136
42063
45137
42064
45138
42065
45139
42066
45140
42067
45141
42068
45142
42069
45143
42070
45144
42071
45145
42072
45146
42073
45147
42074
45148
45149
42076
42150
42375
42077
42151
42376
42078
42152
42377
42079
42153
42378
42080
42154
42379
42081
42155
42380
42082
42156
42381
42083
42157
42382
42084
42158
42383
42085
42159
42384
42086
42160
42385
42087
42161
42386
42088
42162
42387
42089
42163
42388
42090
42164
42389
42091
42165
42390
42092
42166
42391
42093
42167
42392
42094
42168
42393
42095
42169
42394
42096
42170
42395
42097
42171
42396
42098
42172
42397
42099
42173
42398
42100
42174
42399
42101
42175
42400
42102
42176
42401
42103
42177
42402
42104
42178
42403
42105
42179
42404
42106
42180
42405
42107
42181
42406
42108
42182
42407
42109
42183
42408
42110
42184
42409
42111
42185
42410
42112
42186
42411
42113
42187
42412
42114
42188
42413
42115
42189
42414
42116
42190
42415
42117
42191
42416
42118
42192
42417
42119
42193
42418
42120
42194
42419
42121
42195
42420
42122
42196
42421
42123
42197
42422
42124
42198
42423
42125
42199
42424
42126
42200
42425
42127
42201
42426
42128
42202
42427
42129
42203
42428
42130
42204
42429
42131
42205
42430
42132
42206
42431
42133
42207
42432
42134
42208
42433
42135
42209
42434
42136
42210
42435
42137
42211
42436
42138
42212
42437
42139
42213
42438
42140
42214
42439
42141
42215
42440
42142
42216
42441
42143
42217
42442
42144
42218
42443
42145
42219
42444
42146
42220
42445
42147
42221
42446
42148
42222
42447
42149
42223
42448
42224
42449
42151
42225
42450
42152
42226
42451
42153
42227
42452
42154
42228
42453
42155
42229
42454
42156
42230
42455
42157
42231
42456
42158
42232
42457
42159
42233
42458
42160
42234
42459
42161
42235
42460
42162
42236
42461
42163
42237
42462
42164
42238
42463
42165
42239
42464
42166
42240
42465
42167
42241
42466
42168
42242
42467
42169
42243
42468
42170
42244
42469
42171
42245
42470
42172
42246
42471
42173
42247
42472
42174
42248
42473
42175
42249
42474
42176
42250
42475
42177
42251
42476
42178
42252
42477
42179
42253
42478
42180
42254
42479
42181
42255
42480
42182
42256
42481
42183
42257
42482
42184
42258
42483
42185
42259
42484
42186
42260
42485
42187
42261
42486
42188
42262
42487
42189
42263
42488
42190
42264
42489
42191
42265
42490
42192
42266
42491
42193
42267
42492
42194
42268
42493
42195
42269
42494
42196
42270
42495
42197
42271
42496
42198
42272
42497
42199
42273
42498
42200
42274
42499
42201
42275
42500
42202
42276
42501
42203
42277
42502
42204
42278
42503
42205
42279
42504
42206
42280
42505
42207
42281
42506
42208
42282
42507
42209
42283
42508
42210
42284
42509
42211
42285
42510
42212
42286
42511
42213
42287
42512
42214
42288
42513
42215
42289
42514
42216
42290
42515
42217
42291
42516
42218
42292
42517
42219
42293
42518
42220
42294
42519
42221
42295
42520
42222
42296
42521
42223
42297
42522
42224
42298
42523
42299
42524
42226
42300
42525
42227
42301
42526
42228
42302
42527
42229
42303
42528
42230
42304
42529
42231
42305
42530
42232
42306
42531
42233
42307
42532
42234
42308
42533
42235
42309
42534
42236
42310
42535
42237
42311
42536
42238
42312
42537
42239
42313
42538
42240
42314
42539
42241
42315
42540
42242
42316
42541
42243
42317
42542
42244
42318
42543
42245
42319
42544
42246
42320
42545
42247
42321
42546
42248
42322
42547
42249
42323
42548
42250
42324
42549
42251
42325
42550
42252
42326
42551
42253
42327
42552
42254
42328
42553
42255
42329
42554
42256
42330
42555
42257
42331
42556
42258
42332
42557
42259
42333
42558
42260
42334
42559
42261
42335
42560
42262
42336
42561
42263
42337
42562
42264
42338
42563
42265
42339
42564
42266
42340
42565
42267
42341
42566
42268
42342
42567
42269
42343
42568
42270
42344
42569
42271
42345
42570
42272
42346
42571
42273
42347
42572
42274
42348
42573
42275
42349
42574
42276
42350
42575
42277
42351
42576
42278
42352
42577
42279
42353
42578
42280
42354
42579
42281
42355
42580
42282
42356
42581
42283
42357
42582
42284
42358
42583
42285
42359
42584
42286
42360
42585
42287
42361
42586
42288
42362
42587
42289
42363
42588
42290
42364
42589
42291
42365
42590
42292
42366
42591
42293
42367
42592
42294
42368
42593
42295
42369
42594
42296
42370
42595
42297
42371
42596
42298
42372
42597
42299
42373
42598
42374
42599
42301
42600
44175
42302
42601
44176
42303
42602
44177
42304
42603
44178
42305
42604
44179
42306
42605
44180
42307
42606
44181
42308
42607
44182
42309
42608
44183
42310
42609
44184
42311
42610
44185
42312
42611
44186
42313
42612
44187
42314
42613
44188
42315
42614
44189
42316
42615
44190
42317
42616
44191
42318
42617
44192
42319
42618
44193
42320
42619
44194
42321
42620
44195
42322
42621
44196
42323
42622
44197
42324
42623
44198
42325
42624
44199
42326
42625
44200
42327
42626
44201
42328
42627
44202
42329
42628
44203
42330
42629
44204
42331
42630
44205
42332
42631
44206
42333
42632
44207
42334
42633
44208
42335
42634
44209
42336
42635
44210
42337
42636
44211
42338
42637
44212
42339
42638
44213
42340
42639
44214
42341
42640
44215
42342
42641
44216
42343
42642
44217
42344
42643
44218
42345
42644
44219
42346
42645
44220
42347
42646
44221
42348
42647
44222
42349
42648
44223
42350
42649
44224
42351
42650
44225
42352
42651
44226
42353
42652
44227
42354
42653
44228
42355
42654
44229
42356
42655
44230
42357
42656
44231
42358
42657
44232
42359
42658
44233
42360
42659
44234
42361
42660
44235
42362
42661
44236
42363
42662
44237
42364
42663
44238
42365
42664
44239
42366
42665
44240
42367
42666
44241
42368
42667
44242
42369
42668
44243
42370
42669
44244
42371
42670
44245
42372
42671
44246
42373
42672
44247
42374
42673
44248
42674
44249
42376
42450
42675
42377
42451
42676
42378
42452
42677
42379
42453
42678
42380
42454
42679
42381
42455
42680
42382
42456
42681
42383
42457
42682
42384
42458
42683
42385
42459
42684
42386
42460
42685
42387
42461
42686
42388
42462
42687
42389
42463
42688
42390
42464
42689
42391
42465
42690
42392
42466
42691
42393
42467
42692
42394
42468
42693
42395
42469
42694
42396
42470
42695
42397
42471
42696
42398
42472
42697
42399
42473
42698
42400
42474
42699
42401
42475
42700
42402
42476
42701
42403
42477
42702
42404
42478
42703
42405
42479
42704
42406
42480
42705
42407
42481
42706
42408
42482
42707
42409
42483
42708
42410
42484
42709
42411
42485
42710
42412
42486
42711
42413
42487
42712
42414
42488
42713
42415
42489
42714
42416
42490
42715
42417
42491
42716
42418
42492
42717
42419
42493
42718
42420
42494
42719
42421
42495
42720
42422
42496
42721
42423
42497
42722
42424
42498
42723
42425
42499
42724
42426
42500
42725
42427
42501
42726
42428
42502
42727
42429
42503
42728
42430
42504
42729
42431
42505
42730
42432
42506
42731
42433
42507
42732
42434
42508
42733
42435
42509
42734
42436
42510
42735
42437
42511
42736
42438
42512
42737
42439
42513
42738
42440
42514
42739
42441
42515
42740
42442
42516
42741
42443
42517
42742
42444
42518
42743
42445
42519
42744
42446
42520
42745
42447
42521
42746
42448
42522
42747
42449
42523
42748
42524
42749
42451
42525
42750
42452
42526
42751
42453
42527
42752
42454
42528
42753
42455
42529
42754
42456
42530
42755
42457
42531
42756
42458
42532
42757
42459
42533
42758
42460
42534
42759
42461
42535
42760
42462
42536
42761
42463
42537
42762
42464
42538
42763
42465
42539
42764
42466
42540
42765
42467
42541
42766
42468
42542
42767
42469
42543
42768
42470
42544
42769
42471
42545
42770
42472
42546
42771
42473
42547
42772
42474
42548
42773
42475
42549
42774
42476
42550
42775
42477
42551
42776
42478
42552
42777
42479
42553
42778
42480
42554
42779
42481
42555
42780
42482
42556
42781
42483
42557
42782
42484
42558
42783
42485
42559
42784
42486
42560
42785
42487
42561
42786
42488
42562
42787
42489
42563
42788
42490
42564
42789
42491
42565
42790
42492
42566
42791
42493
42567
42792
42494
42568
42793
42495
42569
42794
42496
42570
42795
42497
42571
42796
42498
42572
42797
42499
42573
42798
42500
42574
42799
42501
42575
42800
42502
42576
42801
42503
42577
42802
42504
42578
42803
42505
42579
42804
42506
42580
42805
42507
42581
42806
42508
42582
42807
42509
42583
42808
42510
42584
42809
42511
42585
42810
42512
42586
42811
42513
42587
42812
42514
42588
42813
42515
42589
42814
42516
42590
42815
42517
42591
42816
42518
42592
42817
42519
42593
42818
42520
42594
42819
42521
42595
42820
42522
42596
42821
42523
42597
42822
42524
42598
42823
42599
42824
42526
42600
42825
42527
42601
42826
42528
42602
42827
42529
42603
42828
42530
42604
42829
42531
42605
42830
42532
42606
42831
42533
42607
42832
42534
42608
42833
42535
42609
42834
42536
42610
42835
42537
42611
42836
42538
42612
42837
42539
42613
42838
42540
42614
42839
42541
42615
42840
42542
42616
42841
42543
42617
42842
42544
42618
42843
42545
42619
42844
42546
42620
42845
42547
42621
42846
42548
42622
42847
42549
42623
42848
42550
42624
42849
42551
42625
42850
42552
42626
42851
42553
42627
42852
42554
42628
42853
42555
42629
42854
42556
42630
42855
42557
42631
42856
42558
42632
42857
42559
42633
42858
42560
42634
42859
42561
42635
42860
42562
42636
42861
42563
42637
42862
42564
42638
42863
42565
42639
42864
42566
42640
42865
42567
42641
42866
42568
42642
42867
42569
42643
42868
42570
42644
42869
42571
42645
42870
42572
42646
42871
42573
42647
42872
42574
42648
42873
42575
42649
42874
42576
42650
42875
42577
42651
42876
42578
42652
42877
42579
42653
42878
42580
42654
42879
42581
42655
42880
42582
42656
42881
42583
42657
42882
42584
42658
42883
42585
42659
42884
42586
42660
42885
42587
42661
42886
42588
42662
42887
42589
42663
42888
42590
42664
42889
42591
42665
42890
42592
42666
42891
42593
42667
42892
42594
42668
42893
42595
42669
42894
42596
42670
42895
42597
42671
42896
42598
42672
42897
42599
42673
42898
42674
42899
42601
42900
45150
42602
42901
45151
42603
42902
45152
42604
42903
45153
42605
42904
45154
42606
42905
45155
42607
42906
45156
42608
42907
45157
42609
42908
45158
42610
42909
45159
42611
42910
45160
42612
42911
45161
42613
42912
45162
42614
42913
45163
42615
42914
45164
42616
42915
45165
42617
42916
45166
42618
42917
45167
42619
42918
45168
42620
42919
45169
42621
42920
45170
42622
42921
45171
42623
42922
45172
42624
42923
45173
42625
42924
45174
42626
42925
45175
42627
42926
45176
42628
42927
45177
42629
42928
45178
42630
42929
45179
42631
42930
45180
42632
42931
45181
42633
42932
45182
42634
42933
45183
42635
42934
45184
42636
42935
45185
42637
42936
45186
42638
42937
45187
42639
42938
45188
42640
42939
45189
42641
42940
45190
42642
42941
45191
42643
42942
45192
42644
42943
45193
42645
42944
45194
42646
42945
45195
42647
42946
45196
42648
42947
45197
42649
42948
45198
42650
42949
45199
42651
42950
45200
42652
42951
45201
42653
42952
45202
42654
42953
45203
42655
42954
45204
42656
42955
45205
42657
42956
45206
42658
42957
45207
42659
42958
45208
42660
42959
45209
42661
42960
45210
42662
42961
45211
42663
42962
45212
42664
42963
45213
42665
42964
45214
42666
42965
45215
42667
42966
45216
42668
42967
45217
42669
42968
45218
42670
42969
45219
42671
42970
45220
42672
42971
45221
42673
42972
45222
42674
42973
45223
42974
45224
42676
42750
42975
42677
42751
42976
42678
42752
42977
42679
42753
42978
42680
42754
42979
42681
42755
42980
42682
42756
42981
42683
42757
42982
42684
42758
42983
42685
42759
42984
42686
42760
42985
42687
42761
42986
42688
42762
42987
42689
42763
42988
42690
42764
42989
42691
42765
42990
42692
42766
42991
42693
42767
42992
42694
42768
42993
42695
42769
42994
42696
42770
42995
42697
42771
42996
42698
42772
42997
42699
42773
42998
42700
42774
42999
42701
42775
43000
42702
42776
43001
42703
42777
43002
42704
42778
43003
42705
42779
43004
42706
42780
43005
42707
42781
43006
42708
42782
43007
42709
42783
43008
42710
42784
43009
42711
42785
43010
42712
42786
43011
42713
42787
43012
42714
42788
43013
42715
42789
43014
42716
42790
43015
42717
42791
43016
42718
42792
43017
42719
42793
43018
42720
42794
43019
42721
42795
43020
42722
42796
43021
42723
42797
43022
42724
42798
43023
42725
42799
43024
42726
42800
43025
42727
42801
43026
42728
42802
43027
42729
42803
43028
42730
42804
43029
42731
42805
43030
42732
42806
43031
42733
42807
43032
42734
42808
43033
42735
42809
43034
42736
42810
43035
42737
42811
43036
42738
42812
43037
42739
42813
43038
42740
42814
43039
42741
42815
43040
42742
42816
43041
42743
42817
43042
42744
42818
43043
42745
42819
43044
42746
42820
43045
42747
42821
43046
42748
42822
43047
42749
42823
43048
42824
43049
42751
42825
43050
42752
42826
43051
42753
42827
43052
42754
42828
43053
42755
42829
43054
42756
42830
43055
42757
42831
43056
42758
42832
43057
42759
42833
43058
42760
42834
43059
42761
42835
43060
42762
42836
43061
42763
42837
43062
42764
42838
43063
42765
42839
43064
42766
42840
43065
42767
42841
43066
42768
42842
43067
42769
42843
43068
42770
42844
43069
42771
42845
43070
42772
42846
43071
42773
42847
43072
42774
42848
43073
42775
42849
43074
42776
42850
43075
42777
42851
43076
42778
42852
43077
42779
42853
43078
42780
42854
43079
42781
42855
43080
42782
42856
43081
42783
42857
43082
42784
42858
43083
42785
42859
43084
42786
42860
43085
42787
42861
43086
42788
42862
43087
42789
42863
43088
42790
42864
43089
42791
42865
43090
42792
42866
43091
42793
42867
43092
42794
42868
43093
42795
42869
43094
42796
42870
43095
42797
42871
43096
42798
42872
43097
42799
42873
43098
42800
42874
43099
42801
42875
43100
42802
42876
43101
42803
42877
43102
42804
42878
43103
42805
42879
43104
42806
42880
43105
42807
42881
43106
42808
42882
43107
42809
42883
43108
42810
42884
43109
42811
42885
43110
42812
42886
43111
42813
42887
43112
42814
42888
43113
42815
42889
43114
42816
42890
43115
42817
42891
43116
42818
42892
43117
42819
42893
43118
42820
42894
43119
42821
42895
43120
42822
42896
43121
42823
42897
43122
42824
42898
43123
42899
43124
42826
42900
43125
42827
42901
43126
42828
42902
43127
42829
42903
43128
42830
42904
43129
42831
42905
43130
42832
42906
43131
42833
42907
43132
42834
42908
43133
42835
42909
43134
42836
42910
43135
42837
42911
43136
42838
42912
43137
42839
42913
43138
42840
42914
43139
42841
42915
43140
42842
42916
43141
42843
42917
43142
42844
42918
43143
42845
42919
43144
42846
42920
43145
42847
42921
43146
42848
42922
43147
42849
42923
43148
42850
42924
43149
42851
42925
43150
42852
42926
43151
42853
42927
43152
42854
42928
43153
42855
42929
43154
42856
42930
43155
42857
42931
43156
42858
42932
43157
42859
42933
43158
42860
42934
43159
42861
42935
43160
42862
42936
43161
42863
42937
43162
42864
42938
43163
42865
42939
43164
42866
42940
43165
42867
42941
43166
42868
42942
43167
42869
42943
43168
42870
42944
43169
42871
42945
43170
42872
42946
43171
42873
42947
43172
42874
42948
43173
42875
42949
43174
42876
42950
43175
42877
42951
43176
42878
42952
43177
42879
42953
43178
42880
42954
43179
42881
42955
43180
42882
42956
43181
42883
42957
43182
42884
42958
43183
42885
42959
43184
42886
42960
43185
42887
42961
43186
42888
42962
43187
42889
42963
43188
42890
42964
43189
42891
42965
43190
42892
42966
43191
42893
42967
43192
42894
42968
43193
42895
42969
43194
42896
42970
43195
42897
42971
43196
42898
42972
43197
42899
42973
43198
42974
43199
42901
43200
46125
42902
43201
46126
42903
43202
46127
42904
43203
46128
42905
43204
46129
42906
43205
46130
42907
43206
46131
42908
43207
46132
42909
43208
46133
42910
43209
46134
42911
43210
46135
42912
43211
46136
42913
43212
46137
42914
43213
46138
42915
43214
46139
42916
43215
46140
42917
43216
46141
42918
43217
46142
42919
43218
46143
42920
43219
46144
42921
43220
46145
42922
43221
46146
42923
43222
46147
42924
43223
46148
42925
43224
46149
42926
43225
46150
42927
43226
46151
42928
43227
46152
42929
43228
46153
42930
43229
46154
42931
43230
46155
42932
43231
46156
42933
43232
46157
42934
43233
46158
42935
43234
46159
42936
43235
46160
42937
43236
46161
42938
43237
46162
42939
43238
46163
42940
43239
46164
42941
43240
46165
42942
43241
46166
42943
43242
46167
42944
43243
46168
42945
43244
46169
42946
43245
46170
42947
43246
46171
42948
43247
46172
42949
43248
46173
42950
43249
46174
42951
43250
46175
42952
43251
46176
42953
43252
46177
42954
43253
46178
42955
43254
46179
42956
43255
46180
42957
43256
46181
42958
43257
46182
42959
43258
46183
42960
43259
46184
42961
43260
46185
42962
43261
46186
42963
43262
46187
42964
43263
46188
42965
43264
46189
42966
43265
46190
42967
43266
46191
42968
43267
46192
42969
43268
46193
42970
43269
46194
42971
43270
46195
42972
43271
46196
42973
43272
46197
42974
43273
46198
43274
46199
42976
43050
43275
42977
43051
43276
42978
43052
43277
42979
43053
43278
42980
43054
43279
42981
43055
43280
42982
43056
43281
42983
43057
43282
42984
43058
43283
42985
43059
43284
42986
43060
43285
42987
43061
43286
42988
43062
43287
42989
43063
43288
42990
43064
43289
42991
43065
43290
42992
43066
43291
42993
43067
43292
42994
43068
43293
42995
43069
43294
42996
43070
43295
42997
43071
43296
42998
43072
43297
42999
43073
43298
43000
43074
43299
43001
43075
43300
43002
43076
43301
43003
43077
43302
43004
43078
43303
43005
43079
43304
43006
43080
43305
43007
43081
43306
43008
43082
43307
43009
43083
43308
43010
43084
43309
43011
43085
43310
43012
43086
43311
43013
43087
43312
43014
43088
43313
43015
43089
43314
43016
43090
43315
43017
43091
43316
43018
43092
43317
43019
43093
43318
43020
43094
43319
43021
43095
43320
43022
43096
43321
43023
43097
43322
43024
43098
43323
43025
43099
43324
43026
43100
43325
43027
43101
43326
43028
43102
43327
43029
43103
43328
43030
43104
43329
43031
43105
43330
43032
43106
43331
43033
43107
43332
43034
43108
43333
43035
43109
43334
43036
43110
43335
43037
43111
43336
43038
43112
43337
43039
43113
43338
43040
43114
43339
43041
43115
43340
43042
43116
43341
43043
43117
43342
43044
43118
43343
43045
43119
43344
43046
43120
43345
43047
43121
43346
43048
43122
43347
43049
43123
43348
43124
43349
43051
43125
43350
43052
43126
43351
43053
43127
43352
43054
43128
43353
43055
43129
43354
43056
43130
43355
43057
43131
43356
43058
43132
43357
43059
43133
43358
43060
43134
43359
43061
43135
43360
43062
43136
43361
43063
43137
43362
43064
43138
43363
43065
43139
43364
43066
43140
43365
43067
43141
43366
43068
43142
43367
43069
43143
43368
43070
43144
43369
43071
43145
43370
43072
43146
43371
43073
43147
43372
43074
43148
43373
43075
43149
43374
43076
43150
43375
43077
43151
43376
43078
43152
43377
43079
43153
43378
43080
43154
43379
43081
43155
43380
43082
43156
43381
43083
43157
43382
43084
43158
43383
43085
43159
43384
43086
43160
43385
43087
43161
43386
43088
43162
43387
43089
43163
43388
43090
43164
43389
43091
43165
43390
43092
43166
43391
43093
43167
43392
43094
43168
43393
43095
43169
43394
43096
43170
43395
43097
43171
43396
43098
43172
43397
43099
43173
43398
43100
43174
43399
43101
43175
43400
43102
43176
43401
43103
43177
43402
43104
43178
43403
43105
43179
43404
43106
43180
43405
43107
43181
43406
43108
43182
43407
43109
43183
43408
43110
43184
43409
43111
43185
43410
43112
43186
43411
43113
43187
43412
43114
43188
43413
43115
43189
43414
43116
43190
43415
43117
43191
43416
43118
43192
43417
43119
43193
43418
43120
43194
43419
43121
43195
43420
43122
43196
43421
43123
43197
43422
43124
43198
43423
43199
43424
43126
43200
43425
43127
43201
43426
43128
43202
43427
43129
43203
43428
43130
43204
43429
43131
43205
43430
43132
43206
43431
43133
43207
43432
43134
43208
43433
43135
43209
43434
43136
43210
43435
43137
43211
43436
43138
43212
43437
43139
43213
43438
43140
43214
43439
43141
43215
43440
43142
43216
43441
43143
43217
43442
43144
43218
43443
43145
43219
43444
43146
43220
43445
43147
43221
43446
43148
43222
43447
43149
43223
43448
43150
43224
43449
43151
43225
43450
43152
43226
43451
43153
43227
43452
43154
43228
43453
43155
43229
43454
43156
43230
43455
43157
43231
43456
43158
43232
43457
43159
43233
43458
43160
43234
43459
43161
43235
43460
43162
43236
43461
43163
43237
43462
43164
43238
43463
43165
43239
43464
43166
43240
43465
43167
43241
43466
43168
43242
43467
43169
43243
43468
43170
43244
43469
43171
43245
43470
43172
43246
43471
43173
43247
43472
43174
43248
43473
43175
43249
43474
43176
43250
43475
43177
43251
43476
43178
43252
43477
43179
43253
43478
43180
43254
43479
43181
43255
43480
43182
43256
43481
43183
43257
43482
43184
43258
43483
43185
43259
43484
43186
43260
43485
43187
43261
43486
43188
43262
43487
43189
43263
43488
43190
43264
43489
43191
43265
43490
43192
43266
43491
43193
43267
43492
43194
43268
43493
43195
43269
43494
43196
43270
43495
43197
43271
43496
43198
43272
43497
43199
43273
43498
43274
43499
43201
43500
47100
43202
43501
47101
43203
43502
47102
43204
43503
47103
43205
43504
47104
43206
43505
47105
43207
43506
47106
43208
43507
47107
43209
43508
47108
43210
43509
47109
43211
43510
47110
43212
43511
47111
43213
43512
47112
43214
43513
47113
43215
43514
47114
43216
43515
47115
43217
43516
47116
43218
43517
47117
43219
43518
47118
43220
43519
47119
43221
43520
47120
43222
43521
47121
43223
43522
47122
43224
43523
47123
43225
43524
47124
43226
43525
47125
43227
43526
47126
43228
43527
47127
43229
43528
47128
43230
43529
47129
43231
43530
47130
43232
43531
47131
43233
43532
47132
43234
43533
47133
43235
43534
47134
43236
43535
47135
43237
43536
47136
43238
43537
47137
43239
43538
47138
43240
43539
47139
43241
43540
47140
43242
43541
47141
43243
43542
47142
43244
43543
47143
43245
43544
47144
43246
43545
47145
43247
43546
47146
43248
43547
47147
43249
43548
47148
43250
43549
47149
43251
43550
47150
43252
43551
47151
43253
43552
47152
43254
43553
47153
43255
43554
47154
43256
43555
47155
43257
43556
47156
43258
43557
47157
43259
43558
47158
43260
43559
47159
43261
43560
47160
43262
43561
47161
43263
43562
47162
43264
43563
47163
43265
43564
47164
43266
43565
47165
43267
43566
47166
43268
43567
47167
43269
43568
47168
43270
43569
47169
43271
43570
47170
43272
43571
47171
43273
43572
47172
43274
43573
47173
43574
47174
43276
43350
43575
43277
43351
43576
43278
43352
43577
43279
43353
43578
43280
43354
43579
43281
43355
43580
43282
43356
43581
43283
43357
43582
43284
43358
43583
43285
43359
43584
43286
43360
43585
43287
43361
43586
43288
43362
43587
43289
43363
43588
43290
43364
43589
43291
43365
43590
43292
43366
43591
43293
43367
43592
43294
43368
43593
43295
43369
43594
43296
43370
43595
43297
43371
43596
43298
43372
43597
43299
43373
43598
43300
43374
43599
43301
43375
43600
43302
43376
43601
43303
43377
43602
43304
43378
43603
43305
43379
43604
43306
43380
43605
43307
43381
43606
43308
43382
43607
43309
43383
43608
43310
43384
43609
43311
43385
43610
43312
43386
43611
43313
43387
43612
43314
43388
43613
43315
43389
43614
43316
43390
43615
43317
43391
43616
43318
43392
43617
43319
43393
43618
43320
43394
43619
43321
43395
43620
43322
43396
43621
43323
43397
43622
43324
43398
43623
43325
43399
43624
43326
43400
43625
43327
43401
43626
43328
43402
43627
43329
43403
43628
43330
43404
43629
43331
43405
43630
43332
43406
43631
43333
43407
43632
43334
43408
43633
43335
43409
43634
43336
43410
43635
43337
43411
43636
43338
43412
43637
43339
43413
43638
43340
43414
43639
43341
43415
43640
43342
43416
43641
43343
43417
43642
43344
43418
43643
43345
43419
43644
43346
43420
43645
43347
43421
43646
43348
43422
43647
43349
43423
43648
43424
43649
43351
43425
43650
43352
43426
43651
43353
43427
43652
43354
43428
43653
43355
43429
43654
43356
43430
43655
43357
43431
43656
43358
43432
43657
43359
43433
43658
43360
43434
43659
43361
43435
43660
43362
43436
43661
43363
43437
43662
43364
43438
43663
43365
43439
43664
43366
43440
43665
43367
43441
43666
43368
43442
43667
43369
43443
43668
43370
43444
43669
43371
43445
43670
43372
43446
43671
43373
43447
43672
43374
43448
43673
43375
43449
43674
43376
43450
43675
43377
43451
43676
43378
43452
43677
43379
43453
43678
43380
43454
43679
43381
43455
43680
43382
43456
43681
43383
43457
43682
43384
43458
43683
43385
43459
43684
43386
43460
43685
43387
43461
43686
43388
43462
43687
43389
43463
43688
43390
43464
43689
43391
43465
43690
43392
43466
43691
43393
43467
43692
43394
43468
43693
43395
43469
43694
43396
43470
43695
43397
43471
43696
43398
43472
43697
43399
43473
43698
43400
43474
43699
43401
43475
43700
43402
43476
43701
43403
43477
43702
43404
43478
43703
43405
43479
43704
43406
43480
43705
43407
43481
43706
43408
43482
43707
43409
43483
43708
43410
43484
43709
43411
43485
43710
43412
43486
43711
43413
43487
43712
43414
43488
43713
43415
43489
43714
43416
43490
43715
43417
43491
43716
43418
43492
43717
43419
43493
43718
43420
43494
43719
43421
43495
43720
43422
43496
43721
43423
43497
43722
43424
43498
43723
43499
43724
43426
43500
43725
43427
43501
43726
43428
43502
43727
43429
43503
43728
43430
43504
43729
43431
43505
43730
43432
43506
43731
43433
43507
43732
43434
43508
43733
43435
43509
43734
43436
43510
43735
43437
43511
43736
43438
43512
43737
43439
43513
43738
43440
43514
43739
43441
43515
43740
43442
43516
43741
43443
43517
43742
43444
43518
43743
43445
43519
43744
43446
43520
43745
43447
43521
43746
43448
43522
43747
43449
43523
43748
43450
43524
43749
43451
43525
43750
43452
43526
43751
43453
43527
43752
43454
43528
43753
43455
43529
43754
43456
43530
43755
43457
43531
43756
43458
43532
43757
43459
43533
43758
43460
43534
43759
43461
43535
43760
43462
43536
43761
43463
43537
43762
43464
43538
43763
43465
43539
43764
43466
43540
43765
43467
43541
43766
43468
43542
43767
43469
43543
43768
43470
43544
43769
43471
43545
43770
43472
43546
43771
43473
43547
43772
43474
43548
43773
43475
43549
43774
43476
43550
43775
43477
43551
43776
43478
43552
43777
43479
43553
43778
43480
43554
43779
43481
43555
43780
43482
43556
43781
43483
43557
43782
43484
43558
43783
43485
43559
43784
43486
43560
43785
43487
43561
43786
43488
43562
43787
43489
43563
43788
43490
43564
43789
43491
43565
43790
43492
43566
43791
43493
43567
43792
43494
43568
43793
43495
43569
43794
43496
43570
43795
43497
43571
43796
43498
43572
43797
43499
43573
43798
43574
43799
43501
43800
48075
43502
43801
48076
43503
43802
48077
43504
43803
48078
43505
43804
48079
43506
43805
48080
43507
43806
48081
43508
43807
48082
43509
43808
48083
43510
43809
48084
43511
43810
48085
43512
43811
48086
43513
43812
48087
43514
43813
48088
43515
43814
48089
43516
43815
48090
43517
43816
48091
43518
43817
48092
43519
43818
48093
43520
43819
48094
43521
43820
48095
43522
43821
48096
43523
43822
48097
43524
43823
48098
43525
43824
48099
43526
43825
48100
43527
43826
48101
43528
43827
48102
43529
43828
48103
43530
43829
48104
43531
43830
48105
43532
43831
48106
43533
43832
48107
43534
43833
48108
43535
43834
48109
43536
43835
48110
43537
43836
48111
43538
43837
48112
43539
43838
48113
43540
43839
48114
43541
43840
48115
43542
43841
48116
43543
43842
48117
43544
43843
48118
43545
43844
48119
43546
43845
48120
43547
43846
48121
43548
43847
48122
43549
43848
48123
43550
43849
48124
43551
43850
48125
43552
43851
48126
43553
43852
48127
43554
43853
48128
43555
43854
48129
43556
43855
48130
43557
43856
48131
43558
43857
48132
43559
43858
48133
43560
43859
48134
43561
43860
48135
43562
43861
48136
43563
43862
48137
43564
43863
48138
43565
43864
48139
43566
43865
48140
43567
43866
48141
43568
43867
48142
43569
43868
48143
43570
43869
48144
43571
43870
48145
43572
43871
48146
43573
43872
48147
43574
43873
48148
43874
48149
43576
43650
43875
43577
43651
43876
43578
43652
43877
43579
43653
43878
43580
43654
43879
43581
43655
43880
43582
43656
43881
43583
43657
43882
43584
43658
43883
43585
43659
43884
43586
43660
43885
43587
43661
43886
43588
43662
43887
43589
43663
43888
43590
43664
43889
43591
43665
43890
43592
43666
43891
43593
43667
43892
43594
43668
43893
43595
43669
43894
43596
43670
43895
43597
43671
43896
43598
43672
43897
43599
43673
43898
43600
43674
43899
43601
43675
43900
43602
43676
43901
43603
43677
43902
43604
43678
43903
43605
43679
43904
43606
43680
43905
43607
43681
43906
43608
43682
43907
43609
43683
43908
43610
43684
43909
43611
43685
43910
43612
43686
43911
43613
43687
43912
43614
43688
43913
43615
43689
43914
43616
43690
43915
43617
43691
43916
43618
43692
43917
43619
43693
43918
43620
43694
43919
43621
43695
43920
43622
43696
43921
43623
43697
43922
43624
43698
43923
43625
43699
43924
43626
43700
43925
43627
43701
43926
43628
43702
43927
43629
43703
43928
43630
43704
43929
43631
43705
43930
43632
43706
43931
43633
43707
43932
43634
43708
43933
43635
43709
43934
43636
43710
43935
43637
43711
43936
43638
43712
43937
43639
43713
43938
43640
43714
43939
43641
43715
43940
43642
43716
43941
43643
43717
43942
43644
43718
43943
43645
43719
43944
43646
43720
43945
43647
43721
43946
43648
43722
43947
43649
43723
43948
43724
43949
43651
43725
43950
43652
43726
43951
43653
43727
43952
43654
43728
43953
43655
43729
43954
43656
43730
43955
43657
43731
43956
43658
43732
43957
43659
43733
43958
43660
43734
43959
43661
43735
43960
43662
43736
43961
43663
43737
43962
43664
43738
43963
43665
43739
43964
43666
43740
43965
43667
43741
43966
43668
43742
43967
43669
43743
43968
43670
43744
43969
43671
43745
43970
43672
43746
43971
43673
43747
43972
43674
43748
43973
43675
43749
43974
43676
43750
43975
43677
43751
43976
43678
43752
43977
43679
43753
43978
43680
43754
43979
43681
43755
43980
43682
43756
43981
43683
43757
43982
43684
43758
43983
43685
43759
43984
43686
43760
43985
43687
43761
43986
43688
43762
43987
43689
43763
43988
43690
43764
43989
43691
43765
43990
43692
43766
43991
43693
43767
43992
43694
43768
43993
43695
43769
43994
43696
43770
43995
43697
43771
43996
43698
43772
43997
43699
43773
43998
43700
43774
43999
43701
43775
44000
43702
43776
44001
43703
43777
44002
43704
43778
44003
43705
43779
44004
43706
43780
44005
43707
43781
44006
43708
43782
44007
43709
43783
44008
43710
43784
44009
43711
43785
44010
43712
43786
44011
43713
43787
44012
43714
43788
44013
43715
43789
44014
43716
43790
44015
43717
43791
44016
43718
43792
44017
43719
43793
44018
43720
43794
44019
43721
43795
44020
43722
43796
44021
43723
43797
44022
43724
43798
44023
43799
44024
43726
43800
44025
43727
43801
44026
43728
43802
44027
43729
43803
44028
43730
43804
44029
43731
43805
44030
43732
43806
44031
43733
43807
44032
43734
43808
44033
43735
43809
44034
43736
43810
44035
43737
43811
44036
43738
43812
44037
43739
43813
44038
43740
43814
44039
43741
43815
44040
43742
43816
44041
43743
43817
44042
43744
43818
44043
43745
43819
44044
43746
43820
44045
43747
43821
44046
43748
43822
44047
43749
43823
44048
43750
43824
44049
43751
43825
44050
43752
43826
44051
43753
43827
44052
43754
43828
44053
43755
43829
44054
43756
43830
44055
43757
43831
44056
43758
43832
44057
43759
43833
44058
43760
43834
44059
43761
43835
44060
43762
43836
44061
43763
43837
44062
43764
43838
44063
43765
43839
44064
43766
43840
44065
43767
43841
44066
43768
43842
44067
43769
43843
44068
43770
43844
44069
43771
43845
44070
43772
43846
44071
43773
43847
44072
43774
43848
44073
43775
43849
44074
43776
43850
44075
43777
43851
44076
43778
43852
44077
43779
43853
44078
43780
43854
44079
43781
43855
44080
43782
43856
44081
43783
43857
44082
43784
43858
44083
43785
43859
44084
43786
43860
44085
43787
43861
44086
43788
43862
44087
43789
43863
44088
43790
43864
44089
43791
43865
44090
43792
43866
44091
43793
43867
44092
43794
43868
44093
43795
43869
44094
43796
43870
44095
43797
43871
44096
43798
43872
44097
43799
43873
44098
43874
44099
43801
44100
49050
43802
44101
49051
43803
44102
49052
43804
44103
49053
43805
44104
49054
43806
44105
49055
43807
44106
49056
43808
44107
49057
43809
44108
49058
43810
44109
49059
43811
44110
49060
43812
44111
49061
43813
44112
49062
43814
44113
49063
43815
44114
49064
43816
44115
49065
43817
44116
49066
43818
44117
49067
43819
44118
49068
43820
44119
49069
43821
44120
49070
43822
44121
49071
43823
44122
49072
43824
44123
49073
43825
44124
49074
43826
44125
49075
43827
44126
49076
43828
44127
49077
43829
44128
49078
43830
44129
49079
43831
44130
49080
43832
44131
49081
43833
44132
49082
43834
44133
49083
43835
44134
49084
43836
44135
49085
43837
44136
49086
43838
44137
49087
43839
44138
49088
43840
44139
49089
43841
44140
49090
43842
44141
49091
43843
44142
49092
43844
44143
49093
43845
44144
49094
43846
44145
49095
43847
44146
49096
43848
44147
49097
43849
44148
49098
43850
44149
49099
43851
44150
49100
43852
44151
49101
43853
44152
49102
43854
44153
49103
43855
44154
49104
43856
44155
49105
43857
44156
49106
43858
44157
49107
43859
44158
49108
43860
44159
49109
43861
44160
49110
43862
44161
49111
43863
44162
49112
43864
44163
49113
43865
44164
49114
43866
44165
49115
43867
44166
49116
43868
44167
49117
43869
44168
49118
43870
44169
49119
43871
44170
49120
43872
44171
49121
43873
44172
49122
43874
44173
49123
44174
49124
43876
43950
43877
43951
43878
43952
43879
43953
43880
43954
43881
43955
43882
43956
43883
43957
43884
43958
43885
43959
43886
43960
43887
43961
43888
43962
43889
43963
43890
43964
43891
43965
43892
43966
43893
43967
43894
43968
43895
43969
43896
43970
43897
43971
43898
43972
43899
43973
43900
43974
43901
43975
43902
43976
43903
43977
43904
43978
43905
43979
43906
43980
43907
43981
43908
43982
43909
43983
43910
43984
43911
43985
43912
43986
43913
43987
43914
43988
43915
43989
43916
43990
43917
43991
43918
43992
43919
43993
43920
43994
43921
43995
43922
43996
43923
43997
43924
43998
43925
43999
43926
44000
43927
44001
43928
44002
43929
44003
43930
44004
43931
44005
43932
44006
43933
44007
43934
44008
43935
44009
43936
44010
43937
44011
43938
44012
43939
44013
43940
44014
43941
44015
43942
44016
43943
44017
43944
44018
43945
44019
43946
44020
43947
44021
43948
44022
43949
44023
44024
43951
44025
43952
44026
43953
44027
43954
44028
43955
44029
43956
44030
43957
44031
43958
44032
43959
44033
43960
44034
43961
44035
43962
44036
43963
44037
43964
44038
43965
44039
43966
44040
43967
44041
43968
44042
43969
44043
43970
44044
43971
44045
43972
44046
43973
44047
43974
44048
43975
44049
43976
44050
43977
44051
43978
44052
43979
44053
43980
44054
43981
44055
43982
44056
43983
44057
43984
44058
43985
44059
43986
44060
43987
44061
43988
44062
43989
44063
43990
44064
43991
44065
43992
44066
43993
44067
43994
44068
43995
44069
43996
44070
43997
44071
43998
44072
43999
44073
44000
44074
44001
44075
44002
44076
44003
44077
44004
44078
44005
44079
44006
44080
44007
44081
44008
44082
44009
44083
44010
44084
44011
44085
44012
44086
44013
44087
44014
44088
44015
44089
44016
44090
44017
44091
44018
44092
44019
44093
44020
44094
44021
44095
44022
44096
44023
44097
44024
44098
44099
44026
44100
44027
44101
44028
44102
44029
44103
44030
44104
44031
44105
44032
44106
44033
44107
44034
44108
44035
44109
44036
44110
44037
44111
44038
44112
44039
44113
44040
44114
44041
44115
44042
44116
44043
44117
44044
44118
44045
44119
44046
44120
44047
44121
44048
44122
44049
44123
44050
44124
44051
44125
44052
44126
44053
44127
44054
44128
44055
44129
44056
44130
44057
44131
44058
44132
44059
44133
44060
44134
44061
44135
44062
44136
44063
44137
44064
44138
44065
44139
44066
44140
44067
44141
44068
44142
44069
44143
44070
44144
44071
44145
44072
44146
44073
44147
44074
44148
44075
44149
44076
44150
44077
44151
44078
44152
44079
44153
44080
44154
44081
44155
44082
44156
44083
44157
44084
44158
44085
44159
44086
44160
44087
44161
44088
44162
44089
44163
44090
44164
44091
44165
44092
44166
44093
44167
44094
44168
44095
44169
44096
44170
44097
44171
44098
44172
44099
44173
44174
44101
50025
44102
50026
44103
50027
44104
50028
44105
50029
44106
50030
44107
50031
44108
50032
44109
50033
44110
50034
44111
50035
44112
50036
44113
50037
44114
50038
44115
50039
44116
50040
44117
50041
44118
50042
44119
50043
44120
50044
44121
50045
44122
50046
44123
50047
44124
50048
44125
50049
44126
50050
44127
50051
44128
50052
44129
50053
44130
50054
44131
50055
44132
50056
44133
50057
44134
50058
44135
50059
44136
50060
44137
50061
44138
50062
44139
50063
44140
50064
44141
50065
44142
50066
44143
50067
44144
50068
44145
50069
44146
50070
44147
50071
44148
50072
44149
50073
44150
50074
44151
50075
44152
50076
44153
50077
44154
50078
44155
50079
44156
50080
44157
50081
44158
50082
44159
50083
44160
50084
44161
50085
44162
50086
44163
50087
44164
50088
44165
50089
44166
50090
44167
50091
44168
50092
44169
50093
44170
50094
44171
50095
44172
50096
44173
50097
44174
50098
50099
44176
44250
45150
44177
44251
45151
44178
44252
45152
44179
44253
45153
44180
44254
45154
44181
44255
45155
44182
44256
45156
44183
44257
45157
44184
44258
45158
44185
44259
45159
44186
44260
45160
44187
44261
45161
44188
44262
45162
44189
44263
45163
44190
44264
45164
44191
44265
45165
44192
44266
45166
44193
44267
45167
44194
44268
45168
44195
44269
45169
44196
44270
45170
44197
44271
45171
44198
44272
45172
44199
44273
45173
44200
44274
45174
44201
44275
45175
44202
44276
45176
44203
44277
45177
44204
44278
45178
44205
44279
45179
44206
44280
45180
44207
44281
45181
44208
44282
45182
44209
44283
45183
44210
44284
45184
44211
44285
45185
44212
44286
45186
44213
44287
45187
44214
44288
45188
44215
44289
45189
44216
44290
45190
44217
44291
45191
44218
44292
45192
44219
44293
45193
44220
44294
45194
44221
44295
45195
44222
44296
45196
44223
44297
45197
44224
44298
45198
44225
44299
45199
44226
44300
45200
44227
44301
45201
44228
44302
45202
44229
44303
45203
44230
44304
45204
44231
44305
45205
44232
44306
45206
44233
44307
45207
44234
44308
45208
44235
44309
45209
44236
44310
45210
44237
44311
45211
44238
44312
45212
44239
44313
45213
44240
44314
45214
44241
44315
45215
44242
44316
45216
44243
44317
45217
44244
44318
45218
44245
44319
45219
44246
44320
45220
44247
44321
45221
44248
44322
45222
44249
44323
45223
44324
45224
44251
44325
45225
44252
44326
45226
44253
44327
45227
44254
44328
45228
44255
44329
45229
44256
44330
45230
44257
44331
45231
44258
44332
45232
44259
44333
45233
44260
44334
45234
44261
44335
45235
44262
44336
45236
44263
44337
45237
44264
44338
45238
44265
44339
45239
44266
44340
45240
44267
44341
45241
44268
44342
45242
44269
44343
45243
44270
44344
45244
44271
44345
45245
44272
44346
45246
44273
44347
45247
44274
44348
45248
44275
44349
45249
44276
44350
45250
44277
44351
45251
44278
44352
45252
44279
44353
45253
44280
44354
45254
44281
44355
45255
44282
44356
45256
44283
44357
45257
44284
44358
45258
44285
44359
45259
44286
44360
45260
44287
44361
45261
44288
44362
45262
44289
44363
45263
44290
44364
45264
44291
44365
45265
44292
44366
45266
44293
44367
45267
44294
44368
45268
44295
44369
45269
44296
44370
45270
44297
44371
45271
44298
44372
45272
44299
44373
45273
44300
44374
45274
44301
44375
45275
44302
44376
45276
44303
44377
45277
44304
44378
45278
44305
44379
45279
44306
44380
45280
44307
44381
45281
44308
44382
45282
44309
44383
45283
44310
44384
45284
44311
44385
45285
44312
44386
45286
44313
44387
45287
44314
44388
45288
44315
44389
45289
44316
44390
45290
44317
44391
45291
44318
44392
45292
44319
44393
45293
44320
44394
45294
44321
44395
45295
44322
44396
45296
44323
44397
45297
44324
44398
45298
44399
45299
44326
44400
45300
44327
44401
45301
44328
44402
45302
44329
44403
45303
44330
44404
45304
44331
44405
45305
44332
44406
45306
44333
44407
45307
44334
44408
45308
44335
44409
45309
44336
44410
45310
44337
44411
45311
44338
44412
45312
44339
44413
45313
44340
44414
45314
44341
44415
45315
44342
44416
45316
44343
44417
45317
44344
44418
45318
44345
44419
45319
44346
44420
45320
44347
44421
45321
44348
44422
45322
44349
44423
45323
44350
44424
45324
44351
44425
45325
44352
44426
45326
44353
44427
45327
44354
44428
45328
44355
44429
45329
44356
44430
45330
44357
44431
45331
44358
44432
45332
44359
44433
45333
44360
44434
45334
44361
44435
45335
44362
44436
45336
44363
44437
45337
44364
44438
45338
44365
44439
45339
44366
44440
45340
44367
44441
45341
44368
44442
45342
44369
44443
45343
44370
44444
45344
44371
44445
45345
44372
44446
45346
44373
44447
45347
44374
44448
45348
44375
44449
45349
44376
44450
45350
44377
44451
45351
44378
44452
45352
44379
44453
45353
44380
44454
45354
44381
44455
45355
44382
44456
45356
44383
44457
45357
44384
44458
45358
44385
44459
45359
44386
44460
45360
44387
44461
45361
44388
44462
45362
44389
44463
45363
44390
44464
45364
44391
44465
45365
44392
44466
45366
44393
44467
45367
44394
44468
45368
44395
44469
45369
44396
44470
45370
44397
44471
45371
44398
44472
45372
44399
44473
45373
44474
45374
44401
44475
45375
44402
44476
45376
44403
44477
45377
44404
44478
45378
44405
44479
45379
44406
44480
45380
44407
44481
45381
44408
44482
45382
44409
44483
45383
44410
44484
45384
44411
44485
45385
44412
44486
45386
44413
44487
45387
44414
44488
45388
44415
44489
45389
44416
44490
45390
44417
44491
45391
44418
44492
45392
44419
44493
45393
44420
44494
45394
44421
44495
45395
44422
44496
45396
44423
44497
45397
44424
44498
45398
44425
44499
45399
44426
44500
45400
44427
44501
45401
44428
44502
45402
44429
44503
45403
44430
44504
45404
44431
44505
45405
44432
44506
45406
44433
44507
45407
44434
44508
45408
44435
44509
45409
44436
44510
45410
44437
44511
45411
44438
44512
45412
44439
44513
45413
44440
44514
45414
44441
44515
45415
44442
44516
45416
44443
44517
45417
44444
44518
45418
44445
44519
45419
44446
44520
45420
44447
44521
45421
44448
44522
45422
44449
44523
45423
44450
44524
45424
44451
44525
45425
44452
44526
45426
44453
44527
45427
44454
44528
45428
44455
44529
45429
44456
44530
45430
44457
44531
45431
44458
44532
45432
44459
44533
45433
44460
44534
45434
44461
44535
45435
44462
44536
45436
44463
44537
45437
44464
44538
45438
44465
44539
45439
44466
44540
45440
44467
44541
45441
44468
44542
45442
44469
44543
45443
44470
44544
45444
44471
44545
45445
44472
44546
45446
44473
44547
45447
44474
44548
45448
44549
45449
44476
44550
45450
44477
44551
45451
44478
44552
45452
44479
44553
45453
44480
44554
45454
44481
44555
45455
44482
44556
45456
44483
44557
45457
44484
44558
45458
44485
44559
45459
44486
44560
45460
44487
44561
45461
44488
44562
45462
44489
44563
45463
44490
44564
45464
44491
44565
45465
44492
44566
45466
44493
44567
45467
44494
44568
45468
44495
44569
45469
44496
44570
45470
44497
44571
45471
44498
44572
45472
44499
44573
45473
44500
44574
45474
44501
44575
45475
44502
44576
45476
44503
44577
45477
44504
44578
45478
44505
44579
45479
44506
44580
45480
44507
44581
45481
44508
44582
45482
44509
44583
45483
44510
44584
45484
44511
44585
45485
44512
44586
45486
44513
44587
45487
44514
44588
45488
44515
44589
45489
44516
44590
45490
44517
44591
45491
44518
44592
45492
44519
44593
45493
44520
44594
45494
44521
44595
45495
44522
44596
45496
44523
44597
45497
44524
44598
45498
44525
44599
45499
44526
44600
45500
44527
44601
45501
44528
44602
45502
44529
44603
45503
44530
44604
45504
44531
44605
45505
44532
44606
45506
44533
44607
45507
44534
44608
45508
44535
44609
45509
44536
44610
45510
44537
44611
45511
44538
44612
45512
44539
44613
45513
44540
44614
45514
44541
44615
45515
44542
44616
45516
44543
44617
45517
44544
44618
45518
44545
44619
45519
44546
44620
45520
44547
44621
45521
44548
44622
45522
44549
44623
45523
44624
45524
44551
44625
45525
44552
44626
45526
44553
44627
45527
44554
44628
45528
44555
44629
45529
44556
44630
45530
44557
44631
45531
44558
44632
45532
44559
44633
45533
44560
44634
45534
44561
44635
45535
44562
44636
45536
44563
44637
45537
44564
44638
45538
44565
44639
45539
44566
44640
45540
44567
44641
45541
44568
44642
45542
44569
44643
45543
44570
44644
45544
44571
44645
45545
44572
44646
45546
44573
44647
45547
44574
44648
45548
44575
44649
45549
44576
44650
45550
44577
44651
45551
44578
44652
45552
44579
44653
45553
44580
44654
45554
44581
44655
45555
44582
44656
45556
44583
44657
45557
44584
44658
45558
44585
44659
45559
44586
44660
45560
44587
44661
45561
44588
44662
45562
44589
44663
45563
44590
44664
45564
44591
44665
45565
44592
44666
45566
44593
44667
45567
44594
44668
45568
44595
44669
45569
44596
44670
45570
44597
44671
45571
44598
44672
45572
44599
44673
45573
44600
44674
45574
44601
44675
45575
44602
44676
45576
44603
44677
45577
44604
44678
45578
44605
44679
45579
44606
44680
45580
44607
44681
45581
44608
44682
45582
44609
44683
45583
44610
44684
45584
44611
44685
45585
44612
44686
45586
44613
44687
45587
44614
44688
45588
44615
44689
45589
44616
44690
45590
44617
44691
45591
44618
44692
45592
44619
44693
45593
44620
44694
45594
44621
44695
45595
44622
44696
45596
44623
44697
45597
44624
44698
45598
44699
45599
44626
44700
45600
44627
44701
45601
44628
44702
45602
44629
44703
45603
44630
44704
45604
44631
44705
45605
44632
44706
45606
44633
44707
45607
44634
44708
45608
44635
44709
45609
44636
44710
45610
44637
44711
45611
44638
44712
45612
44639
44713
45613
44640
44714
45614
44641
44715
45615
44642
44716
45616
44643
44717
45617
44644
44718
45618
44645
44719
45619
44646
44720
45620
44647
44721
45621
44648
44722
45622
44649
44723
45623
44650
44724
45624
44651
44725
45625
44652
44726
45626
44653
44727
45627
44654
44728
45628
44655
44729
45629
44656
44730
45630
44657
44731
45631
44658
44732
45632
44659
44733
45633
44660
44734
45634
44661
44735
45635
44662
44736
45636
44663
44737
45637
44664
44738
45638
44665
44739
45639
44666
44740
45640
44667
44741
45641
44668
44742
45642
44669
44743
45643
44670
44744
45644
44671
44745
45645
44672
44746
45646
44673
44747
45647
44674
44748
45648
44675
44749
45649
44676
44750
45650
44677
44751
45651
44678
44752
45652
44679
44753
45653
44680
44754
45654
44681
44755
45655
44682
44756
45656
44683
44757
45657
44684
44758
45658
44685
44759
45659
44686
44760
45660
44687
44761
45661
44688
44762
45662
44689
44763
45663
44690
44764
45664
44691
44765
45665
44692
44766
45666
44693
44767
45667
44694
44768
45668
44695
44769
45669
44696
44770
45670
44697
44771
45671
44698
44772
45672
44699
44773
45673
44774
45674
44701
44775
45675
44702
44776
45676
44703
44777
45677
44704
44778
45678
44705
44779
45679
44706
44780
45680
44707
44781
45681
44708
44782
45682
44709
44783
45683
44710
44784
45684
44711
44785
45685
44712
44786
45686
44713
44787
45687
44714
44788
45688
44715
44789
45689
44716
44790
45690
44717
44791
45691
44718
44792
45692
44719
44793
45693
44720
44794
45694
44721
44795
45695
44722
44796
45696
44723
44797
45697
44724
44798
45698
44725
44799
45699
44726
44800
45700
44727
44801
45701
44728
44802
45702
44729
44803
45703
44730
44804
45704
44731
44805
45705
44732
44806
45706
44733
44807
45707
44734
44808
45708
44735
44809
45709
44736
44810
45710
44737
44811
45711
44738
44812
45712
44739
44813
45713
44740
44814
45714
44741
44815
45715
44742
44816
45716
44743
44817
45717
44744
44818
45718
44745
44819
45719
44746
44820
45720
44747
44821
45721
44748
44822
45722
44749
44823
45723
44750
44824
45724
44751
44825
45725
44752
44826
45726
44753
44827
45727
44754
44828
45728
44755
44829
45729
44756
44830
45730
44757
44831
45731
44758
44832
45732
44759
44833
45733
44760
44834
45734
44761
44835
45735
44762
44836
45736
44763
44837
45737
44764
44838
45738
44765
44839
45739
44766
44840
45740
44767
44841
45741
44768
44842
45742
44769
44843
45743
44770
44844
45744
44771
44845
45745
44772
44846
45746
44773
44847
45747
44774
44848
45748
44849
45749
44776
44850
45750
44777
44851
45751
44778
44852
45752
44779
44853
45753
44780
44854
45754
44781
44855
45755
44782
44856
45756
44783
44857
45757
44784
44858
45758
44785
44859
45759
44786
44860
45760
44787
44861
45761
44788
44862
45762
44789
44863
45763
44790
44864
45764
44791
44865
45765
44792
44866
45766
44793
44867
45767
44794
44868
45768
44795
44869
45769
44796
44870
45770
44797
44871
45771
44798
44872
45772
44799
44873
45773
44800
44874
45774
44801
44875
45775
44802
44876
45776
44803
44877
45777
44804
44878
45778
44805
44879
45779
44806
44880
45780
44807
44881
45781
44808
44882
45782
44809
44883
45783
44810
44884
45784
44811
44885
45785
44812
44886
45786
44813
44887
45787
44814
44888
45788
44815
44889
45789
44816
44890
45790
44817
44891
45791
44818
44892
45792
44819
44893
45793
44820
44894
45794
44821
44895
45795
44822
44896
45796
44823
44897
45797
44824
44898
45798
44825
44899
45799
44826
44900
45800
44827
44901
45801
44828
44902
45802
44829
44903
45803
44830
44904
45804
44831
44905
45805
44832
44906
45806
44833
44907
45807
44834
44908
45808
44835
44909
45809
44836
44910
45810
44837
44911
45811
44838
44912
45812
44839
44913
45813
44840
44914
45814
44841
44915
45815
44842
44916
45816
44843
44917
45817
44844
44918
45818
44845
44919
45819
44846
44920
45820
44847
44921
45821
44848
44922
45822
44849
44923
45823
44924
45824
44851
44925
45825
44852
44926
45826
44853
44927
45827
44854
44928
45828
44855
44929
45829
44856
44930
45830
44857
44931
45831
44858
44932
45832
44859
44933
45833
44860
44934
45834
44861
44935
45835
44862
44936
45836
44863
44937
45837
44864
44938
45838
44865
44939
45839
44866
44940
45840
44867
44941
45841
44868
44942
45842
44869
44943
45843
44870
44944
45844
44871
44945
45845
44872
44946
45846
44873
44947
45847
44874
44948
45848
44875
44949
45849
44876
44950
45850
44877
44951
45851
44878
44952
45852
44879
44953
45853
44880
44954
45854
44881
44955
45855
44882
44956
45856
44883
44957
45857
44884
44958
45858
44885
44959
45859
44886
44960
45860
44887
44961
45861
44888
44962
45862
44889
44963
45863
44890
44964
45864
44891
44965
45865
44892
44966
45866
44893
44967
45867
44894
44968
45868
44895
44969
45869
44896
44970
45870
44897
44971
45871
44898
44972
45872
44899
44973
45873
44900
44974
45874
44901
44975
45875
44902
44976
45876
44903
44977
45877
44904
44978
45878
44905
44979
45879
44906
44980
45880
44907
44981
45881
44908
44982
45882
44909
44983
45883
44910
44984
45884
44911
44985
45885
44912
44986
45886
44913
44987
45887
44914
44988
45888
44915
44989
45889
44916
44990
45890
44917
44991
45891
44918
44992
45892
44919
44993
45893
44920
44994
45894
44921
44995
45895
44922
44996
45896
44923
44997
45897
44924
44998
45898
44999
45899
44926
45000
45900
44927
45001
45901
44928
45002
45902
44929
45003
45903
44930
45004
45904
44931
45005
45905
44932
45006
45906
44933
45007
45907
44934
45008
45908
44935
45009
45909
44936
45010
45910
44937
45011
45911
44938
45012
45912
44939
45013
45913
44940
45014
45914
44941
45015
45915
44942
45016
45916
44943
45017
45917
44944
45018
45918
44945
45019
45919
44946
45020
45920
44947
45021
45921
44948
45022
45922
44949
45023
45923
44950
45024
45924
44951
45025
45925
44952
45026
45926
44953
45027
45927
44954
45028
45928
44955
45029
45929
44956
45030
45930
44957
45031
45931
44958
45032
45932
44959
45033
45933
44960
45034
45934
44961
45035
45935
44962
45036
45936
44963
45037
45937
44964
45038
45938
44965
45039
45939
44966
45040
45940
44967
45041
45941
44968
45042
45942
44969
45043
45943
44970
45044
45944
44971
45045
45945
44972
45046
45946
44973
45047
45947
44974
45048
45948
44975
45049
45949
44976
45050
45950
44977
45051
45951
44978
45052
45952
44979
45053
45953
44980
45054
45954
44981
45055
45955
44982
45056
45956
44983
45057
45957
44984
45058
45958
44985
45059
45959
44986
45060
45960
44987
45061
45961
44988
45062
45962
44989
45063
45963
44990
45064
45964
44991
45065
45965
44992
45066
45966
44993
45067
45967
44994
45068
45968
44995
45069
45969
44996
45070
45970
44997
45071
45971
44998
45072
45972
44999
45073
45973
45074
45974
45001
45075
45975
45002
45076
45976
45003
45077
45977
45004
45078
45978
45005
45079
45979
45006
45080
45980
45007
45081
45981
45008
45082
45982
45009
45083
45983
45010
45084
45984
45011
45085
45985
45012
45086
45986
45013
45087
45987
45014
45088
45988
45015
45089
45989
45016
45090
45990
45017
45091
45991
45018
45092
45992
45019
45093
45993
45020
45094
45994
45021
45095
45995
45022
45096
45996
45023
45097
45997
45024
45098
45998
45025
45099
45999
45026
45100
46000
45027
45101
46001
45028
45102
46002
45029
45103
46003
45030
45104
46004
45031
45105
46005
45032
45106
46006
45033
45107
46007
45034
45108
46008
45035
45109
46009
45036
45110
46010
45037
45111
46011
45038
45112
46012
45039
45113
46013
45040
45114
46014
45041
45115
46015
45042
45116
46016
45043
45117
46017
45044
45118
46018
45045
45119
46019
45046
45120
46020
45047
45121
46021
45048
45122
46022
45049
45123
46023
45050
45124
46024
45051
45125
46025
45052
45126
46026
45053
45127
46027
45054
45128
46028
45055
45129
46029
45056
45130
46030
45057
45131
46031
45058
45132
46032
45059
45133
46033
45060
45134
46034
45061
45135
46035
45062
45136
46036
45063
45137
46037
45064
45138
46038
45065
45139
46039
45066
45140
46040
45067
45141
46041
45068
45142
46042
45069
45143
46043
45070
45144
46044
45071
45145
46045
45072
45146
46046
45073
45147
46047
45074
45148
46048
45149
46049
45076
46050
45077
46051
45078
46052
45079
46053
45080
46054
45081
46055
45082
46056
45083
46057
45084
46058
45085
46059
45086
46060
45087
46061
45088
46062
45089
46063
45090
46064
45091
46065
45092
46066
45093
46067
45094
46068
45095
46069
45096
46070
45097
46071
45098
46072
45099
46073
45100
46074
45101
46075
45102
46076
45103
46077
45104
46078
45105
46079
45106
46080
45107
46081
45108
46082
45109
46083
45110
46084
45111
46085
45112
46086
45113
46087
45114
46088
45115
46089
45116
46090
45117
46091
45118
46092
45119
46093
45120
46094
45121
46095
45122
46096
45123
46097
45124
46098
45125
46099
45126
46100
45127
46101
45128
46102
45129
46103
45130
46104
45131
46105
45132
46106
45133
46107
45134
46108
45135
46109
45136
46110
45137
46111
45138
46112
45139
46113
45140
46114
45141
46115
45142
46116
45143
46117
45144
46118
45145
46119
45146
46120
45147
46121
45148
46122
45149
46123
46124
45151
45225
46125
45152
45226
46126
45153
45227
46127
45154
45228
46128
45155
45229
46129
45156
45230
46130
45157
45231
46131
45158
45232
46132
45159
45233
46133
45160
45234
46134
45161
45235
46135
45162
45236
46136
45163
45237
46137
45164
45238
46138
45165
45239
46139
45166
45240
46140
45167
45241
46141
45168
45242
46142
45169
45243
46143
45170
45244
46144
45171
45245
46145
45172
45246
46146
45173
45247
46147
45174
45248
46148
45175
45249
46149
45176
45250
46150
45177
45251
46151
45178
45252
46152
45179
45253
46153
45180
45254
46154
45181
45255
46155
45182
45256
46156
45183
45257
46157
45184
45258
46158
45185
45259
46159
45186
45260
46160
45187
45261
46161
45188
45262
46162
45189
45263
46163
45190
45264
46164
45191
45265
46165
45192
45266
46166
45193
45267
46167
45194
45268
46168
45195
45269
46169
45196
45270
46170
45197
45271
46171
45198
45272
46172
45199
45273
46173
45200
45274
46174
45201
45275
46175
45202
45276
46176
45203
45277
46177
45204
45278
46178
45205
45279
46179
45206
45280
46180
45207
45281
46181
45208
45282
46182
45209
45283
46183
45210
45284
46184
45211
45285
46185
45212
45286
46186
45213
45287
46187
45214
45288
46188
45215
45289
46189
45216
45290
46190
45217
45291
46191
45218
45292
46192
45219
45293
46193
45220
45294
46194
45221
45295
46195
45222
45296
46196
45223
45297
46197
45224
45298
46198
45299
46199
45226
45300
46200
45227
45301
46201
45228
45302
46202
45229
45303
46203
45230
45304
46204
45231
45305
46205
45232
45306
46206
45233
45307
46207
45234
45308
46208
45235
45309
46209
45236
45310
46210
45237
45311
46211
45238
45312
46212
45239
45313
46213
45240
45314
46214
45241
45315
46215
45242
45316
46216
45243
45317
46217
45244
45318
46218
45245
45319
46219
45246
45320
46220
45247
45321
46221
45248
45322
46222
45249
45323
46223
45250
45324
46224
45251
45325
46225
45252
45326
46226
45253
45327
46227
45254
45328
46228
45255
45329
46229
45256
45330
46230
45257
45331
46231
45258
45332
46232
45259
45333
46233
45260
45334
46234
45261
45335
46235
45262
45336
46236
45263
45337
46237
45264
45338
46238
45265
45339
46239
45266
45340
46240
45267
45341
46241
45268
45342
46242
45269
45343
46243
45270
45344
46244
45271
45345
46245
45272
45346
46246
45273
45347
46247
45274
45348
46248
45275
45349
46249
45276
45350
46250
45277
45351
46251
45278
45352
46252
45279
45353
46253
45280
45354
46254
45281
45355
46255
45282
45356
46256
45283
45357
46257
45284
45358
46258
45285
45359
46259
45286
45360
46260
45287
45361
46261
45288
45362
46262
45289
45363
46263
45290
45364
46264
45291
45365
46265
45292
45366
46266
45293
45367
46267
45294
45368
46268
45295
45369
46269
45296
45370
46270
45297
45371
46271
45298
45372
46272
45299
45373
46273
45374
46274
45301
45375
46275
45302
45376
46276
45303
45377
46277
45304
45378
46278
45305
45379
46279
45306
45380
46280
45307
45381
46281
45308
45382
46282
45309
45383
46283
45310
45384
46284
45311
45385
46285
45312
45386
46286
45313
45387
46287
45314
45388
46288
45315
45389
46289
45316
45390
46290
45317
45391
46291
45318
45392
46292
45319
45393
46293
45320
45394
46294
45321
45395
46295
45322
45396
46296
45323
45397
46297
45324
45398
46298
45325
45399
46299
45326
45400
46300
45327
45401
46301
45328
45402
46302
45329
45403
46303
45330
45404
46304
45331
45405
46305
45332
45406
46306
45333
45407
46307
45334
45408
46308
45335
45409
46309
45336
45410
46310
45337
45411
46311
45338
45412
46312
45339
45413
46313
45340
45414
46314
45341
45415
46315
45342
45416
46316
45343
45417
46317
45344
45418
46318
45345
45419
46319
45346
45420
46320
45347
45421
46321
45348
45422
46322
45349
45423
46323
45350
45424
46324
45351
45425
46325
45352
45426
46326
45353
45427
46327
45354
45428
46328
45355
45429
46329
45356
45430
46330
45357
45431
46331
45358
45432
46332
45359
45433
46333
45360
45434
46334
45361
45435
46335
45362
45436
46336
45363
45437
46337
45364
45438
46338
45365
45439
46339
45366
45440
46340
45367
45441
46341
45368
45442
46342
45369
45443
46343
45370
45444
46344
45371
45445
46345
45372
45446
46346
45373
45447
46347
45374
45448
46348
45449
46349
45376
45450
46350
45377
45451
46351
45378
45452
46352
45379
45453
46353
45380
45454
46354
45381
45455
46355
45382
45456
46356
45383
45457
46357
45384
45458
46358
45385
45459
46359
45386
45460
46360
45387
45461
46361
45388
45462
46362
45389
45463
46363
45390
45464
46364
45391
45465
46365
45392
45466
46366
45393
45467
46367
45394
45468
46368
45395
45469
46369
45396
45470
46370
45397
45471
46371
45398
45472
46372
45399
45473
46373
45400
45474
46374
45401
45475
46375
45402
45476
46376
45403
45477
46377
45404
45478
46378
45405
45479
46379
45406
45480
46380
45407
45481
46381
45408
45482
46382
45409
45483
46383
45410
45484
46384
45411
45485
46385
45412
45486
46386
45413
45487
46387
45414
45488
46388
45415
45489
46389
45416
45490
46390
45417
45491
46391
45418
45492
46392
45419
45493
46393
45420
45494
46394
45421
45495
46395
45422
45496
46396
45423
45497
46397
45424
45498
46398
45425
45499
46399
45426
45500
46400
45427
45501
46401
45428
45502
46402
45429
45503
46403
45430
45504
46404
45431
45505
46405
45432
45506
46406
45433
45507
46407
45434
45508
46408
45435
45509
46409
45436
45510
46410
45437
45511
46411
45438
45512
46412
45439
45513
46413
45440
45514
46414
45441
45515
46415
45442
45516
46416
45443
45517
46417
45444
45518
46418
45445
45519
46419
45446
45520
46420
45447
45521
46421
45448
45522
46422
45449
45523
46423
45524
46424
45451
45525
46425
45452
45526
46426
45453
45527
46427
45454
45528
46428
45455
45529
46429
45456
45530
46430
45457
45531
46431
45458
45532
46432
45459
45533
46433
45460
45534
46434
45461
45535
46435
45462
45536
46436
45463
45537
46437
45464
45538
46438
45465
45539
46439
45466
45540
46440
45467
45541
46441
45468
45542
46442
45469
45543
46443
45470
45544
46444
45471
45545
46445
45472
45546
46446
45473
45547
46447
45474
45548
46448
45475
45549
46449
45476
45550
46450
45477
45551
46451
45478
45552
46452
45479
45553
46453
45480
45554
46454
45481
45555
46455
45482
45556
46456
45483
45557
46457
45484
45558
46458
45485
45559
46459
45486
45560
46460
45487
45561
46461
45488
45562
46462
45489
45563
46463
45490
45564
46464
45491
45565
46465
45492
45566
46466
45493
45567
46467
45494
45568
46468
45495
45569
46469
45496
45570
46470
45497
45571
46471
45498
45572
46472
45499
45573
46473
45500
45574
46474
45501
45575
46475
45502
45576
46476
45503
45577
46477
45504
45578
46478
45505
45579
46479
45506
45580
46480
45507
45581
46481
45508
45582
46482
45509
45583
46483
45510
45584
46484
45511
45585
46485
45512
45586
46486
45513
45587
46487
45514
45588
46488
45515
45589
46489
45516
45590
46490
45517
45591
46491
45518
45592
46492
45519
45593
46493
45520
45594
46494
45521
45595
46495
45522
45596
46496
45523
45597
46497
45524
45598
46498
45599
46499
45526
45600
46500
45527
45601
46501
45528
45602
46502
45529
45603
46503
45530
45604
46504
45531
45605
46505
45532
45606
46506
45533
45607
46507
45534
45608
46508
45535
45609
46509
45536
45610
46510
45537
45611
46511
45538
45612
46512
45539
45613
46513
45540
45614
46514
45541
45615
46515
45542
45616
46516
45543
45617
46517
45544
45618
46518
45545
45619
46519
45546
45620
46520
45547
45621
46521
45548
45622
46522
45549
45623
46523
45550
45624
46524
45551
45625
46525
45552
45626
46526
45553
45627
46527
45554
45628
46528
45555
45629
46529
45556
45630
46530
45557
45631
46531
45558
45632
46532
45559
45633
46533
45560
45634
46534
45561
45635
46535
45562
45636
46536
45563
45637
46537
45564
45638
46538
45565
45639
46539
45566
45640
46540
45567
45641
46541
45568
45642
46542
45569
45643
46543
45570
45644
46544
45571
45645
46545
45572
45646
46546
45573
45647
46547
45574
45648
46548
45575
45649
46549
45576
45650
46550
45577
45651
46551
45578
45652
46552
45579
45653
46553
45580
45654
46554
45581
45655
46555
45582
45656
46556
45583
45657
46557
45584
45658
46558
45585
45659
46559
45586
45660
46560
45587
45661
46561
45588
45662
46562
45589
45663
46563
45590
45664
46564
45591
45665
46565
45592
45666
46566
45593
45667
46567
45594
45668
46568
45595
45669
46569
45596
45670
46570
45597
45671
46571
45598
45672
46572
45599
45673
46573
45674
46574
45601
45675
46575
45602
45676
46576
45603
45677
46577
45604
45678
46578
45605
45679
46579
45606
45680
46580
45607
45681
46581
45608
45682
46582
45609
45683
46583
45610
45684
46584
45611
45685
46585
45612
45686
46586
45613
45687
46587
45614
45688
46588
45615
45689
46589
45616
45690
46590
45617
45691
46591
45618
45692
46592
45619
45693
46593
45620
45694
46594
45621
45695
46595
45622
45696
46596
45623
45697
46597
45624
45698
46598
45625
45699
46599
45626
45700
46600
45627
45701
46601
45628
45702
46602
45629
45703
46603
45630
45704
46604
45631
45705
46605
45632
45706
46606
45633
45707
46607
45634
45708
46608
45635
45709
46609
45636
45710
46610
45637
45711
46611
45638
45712
46612
45639
45713
46613
45640
45714
46614
45641
45715
46615
45642
45716
46616
45643
45717
46617
45644
45718
46618
45645
45719
46619
45646
45720
46620
45647
45721
46621
45648
45722
46622
45649
45723
46623
45650
45724
46624
45651
45725
46625
45652
45726
46626
45653
45727
46627
45654
45728
46628
45655
45729
46629
45656
45730
46630
45657
45731
46631
45658
45732
46632
45659
45733
46633
45660
45734
46634
45661
45735
46635
45662
45736
46636
45663
45737
46637
45664
45738
46638
45665
45739
46639
45666
45740
46640
45667
45741
46641
45668
45742
46642
45669
45743
46643
45670
45744
46644
45671
45745
46645
45672
45746
46646
45673
45747
46647
45674
45748
46648
45749
46649
45676
45750
46650
45677
45751
46651
45678
45752
46652
45679
45753
46653
45680
45754
46654
45681
45755
46655
45682
45756
46656
45683
45757
46657
45684
45758
46658
45685
45759
46659
45686
45760
46660
45687
45761
46661
45688
45762
46662
45689
45763
46663
45690
45764
46664
45691
45765
46665
45692
45766
46666
45693
45767
46667
45694
45768
46668
45695
45769
46669
45696
45770
46670
45697
45771
46671
45698
45772
46672
45699
45773
46673
45700
45774
46674
45701
45775
46675
45702
45776
46676
45703
45777
46677
45704
45778
46678
45705
45779
46679
45706
45780
46680
45707
45781
46681
45708
45782
46682
45709
45783
46683
45710
45784
46684
45711
45785
46685
45712
45786
46686
45713
45787
46687
45714
45788
46688
45715
45789
46689
45716
45790
46690
45717
45791
46691
45718
45792
46692
45719
45793
46693
45720
45794
46694
45721
45795
46695
45722
45796
46696
45723
45797
46697
45724
45798
46698
45725
45799
46699
45726
45800
46700
45727
45801
46701
45728
45802
46702
45729
45803
46703
45730
45804
46704
45731
45805
46705
45732
45806
46706
45733
45807
46707
45734
45808
46708
45735
45809
46709
45736
45810
46710
45737
45811
46711
45738
45812
46712
45739
45813
46713
45740
45814
46714
45741
45815
46715
45742
45816
46716
45743
45817
46717
45744
45818
46718
45745
45819
46719
45746
45820
46720
45747
45821
46721
45748
45822
46722
45749
45823
46723
45824
46724
45751
45825
46725
45752
45826
46726
45753
45827
46727
45754
45828
46728
45755
45829
46729
45756
45830
46730
45757
45831
46731
45758
45832
46732
45759
45833
46733
45760
45834
46734
45761
45835
46735
45762
45836
46736
45763
45837
46737
45764
45838
46738
45765
45839
46739
45766
45840
46740
45767
45841
46741
45768
45842
46742
45769
45843
46743
45770
45844
46744
45771
45845
46745
45772
45846
46746
45773
45847
46747
45774
45848
46748
45775
45849
46749
45776
45850
46750
45777
45851
46751
45778
45852
46752
45779
45853
46753
45780
45854
46754
45781
45855
46755
45782
45856
46756
45783
45857
46757
45784
45858
46758
45785
45859
46759
45786
45860
46760
45787
45861
46761
45788
45862
46762
45789
45863
46763
45790
45864
46764
45791
45865
46765
45792
45866
46766
45793
45867
46767
45794
45868
46768
45795
45869
46769
45796
45870
46770
45797
45871
46771
45798
45872
46772
45799
45873
46773
45800
45874
46774
45801
45875
46775
45802
45876
46776
45803
45877
46777
45804
45878
46778
45805
45879
46779
45806
45880
46780
45807
45881
46781
45808
45882
46782
45809
45883
46783
45810
45884
46784
45811
45885
46785
45812
45886
46786
45813
45887
46787
45814
45888
46788
45815
45889
46789
45816
45890
46790
45817
45891
46791
45818
45892
46792
45819
45893
46793
45820
45894
46794
45821
45895
46795
45822
45896
46796
45823
45897
46797
45824
45898
46798
45899
46799
45826
45900
46800
45827
45901
46801
45828
45902
46802
45829
45903
46803
45830
45904
46804
45831
45905
46805
45832
45906
46806
45833
45907
46807
45834
45908
46808
45835
45909
46809
45836
45910
46810
45837
45911
46811
45838
45912
46812
45839
45913
46813
45840
45914
46814
45841
45915
46815
45842
45916
46816
45843
45917
46817
45844
45918
46818
45845
45919
46819
45846
45920
46820
45847
45921
46821
45848
45922
46822
45849
45923
46823
45850
45924
46824
45851
45925
46825
45852
45926
46826
45853
45927
46827
45854
45928
46828
45855
45929
46829
45856
45930
46830
45857
45931
46831
45858
45932
46832
45859
45933
46833
45860
45934
46834
45861
45935
46835
45862
45936
46836
45863
45937
46837
45864
45938
46838
45865
45939
46839
45866
45940
46840
45867
45941
46841
45868
45942
46842
45869
45943
46843
45870
45944
46844
45871
45945
46845
45872
45946
46846
45873
45947
46847
45874
45948
46848
45875
45949
46849
45876
45950
46850
45877
45951
46851
45878
45952
46852
45879
45953
46853
45880
45954
46854
45881
45955
46855
45882
45956
46856
45883
45957
46857
45884
45958
46858
45885
45959
46859
45886
45960
46860
45887
45961
46861
45888
45962
46862
45889
45963
46863
45890
45964
46864
45891
45965
46865
45892
45966
46866
45893
45967
46867
45894
45968
46868
45895
45969
46869
45896
45970
46870
45897
45971
46871
45898
45972
46872
45899
45973
46873
45974
46874
45901
45975
46875
45902
45976
46876
45903
45977
46877
45904
45978
46878
45905
45979
46879
45906
45980
46880
45907
45981
46881
45908
45982
46882
45909
45983
46883
45910
45984
46884
45911
45985
46885
45912
45986
46886
45913
45987
46887
45914
45988
46888
45915
45989
46889
45916
45990
46890
45917
45991
46891
45918
45992
46892
45919
45993
46893
45920
45994
46894
45921
45995
46895
45922
45996
46896
45923
45997
46897
45924
45998
46898
45925
45999
46899
45926
46000
46900
45927
46001
46901
45928
46002
46902
45929
46003
46903
45930
46004
46904
45931
46005
46905
45932
46006
46906
45933
46007
46907
45934
46008
46908
45935
46009
46909
45936
46010
46910
45937
46011
46911
45938
46012
46912
45939
46013
46913
45940
46014
46914
45941
46015
46915
45942
46016
46916
45943
46017
46917
45944
46018
46918
45945
46019
46919
45946
46020
46920
45947
46021
46921
45948
46022
46922
45949
46023
46923
45950
46024
46924
45951
46025
46925
45952
46026
46926
45953
46027
46927
45954
46028
46928
45955
46029
46929
45956
46030
46930
45957
46031
46931
45958
46032
46932
45959
46033
46933
45960
46034
46934
45961
46035
46935
45962
46036
46936
45963
46037
46937
45964
46038
46938
45965
46039
46939
45966
46040
46940
45967
46041
46941
45968
46042
46942
45969
46043
46943
45970
46044
46944
45971
46045
46945
45972
46046
46946
45973
46047
46947
45974
46048
46948
46049
46949
45976
46050
46950
45977
46051
46951
45978
46052
46952
45979
46053
46953
45980
46054
46954
45981
46055
46955
45982
46056
46956
45983
46057
46957
45984
46058
46958
45985
46059
46959
45986
46060
46960
45987
46061
46961
45988
46062
46962
45989
46063
46963
45990
46064
46964
45991
46065
46965
45992
46066
46966
45993
46067
46967
45994
46068
46968
45995
46069
46969
45996
46070
46970
45997
46071
46971
45998
46072
46972
45999
46073
46973
46000
46074
46974
46001
46075
46975
46002
46076
46976
46003
46077
46977
46004
46078
46978
46005
46079
46979
46006
46080
46980
46007
46081
46981
46008
46082
46982
46009
46083
46983
46010
46084
46984
46011
46085
46985
46012
46086
46986
46013
46087
46987
46014
46088
46988
46015
46089
46989
46016
46090
46990
46017
46091
46991
46018
46092
46992
46019
46093
46993
46020
46094
46994
46021
46095
46995
46022
46096
46996
46023
46097
46997
46024
46098
46998
46025
46099
46999
46026
46100
47000
46027
46101
47001
46028
46102
47002
46029
46103
47003
46030
46104
47004
46031
46105
47005
46032
46106
47006
46033
46107
47007
46034
46108
47008
46035
46109
47009
46036
46110
47010
46037
46111
47011
46038
46112
47012
46039
46113
47013
46040
46114
47014
46041
46115
47015
46042
46116
47016
46043
46117
47017
46044
46118
47018
46045
46119
47019
46046
46120
47020
46047
46121
47021
46048
46122
47022
46049
46123
47023
46124
47024
46051
47025
46052
47026
46053
47027
46054
47028
46055
47029
46056
47030
46057
47031
46058
47032
46059
47033
46060
47034
46061
47035
46062
47036
46063
47037
46064
47038
46065
47039
46066
47040
46067
47041
46068
47042
46069
47043
46070
47044
46071
47045
46072
47046
46073
47047
46074
47048
46075
47049
46076
47050
46077
47051
46078
47052
46079
47053
46080
47054
46081
47055
46082
47056
46083
47057
46084
47058
46085
47059
46086
47060
46087
47061
46088
47062
46089
47063
46090
47064
46091
47065
46092
47066
46093
47067
46094
47068
46095
47069
46096
47070
46097
47071
46098
47072
46099
47073
46100
47074
46101
47075
46102
47076
46103
47077
46104
47078
46105
47079
46106
47080
46107
47081
46108
47082
46109
47083
46110
47084
46111
47085
46112
47086
46113
47087
46114
47088
46115
47089
46116
47090
46117
47091
46118
47092
46119
47093
46120
47094
46121
47095
46122
47096
46123
47097
46124
47098
47099
46126
46200
47100
46127
46201
47101
46128
46202
47102
46129
46203
47103
46130
46204
47104
46131
46205
47105
46132
46206
47106
46133
46207
47107
46134
46208
47108
46135
46209
47109
46136
46210
47110
46137
46211
47111
46138
46212
47112
46139
46213
47113
46140
46214
47114
46141
46215
47115
46142
46216
47116
46143
46217
47117
46144
46218
47118
46145
46219
47119
46146
46220
47120
46147
46221
47121
46148
46222
47122
46149
46223
47123
46150
46224
47124
46151
46225
47125
46152
46226
47126
46153
46227
47127
46154
46228
47128
46155
46229
47129
46156
46230
47130
46157
46231
47131
46158
46232
47132
46159
46233
47133
46160
46234
47134
46161
46235
47135
46162
46236
47136
46163
46237
47137
46164
46238
47138
46165
46239
47139
46166
46240
47140
46167
46241
47141
46168
46242
47142
46169
46243
47143
46170
46244
47144
46171
46245
47145
46172
46246
47146
46173
46247
47147
46174
46248
47148
46175
46249
47149
46176
46250
47150
46177
46251
47151
46178
46252
47152
46179
46253
47153
46180
46254
47154
46181
46255
47155
46182
46256
47156
46183
46257
47157
46184
46258
47158
46185
46259
47159
46186
46260
47160
46187
46261
47161
46188
46262
47162
46189
46263
47163
46190
46264
47164
46191
46265
47165
46192
46266
47166
46193
46267
47167
46194
46268
47168
46195
46269
47169
46196
46270
47170
46197
46271
47171
46198
46272
47172
46199
46273
47173
46274
47174
46201
46275
47175
46202
46276
47176
46203
46277
47177
46204
46278
47178
46205
46279
47179
46206
46280
47180
46207
46281
47181
46208
46282
47182
46209
46283
47183
46210
46284
47184
46211
46285
47185
46212
46286
47186
46213
46287
47187
46214
46288
47188
46215
46289
47189
46216
46290
47190
46217
46291
47191
46218
46292
47192
46219
46293
47193
46220
46294
47194
46221
46295
47195
46222
46296
47196
46223
46297
47197
46224
46298
47198
46225
46299
47199
46226
46300
47200
46227
46301
47201
46228
46302
47202
46229
46303
47203
46230
46304
47204
46231
46305
47205
46232
46306
47206
46233
46307
47207
46234
46308
47208
46235
46309
47209
46236
46310
47210
46237
46311
47211
46238
46312
47212
46239
46313
47213
46240
46314
47214
46241
46315
47215
46242
46316
47216
46243
46317
47217
46244
46318
47218
46245
46319
47219
46246
46320
47220
46247
46321
47221
46248
46322
47222
46249
46323
47223
46250
46324
47224
46251
46325
47225
46252
46326
47226
46253
46327
47227
46254
46328
47228
46255
46329
47229
46256
46330
47230
46257
46331
47231
46258
46332
47232
46259
46333
47233
46260
46334
47234
46261
46335
47235
46262
46336
47236
46263
46337
47237
46264
46338
47238
46265
46339
47239
46266
46340
47240
46267
46341
47241
46268
46342
47242
46269
46343
47243
46270
46344
47244
46271
46345
47245
46272
46346
47246
46273
46347
47247
46274
46348
47248
46349
47249
46276
46350
47250
46277
46351
47251
46278
46352
47252
46279
46353
47253
46280
46354
47254
46281
46355
47255
46282
46356
47256
46283
46357
47257
46284
46358
47258
46285
46359
47259
46286
46360
47260
46287
46361
47261
46288
46362
47262
46289
46363
47263
46290
46364
47264
46291
46365
47265
46292
46366
47266
46293
46367
47267
46294
46368
47268
46295
46369
47269
46296
46370
47270
46297
46371
47271
46298
46372
47272
46299
46373
47273
46300
46374
47274
46301
46375
47275
46302
46376
47276
46303
46377
47277
46304
46378
47278
46305
46379
47279
46306
46380
47280
46307
46381
47281
46308
46382
47282
46309
46383
47283
46310
46384
47284
46311
46385
47285
46312
46386
47286
46313
46387
47287
46314
46388
47288
46315
46389
47289
46316
46390
47290
46317
46391
47291
46318
46392
47292
46319
46393
47293
46320
46394
47294
46321
46395
47295
46322
46396
47296
46323
46397
47297
46324
46398
47298
46325
46399
47299
46326
46400
47300
46327
46401
47301
46328
46402
47302
46329
46403
47303
46330
46404
47304
46331
46405
47305
46332
46406
47306
46333
46407
47307
46334
46408
47308
46335
46409
47309
46336
46410
47310
46337
46411
47311
46338
46412
47312
46339
46413
47313
46340
46414
47314
46341
46415
47315
46342
46416
47316
46343
46417
47317
46344
46418
47318
46345
46419
47319
46346
46420
47320
46347
46421
47321
46348
46422
47322
46349
46423
47323
46424
47324
46351
46425
47325
46352
46426
47326
46353
46427
47327
46354
46428
47328
46355
46429
47329
46356
46430
47330
46357
46431
47331
46358
46432
47332
46359
46433
47333
46360
46434
47334
46361
46435
47335
46362
46436
47336
46363
46437
47337
46364
46438
47338
46365
46439
47339
46366
46440
47340
46367
46441
47341
46368
46442
47342
46369
46443
47343
46370
46444
47344
46371
46445
47345
46372
46446
47346
46373
46447
47347
46374
46448
47348
46375
46449
47349
46376
46450
47350
46377
46451
47351
46378
46452
47352
46379
46453
47353
46380
46454
47354
46381
46455
47355
46382
46456
47356
46383
46457
47357
46384
46458
47358
46385
46459
47359
46386
46460
47360
46387
46461
47361
46388
46462
47362
46389
46463
47363
46390
46464
47364
46391
46465
47365
46392
46466
47366
46393
46467
47367
46394
46468
47368
46395
46469
47369
46396
46470
47370
46397
46471
47371
46398
46472
47372
46399
46473
47373
46400
46474
47374
46401
46475
47375
46402
46476
47376
46403
46477
47377
46404
46478
47378
46405
46479
47379
46406
46480
47380
46407
46481
47381
46408
46482
47382
46409
46483
47383
46410
46484
47384
46411
46485
47385
46412
46486
47386
46413
46487
47387
46414
46488
47388
46415
46489
47389
46416
46490
47390
46417
46491
47391
46418
46492
47392
46419
46493
47393
46420
46494
47394
46421
46495
47395
46422
46496
47396
46423
46497
47397
46424
46498
47398
46499
47399
46426
46500
47400
46427
46501
47401
46428
46502
47402
46429
46503
47403
46430
46504
47404
46431
46505
47405
46432
46506
47406
46433
46507
47407
46434
46508
47408
46435
46509
47409
46436
46510
47410
46437
46511
47411
46438
46512
47412
46439
46513
47413
46440
46514
47414
46441
46515
47415
46442
46516
47416
46443
46517
47417
46444
46518
47418
46445
46519
47419
46446
46520
47420
46447
46521
47421
46448
46522
47422
46449
46523
47423
46450
46524
47424
46451
46525
47425
46452
46526
47426
46453
46527
47427
46454
46528
47428
46455
46529
47429
46456
46530
47430
46457
46531
47431
46458
46532
47432
46459
46533
47433
46460
46534
47434
46461
46535
47435
46462
46536
47436
46463
46537
47437
46464
46538
47438
46465
46539
47439
46466
46540
47440
46467
46541
47441
46468
46542
47442
46469
46543
47443
46470
46544
47444
46471
46545
47445
46472
46546
47446
46473
46547
47447
46474
46548
47448
46475
46549
47449
46476
46550
47450
46477
46551
47451
46478
46552
47452
46479
46553
47453
46480
46554
47454
46481
46555
47455
46482
46556
47456
46483
46557
47457
46484
46558
47458
46485
46559
47459
46486
46560
47460
46487
46561
47461
46488
46562
47462
46489
46563
47463
46490
46564
47464
46491
46565
47465
46492
46566
47466
46493
46567
47467
46494
46568
47468
46495
46569
47469
46496
46570
47470
46497
46571
47471
46498
46572
47472
46499
46573
47473
46574
47474
46501
46575
47475
46502
46576
47476
46503
46577
47477
46504
46578
47478
46505
46579
47479
46506
46580
47480
46507
46581
47481
46508
46582
47482
46509
46583
47483
46510
46584
47484
46511
46585
47485
46512
46586
47486
46513
46587
47487
46514
46588
47488
46515
46589
47489
46516
46590
47490
46517
46591
47491
46518
46592
47492
46519
46593
47493
46520
46594
47494
46521
46595
47495
46522
46596
47496
46523
46597
47497
46524
46598
47498
46525
46599
47499
46526
46600
47500
46527
46601
47501
46528
46602
47502
46529
46603
47503
46530
46604
47504
46531
46605
47505
46532
46606
47506
46533
46607
47507
46534
46608
47508
46535
46609
47509
46536
46610
47510
46537
46611
47511
46538
46612
47512
46539
46613
47513
46540
46614
47514
46541
46615
47515
46542
46616
47516
46543
46617
47517
46544
46618
47518
46545
46619
47519
46546
46620
47520
46547
46621
47521
46548
46622
47522
46549
46623
47523
46550
46624
47524
46551
46625
47525
46552
46626
47526
46553
46627
47527
46554
46628
47528
46555
46629
47529
46556
46630
47530
46557
46631
47531
46558
46632
47532
46559
46633
47533
46560
46634
47534
46561
46635
47535
46562
46636
47536
46563
46637
47537
46564
46638
47538
46565
46639
47539
46566
46640
47540
46567
46641
47541
46568
46642
47542
46569
46643
47543
46570
46644
47544
46571
46645
47545
46572
46646
47546
46573
46647
47547
46574
46648
47548
46649
47549
46576
46650
47550
46577
46651
47551
46578
46652
47552
46579
46653
47553
46580
46654
47554
46581
46655
47555
46582
46656
47556
46583
46657
47557
46584
46658
47558
46585
46659
47559
46586
46660
47560
46587
46661
47561
46588
46662
47562
46589
46663
47563
46590
46664
47564
46591
46665
47565
46592
46666
47566
46593
46667
47567
46594
46668
47568
46595
46669
47569
46596
46670
47570
46597
46671
47571
46598
46672
47572
46599
46673
47573
46600
46674
47574
46601
46675
47575
46602
46676
47576
46603
46677
47577
46604
46678
47578
46605
46679
47579
46606
46680
47580
46607
46681
47581
46608
46682
47582
46609
46683
47583
46610
46684
47584
46611
46685
47585
46612
46686
47586
46613
46687
47587
46614
46688
47588
46615
46689
47589
46616
46690
47590
46617
46691
47591
46618
46692
47592
46619
46693
47593
46620
46694
47594
46621
46695
47595
46622
46696
47596
46623
46697
47597
46624
46698
47598
46625
46699
47599
46626
46700
47600
46627
46701
47601
46628
46702
47602
46629
46703
47603
46630
46704
47604
46631
46705
47605
46632
46706
47606
46633
46707
47607
46634
46708
47608
46635
46709
47609
46636
46710
47610
46637
46711
47611
46638
46712
47612
46639
46713
47613
46640
46714
47614
46641
46715
47615
46642
46716
47616
46643
46717
47617
46644
46718
47618
46645
46719
47619
46646
46720
47620
46647
46721
47621
46648
46722
47622
46649
46723
47623
46724
47624
46651
46725
47625
46652
46726
47626
46653
46727
47627
46654
46728
47628
46655
46729
47629
46656
46730
47630
46657
46731
47631
46658
46732
47632
46659
46733
47633
46660
46734
47634
46661
46735
47635
46662
46736
47636
46663
46737
47637
46664
46738
47638
46665
46739
47639
46666
46740
47640
46667
46741
47641
46668
46742
47642
46669
46743
47643
46670
46744
47644
46671
46745
47645
46672
46746
47646
46673
46747
47647
46674
46748
47648
46675
46749
47649
46676
46750
47650
46677
46751
47651
46678
46752
47652
46679
46753
47653
46680
46754
47654
46681
46755
47655
46682
46756
47656
46683
46757
47657
46684
46758
47658
46685
46759
47659
46686
46760
47660
46687
46761
47661
46688
46762
47662
46689
46763
47663
46690
46764
47664
46691
46765
47665
46692
46766
47666
46693
46767
47667
46694
46768
47668
46695
46769
47669
46696
46770
47670
46697
46771
47671
46698
46772
47672
46699
46773
47673
46700
46774
47674
46701
46775
47675
46702
46776
47676
46703
46777
47677
46704
46778
47678
46705
46779
47679
46706
46780
47680
46707
46781
47681
46708
46782
47682
46709
46783
47683
46710
46784
47684
46711
46785
47685
46712
46786
47686
46713
46787
47687
46714
46788
47688
46715
46789
47689
46716
46790
47690
46717
46791
47691
46718
46792
47692
46719
46793
47693
46720
46794
47694
46721
46795
47695
46722
46796
47696
46723
46797
47697
46724
46798
47698
46799
47699
46726
46800
47700
46727
46801
47701
46728
46802
47702
46729
46803
47703
46730
46804
47704
46731
46805
47705
46732
46806
47706
46733
46807
47707
46734
46808
47708
46735
46809
47709
46736
46810
47710
46737
46811
47711
46738
46812
47712
46739
46813
47713
46740
46814
47714
46741
46815
47715
46742
46816
47716
46743
46817
47717
46744
46818
47718
46745
46819
47719
46746
46820
47720
46747
46821
47721
46748
46822
47722
46749
46823
47723
46750
46824
47724
46751
46825
47725
46752
46826
47726
46753
46827
47727
46754
46828
47728
46755
46829
47729
46756
46830
47730
46757
46831
47731
46758
46832
47732
46759
46833
47733
46760
46834
47734
46761
46835
47735
46762
46836
47736
46763
46837
47737
46764
46838
47738
46765
46839
47739
46766
46840
47740
46767
46841
47741
46768
46842
47742
46769
46843
47743
46770
46844
47744
46771
46845
47745
46772
46846
47746
46773
46847
47747
46774
46848
47748
46775
46849
47749
46776
46850
47750
46777
46851
47751
46778
46852
47752
46779
46853
47753
46780
46854
47754
46781
46855
47755
46782
46856
47756
46783
46857
47757
46784
46858
47758
46785
46859
47759
46786
46860
47760
46787
46861
47761
46788
46862
47762
46789
46863
47763
46790
46864
47764
46791
46865
47765
46792
46866
47766
46793
46867
47767
46794
46868
47768
46795
46869
47769
46796
46870
47770
46797
46871
47771
46798
46872
47772
46799
46873
47773
46874
47774
46801
46875
47775
46802
46876
47776
46803
46877
47777
46804
46878
47778
46805
46879
47779
46806
46880
47780
46807
46881
47781
46808
46882
47782
46809
46883
47783
46810
46884
47784
46811
46885
47785
46812
46886
47786
46813
46887
47787
46814
46888
47788
46815
46889
47789
46816
46890
47790
46817
46891
47791
46818
46892
47792
46819
46893
47793
46820
46894
47794
46821
46895
47795
46822
46896
47796
46823
46897
47797
46824
46898
47798
46825
46899
47799
46826
46900
47800
46827
46901
47801
46828
46902
47802
46829
46903
47803
46830
46904
47804
46831
46905
47805
46832
46906
47806
46833
46907
47807
46834
46908
47808
46835
46909
47809
46836
46910
47810
46837
46911
47811
46838
46912
47812
46839
46913
47813
46840
46914
47814
46841
46915
47815
46842
46916
47816
46843
46917
47817
46844
46918
47818
46845
46919
47819
46846
46920
47820
46847
46921
47821
46848
46922
47822
46849
46923
47823
46850
46924
47824
46851
46925
47825
46852
46926
47826
46853
46927
47827
46854
46928
47828
46855
46929
47829
46856
46930
47830
46857
46931
47831
46858
46932
47832
46859
46933
47833
46860
46934
47834
46861
46935
47835
46862
46936
47836
46863
46937
47837
46864
46938
47838
46865
46939
47839
46866
46940
47840
46867
46941
47841
46868
46942
47842
46869
46943
47843
46870
46944
47844
46871
46945
47845
46872
46946
47846
46873
46947
47847
46874
46948
47848
46949
47849
46876
46950
47850
46877
46951
47851
46878
46952
47852
46879
46953
47853
46880
46954
47854
46881
46955
47855
46882
46956
47856
46883
46957
47857
46884
46958
47858
46885
46959
47859
46886
46960
47860
46887
46961
47861
46888
46962
47862
46889
46963
47863
46890
46964
47864
46891
46965
47865
46892
46966
47866
46893
46967
47867
46894
46968
47868
46895
46969
47869
46896
46970
47870
46897
46971
47871
46898
46972
47872
46899
46973
47873
46900
46974
47874
46901
46975
47875
46902
46976
47876
46903
46977
47877
46904
46978
47878
46905
46979
47879
46906
46980
47880
46907
46981
47881
46908
46982
47882
46909
46983
47883
46910
46984
47884
46911
46985
47885
46912
46986
47886
46913
46987
47887
46914
46988
47888
46915
46989
47889
46916
46990
47890
46917
46991
47891
46918
46992
47892
46919
46993
47893
46920
46994
47894
46921
46995
47895
46922
46996
47896
46923
46997
47897
46924
46998
47898
46925
46999
47899
46926
47000
47900
46927
47001
47901
46928
47002
47902
46929
47003
47903
46930
47004
47904
46931
47005
47905
46932
47006
47906
46933
47007
47907
46934
47008
47908
46935
47009
47909
46936
47010
47910
46937
47011
47911
46938
47012
47912
46939
47013
47913
46940
47014
47914
46941
47015
47915
46942
47016
47916
46943
47017
47917
46944
47018
47918
46945
47019
47919
46946
47020
47920
46947
47021
47921
46948
47022
47922
46949
47023
47923
47024
47924
46951
47025
47925
46952
47026
47926
46953
47027
47927
46954
47028
47928
46955
47029
47929
46956
47030
47930
46957
47031
47931
46958
47032
47932
46959
47033
47933
46960
47034
47934
46961
47035
47935
46962
47036
47936
46963
47037
47937
46964
47038
47938
46965
47039
47939
46966
47040
47940
46967
47041
47941
46968
47042
47942
46969
47043
47943
46970
47044
47944
46971
47045
47945
46972
47046
47946
46973
47047
47947
46974
47048
47948
46975
47049
47949
46976
47050
47950
46977
47051
47951
46978
47052
47952
46979
47053
47953
46980
47054
47954
46981
47055
47955
46982
47056
47956
46983
47057
47957
46984
47058
47958
46985
47059
47959
46986
47060
47960
46987
47061
47961
46988
47062
47962
46989
47063
47963
46990
47064
47964
46991
47065
47965
46992
47066
47966
46993
47067
47967
46994
47068
47968
46995
47069
47969
46996
47070
47970
46997
47071
47971
46998
47072
47972
46999
47073
47973
47000
47074
47974
47001
47075
47975
47002
47076
47976
47003
47077
47977
47004
47078
47978
47005
47079
47979
47006
47080
47980
47007
47081
47981
47008
47082
47982
47009
47083
47983
47010
47084
47984
47011
47085
47985
47012
47086
47986
47013
47087
47987
47014
47088
47988
47015
47089
47989
47016
47090
47990
47017
47091
47991
47018
47092
47992
47019
47093
47993
47020
47094
47994
47021
47095
47995
47022
47096
47996
47023
47097
47997
47024
47098
47998
47099
47999
47026
48000
47027
48001
47028
48002
47029
48003
47030
48004
47031
48005
47032
48006
47033
48007
47034
48008
47035
48009
47036
48010
47037
48011
47038
48012
47039
48013
47040
48014
47041
48015
47042
48016
47043
48017
47044
48018
47045
48019
47046
48020
47047
48021
47048
48022
47049
48023
47050
48024
47051
48025
47052
48026
47053
48027
47054
48028
47055
48029
47056
48030
47057
48031
47058
48032
47059
48033
47060
48034
47061
48035
47062
48036
47063
48037
47064
48038
47065
48039
47066
48040
47067
48041
47068
48042
47069
48043
47070
48044
47071
48045
47072
48046
47073
48047
47074
48048
47075
48049
47076
48050
47077
48051
47078
48052
47079
48053
47080
48054
47081
48055
47082
48056
47083
48057
47084
48058
47085
48059
47086
48060
47087
48061
47088
48062
47089
48063
47090
48064
47091
48065
47092
48066
47093
48067
47094
48068
47095
48069
47096
48070
47097
48071
47098
48072
47099
48073
48074
47101
47175
48075
47102
47176
48076
47103
47177
48077
47104
47178
48078
47105
47179
48079
47106
47180
48080
47107
47181
48081
47108
47182
48082
47109
47183
48083
47110
47184
48084
47111
47185
48085
47112
47186
48086
47113
47187
48087
47114
47188
48088
47115
47189
48089
47116
47190
48090
47117
47191
48091
47118
47192
48092
47119
47193
48093
47120
47194
48094
47121
47195
48095
47122
47196
48096
47123
47197
48097
47124
47198
48098
47125
47199
48099
47126
47200
48100
47127
47201
48101
47128
47202
48102
47129
47203
48103
47130
47204
48104
47131
47205
48105
47132
47206
48106
47133
47207
48107
47134
47208
48108
47135
47209
48109
47136
47210
48110
47137
47211
48111
47138
47212
48112
47139
47213
48113
47140
47214
48114
47141
47215
48115
47142
47216
48116
47143
47217
48117
47144
47218
48118
47145
47219
48119
47146
47220
48120
47147
47221
48121
47148
47222
48122
47149
47223
48123
47150
47224
48124
47151
47225
48125
47152
47226
48126
47153
47227
48127
47154
47228
48128
47155
47229
48129
47156
47230
48130
47157
47231
48131
47158
47232
48132
47159
47233
48133
47160
47234
48134
47161
47235
48135
47162
47236
48136
47163
47237
48137
47164
47238
48138
47165
47239
48139
47166
47240
48140
47167
47241
48141
47168
47242
48142
47169
47243
48143
47170
47244
48144
47171
47245
48145
47172
47246
48146
47173
47247
48147
47174
47248
48148
47249
48149
47176
47250
48150
47177
47251
48151
47178
47252
48152
47179
47253
48153
47180
47254
48154
47181
47255
48155
47182
47256
48156
47183
47257
48157
47184
47258
48158
47185
47259
48159
47186
47260
48160
47187
47261
48161
47188
47262
48162
47189
47263
48163
47190
47264
48164
47191
47265
48165
47192
47266
48166
47193
47267
48167
47194
47268
48168
47195
47269
48169
47196
47270
48170
47197
47271
48171
47198
47272
48172
47199
47273
48173
47200
47274
48174
47201
47275
48175
47202
47276
48176
47203
47277
48177
47204
47278
48178
47205
47279
48179
47206
47280
48180
47207
47281
48181
47208
47282
48182
47209
47283
48183
47210
47284
48184
47211
47285
48185
47212
47286
48186
47213
47287
48187
47214
47288
48188
47215
47289
48189
47216
47290
48190
47217
47291
48191
47218
47292
48192
47219
47293
48193
47220
47294
48194
47221
47295
48195
47222
47296
48196
47223
47297
48197
47224
47298
48198
47225
47299
48199
47226
47300
48200
47227
47301
48201
47228
47302
48202
47229
47303
48203
47230
47304
48204
47231
47305
48205
47232
47306
48206
47233
47307
48207
47234
47308
48208
47235
47309
48209
47236
47310
48210
47237
47311
48211
47238
47312
48212
47239
47313
48213
47240
47314
48214
47241
47315
48215
47242
47316
48216
47243
47317
48217
47244
47318
48218
47245
47319
48219
47246
47320
48220
47247
47321
48221
47248
47322
48222
47249
47323
48223
47324
48224
47251
47325
48225
47252
47326
48226
47253
47327
48227
47254
47328
48228
47255
47329
48229
47256
47330
48230
47257
47331
48231
47258
47332
48232
47259
47333
48233
47260
47334
48234
47261
47335
48235
47262
47336
48236
47263
47337
48237
47264
47338
48238
47265
47339
48239
47266
47340
48240
47267
47341
48241
47268
47342
48242
47269
47343
48243
47270
47344
48244
47271
47345
48245
47272
47346
48246
47273
47347
48247
47274
47348
48248
47275
47349
48249
47276
47350
48250
47277
47351
48251
47278
47352
48252
47279
47353
48253
47280
47354
48254
47281
47355
48255
47282
47356
48256
47283
47357
48257
47284
47358
48258
47285
47359
48259
47286
47360
48260
47287
47361
48261
47288
47362
48262
47289
47363
48263
47290
47364
48264
47291
47365
48265
47292
47366
48266
47293
47367
48267
47294
47368
48268
47295
47369
48269
47296
47370
48270
47297
47371
48271
47298
47372
48272
47299
47373
48273
47300
47374
48274
47301
47375
48275
47302
47376
48276
47303
47377
48277
47304
47378
48278
47305
47379
48279
47306
47380
48280
47307
47381
48281
47308
47382
48282
47309
47383
48283
47310
47384
48284
47311
47385
48285
47312
47386
48286
47313
47387
48287
47314
47388
48288
47315
47389
48289
47316
47390
48290
47317
47391
48291
47318
47392
48292
47319
47393
48293
47320
47394
48294
47321
47395
48295
47322
47396
48296
47323
47397
48297
47324
47398
48298
47399
48299
47326
47400
48300
47327
47401
48301
47328
47402
48302
47329
47403
48303
47330
47404
48304
47331
47405
48305
47332
47406
48306
47333
47407
48307
47334
47408
48308
47335
47409
48309
47336
47410
48310
47337
47411
48311
47338
47412
48312
47339
47413
48313
47340
47414
48314
47341
47415
48315
47342
47416
48316
47343
47417
48317
47344
47418
48318
47345
47419
48319
47346
47420
48320
47347
47421
48321
47348
47422
48322
47349
47423
48323
47350
47424
48324
47351
47425
48325
47352
47426
48326
47353
47427
48327
47354
47428
48328
47355
47429
48329
47356
47430
48330
47357
47431
48331
47358
47432
48332
47359
47433
48333
47360
47434
48334
47361
47435
48335
47362
47436
48336
47363
47437
48337
47364
47438
48338
47365
47439
48339
47366
47440
48340
47367
47441
48341
47368
47442
48342
47369
47443
48343
47370
47444
48344
47371
47445
48345
47372
47446
48346
47373
47447
48347
47374
47448
48348
47375
47449
48349
47376
47450
48350
47377
47451
48351
47378
47452
48352
47379
47453
48353
47380
47454
48354
47381
47455
48355
47382
47456
48356
47383
47457
48357
47384
47458
48358
47385
47459
48359
47386
47460
48360
47387
47461
48361
47388
47462
48362
47389
47463
48363
47390
47464
48364
47391
47465
48365
47392
47466
48366
47393
47467
48367
47394
47468
48368
47395
47469
48369
47396
47470
48370
47397
47471
48371
47398
47472
48372
47399
47473
48373
47474
48374
47401
47475
48375
47402
47476
48376
47403
47477
48377
47404
47478
48378
47405
47479
48379
47406
47480
48380
47407
47481
48381
47408
47482
48382
47409
47483
48383
47410
47484
48384
47411
47485
48385
47412
47486
48386
47413
47487
48387
47414
47488
48388
47415
47489
48389
47416
47490
48390
47417
47491
48391
47418
47492
48392
47419
47493
48393
47420
47494
48394
47421
47495
48395
47422
47496
48396
47423
47497
48397
47424
47498
48398
47425
47499
48399
47426
47500
48400
47427
47501
48401
47428
47502
48402
47429
47503
48403
47430
47504
48404
47431
47505
48405
47432
47506
48406
47433
47507
48407
47434
47508
48408
47435
47509
48409
47436
47510
48410
47437
47511
48411
47438
47512
48412
47439
47513
48413
47440
47514
48414
47441
47515
48415
47442
47516
48416
47443
47517
48417
47444
47518
48418
47445
47519
48419
47446
47520
48420
47447
47521
48421
47448
47522
48422
47449
47523
48423
47450
47524
48424
47451
47525
48425
47452
47526
48426
47453
47527
48427
47454
47528
48428
47455
47529
48429
47456
47530
48430
47457
47531
48431
47458
47532
48432
47459
47533
48433
47460
47534
48434
47461
47535
48435
47462
47536
48436
47463
47537
48437
47464
47538
48438
47465
47539
48439
47466
47540
48440
47467
47541
48441
47468
47542
48442
47469
47543
48443
47470
47544
48444
47471
47545
48445
47472
47546
48446
47473
47547
48447
47474
47548
48448
47549
48449
47476
47550
48450
47477
47551
48451
47478
47552
48452
47479
47553
48453
47480
47554
48454
47481
47555
48455
47482
47556
48456
47483
47557
48457
47484
47558
48458
47485
47559
48459
47486
47560
48460
47487
47561
48461
47488
47562
48462
47489
47563
48463
47490
47564
48464
47491
47565
48465
47492
47566
48466
47493
47567
48467
47494
47568
48468
47495
47569
48469
47496
47570
48470
47497
47571
48471
47498
47572
48472
47499
47573
48473
47500
47574
48474
47501
47575
48475
47502
47576
48476
47503
47577
48477
47504
47578
48478
47505
47579
48479
47506
47580
48480
47507
47581
48481
47508
47582
48482
47509
47583
48483
47510
47584
48484
47511
47585
48485
47512
47586
48486
47513
47587
48487
47514
47588
48488
47515
47589
48489
47516
47590
48490
47517
47591
48491
47518
47592
48492
47519
47593
48493
47520
47594
48494
47521
47595
48495
47522
47596
48496
47523
47597
48497
47524
47598
48498
47525
47599
48499
47526
47600
48500
47527
47601
48501
47528
47602
48502
47529
47603
48503
47530
47604
48504
47531
47605
48505
47532
47606
48506
47533
47607
48507
47534
47608
48508
47535
47609
48509
47536
47610
48510
47537
47611
48511
47538
47612
48512
47539
47613
48513
47540
47614
48514
47541
47615
48515
47542
47616
48516
47543
47617
48517
47544
47618
48518
47545
47619
48519
47546
47620
48520
47547
47621
48521
47548
47622
48522
47549
47623
48523
47624
48524
47551
47625
48525
47552
47626
48526
47553
47627
48527
47554
47628
48528
47555
47629
48529
47556
47630
48530
47557
47631
48531
47558
47632
48532
47559
47633
48533
47560
47634
48534
47561
47635
48535
47562
47636
48536
47563
47637
48537
47564
47638
48538
47565
47639
48539
47566
47640
48540
47567
47641
48541
47568
47642
48542
47569
47643
48543
47570
47644
48544
47571
47645
48545
47572
47646
48546
47573
47647
48547
47574
47648
48548
47575
47649
48549
47576
47650
48550
47577
47651
48551
47578
47652
48552
47579
47653
48553
47580
47654
48554
47581
47655
48555
47582
47656
48556
47583
47657
48557
47584
47658
48558
47585
47659
48559
47586
47660
48560
47587
47661
48561
47588
47662
48562
47589
47663
48563
47590
47664
48564
47591
47665
48565
47592
47666
48566
47593
47667
48567
47594
47668
48568
47595
47669
48569
47596
47670
48570
47597
47671
48571
47598
47672
48572
47599
47673
48573
47600
47674
48574
47601
47675
48575
47602
47676
48576
47603
47677
48577
47604
47678
48578
47605
47679
48579
47606
47680
48580
47607
47681
48581
47608
47682
48582
47609
47683
48583
47610
47684
48584
47611
47685
48585
47612
47686
48586
47613
47687
48587
47614
47688
48588
47615
47689
48589
47616
47690
48590
47617
47691
48591
47618
47692
48592
47619
47693
48593
47620
47694
48594
47621
47695
48595
47622
47696
48596
47623
47697
48597
47624
47698
48598
47699
48599
47626
47700
48600
47627
47701
48601
47628
47702
48602
47629
47703
48603
47630
47704
48604
47631
47705
48605
47632
47706
48606
47633
47707
48607
47634
47708
48608
47635
47709
48609
47636
47710
48610
47637
47711
48611
47638
47712
48612
47639
47713
48613
47640
47714
48614
47641
47715
48615
47642
47716
48616
47643
47717
48617
47644
47718
48618
47645
47719
48619
47646
47720
48620
47647
47721
48621
47648
47722
48622
47649
47723
48623
47650
47724
48624
47651
47725
48625
47652
47726
48626
47653
47727
48627
47654
47728
48628
47655
47729
48629
47656
47730
48630
47657
47731
48631
47658
47732
48632
47659
47733
48633
47660
47734
48634
47661
47735
48635
47662
47736
48636
47663
47737
48637
47664
47738
48638
47665
47739
48639
47666
47740
48640
47667
47741
48641
47668
47742
48642
47669
47743
48643
47670
47744
48644
47671
47745
48645
47672
47746
48646
47673
47747
48647
47674
47748
48648
47675
47749
48649
47676
47750
48650
47677
47751
48651
47678
47752
48652
47679
47753
48653
47680
47754
48654
47681
47755
48655
47682
47756
48656
47683
47757
48657
47684
47758
48658
47685
47759
48659
47686
47760
48660
47687
47761
48661
47688
47762
48662
47689
47763
48663
47690
47764
48664
47691
47765
48665
47692
47766
48666
47693
47767
48667
47694
47768
48668
47695
47769
48669
47696
47770
48670
47697
47771
48671
47698
47772
48672
47699
47773
48673
47774
48674
47701
47775
48675
47702
47776
48676
47703
47777
48677
47704
47778
48678
47705
47779
48679
47706
47780
48680
47707
47781
48681
47708
47782
48682
47709
47783
48683
47710
47784
48684
47711
47785
48685
47712
47786
48686
47713
47787
48687
47714
47788
48688
47715
47789
48689
47716
47790
48690
47717
47791
48691
47718
47792
48692
47719
47793
48693
47720
47794
48694
47721
47795
48695
47722
47796
48696
47723
47797
48697
47724
47798
48698
47725
47799
48699
47726
47800
48700
47727
47801
48701
47728
47802
48702
47729
47803
48703
47730
47804
48704
47731
47805
48705
47732
47806
48706
47733
47807
48707
47734
47808
48708
47735
47809
48709
47736
47810
48710
47737
47811
48711
47738
47812
48712
47739
47813
48713
47740
47814
48714
47741
47815
48715
47742
47816
48716
47743
47817
48717
47744
47818
48718
47745
47819
48719
47746
47820
48720
47747
47821
48721
47748
47822
48722
47749
47823
48723
47750
47824
48724
47751
47825
48725
47752
47826
48726
47753
47827
48727
47754
47828
48728
47755
47829
48729
47756
47830
48730
47757
47831
48731
47758
47832
48732
47759
47833
48733
47760
47834
48734
47761
47835
48735
47762
47836
48736
47763
47837
48737
47764
47838
48738
47765
47839
48739
47766
47840
48740
47767
47841
48741
47768
47842
48742
47769
47843
48743
47770
47844
48744
47771
47845
48745
47772
47846
48746
47773
47847
48747
47774
47848
48748
47849
48749
47776
47850
48750
47777
47851
48751
47778
47852
48752
47779
47853
48753
47780
47854
48754
47781
47855
48755
47782
47856
48756
47783
47857
48757
47784
47858
48758
47785
47859
48759
47786
47860
48760
47787
47861
48761
47788
47862
48762
47789
47863
48763
47790
47864
48764
47791
47865
48765
47792
47866
48766
47793
47867
48767
47794
47868
48768
47795
47869
48769
47796
47870
48770
47797
47871
48771
47798
47872
48772
47799
47873
48773
47800
47874
48774
47801
47875
48775
47802
47876
48776
47803
47877
48777
47804
47878
48778
47805
47879
48779
47806
47880
48780
47807
47881
48781
47808
47882
48782
47809
47883
48783
47810
47884
48784
47811
47885
48785
47812
47886
48786
47813
47887
48787
47814
47888
48788
47815
47889
48789
47816
47890
48790
47817
47891
48791
47818
47892
48792
47819
47893
48793
47820
47894
48794
47821
47895
48795
47822
47896
48796
47823
47897
48797
47824
47898
48798
47825
47899
48799
47826
47900
48800
47827
47901
48801
47828
47902
48802
47829
47903
48803
47830
47904
48804
47831
47905
48805
47832
47906
48806
47833
47907
48807
47834
47908
48808
47835
47909
48809
47836
47910
48810
47837
47911
48811
47838
47912
48812
47839
47913
48813
47840
47914
48814
47841
47915
48815
47842
47916
48816
47843
47917
48817
47844
47918
48818
47845
47919
48819
47846
47920
48820
47847
47921
48821
47848
47922
48822
47849
47923
48823
47924
48824
47851
47925
48825
47852
47926
48826
47853
47927
48827
47854
47928
48828
47855
47929
48829
47856
47930
48830
47857
47931
48831
47858
47932
48832
47859
47933
48833
47860
47934
48834
47861
47935
48835
47862
47936
48836
47863
47937
48837
47864
47938
48838
47865
47939
48839
47866
47940
48840
47867
47941
48841
47868
47942
48842
47869
47943
48843
47870
47944
48844
47871
47945
48845
47872
47946
48846
47873
47947
48847
47874
47948
48848
47875
47949
48849
47876
47950
48850
47877
47951
48851
47878
47952
48852
47879
47953
48853
47880
47954
48854
47881
47955
48855
47882
47956
48856
47883
47957
48857
47884
47958
48858
47885
47959
48859
47886
47960
48860
47887
47961
48861
47888
47962
48862
47889
47963
48863
47890
47964
48864
47891
47965
48865
47892
47966
48866
47893
47967
48867
47894
47968
48868
47895
47969
48869
47896
47970
48870
47897
47971
48871
47898
47972
48872
47899
47973
48873
47900
47974
48874
47901
47975
48875
47902
47976
48876
47903
47977
48877
47904
47978
48878
47905
47979
48879
47906
47980
48880
47907
47981
48881
47908
47982
48882
47909
47983
48883
47910
47984
48884
47911
47985
48885
47912
47986
48886
47913
47987
48887
47914
47988
48888
47915
47989
48889
47916
47990
48890
47917
47991
48891
47918
47992
48892
47919
47993
48893
47920
47994
48894
47921
47995
48895
47922
47996
48896
47923
47997
48897
47924
47998
48898
47999
48899
47926
48000
48900
47927
48001
48901
47928
48002
48902
47929
48003
48903
47930
48004
48904
47931
48005
48905
47932
48006
48906
47933
48007
48907
47934
48008
48908
47935
48009
48909
47936
48010
48910
47937
48011
48911
47938
48012
48912
47939
48013
48913
47940
48014
48914
47941
48015
48915
47942
48016
48916
47943
48017
48917
47944
48018
48918
47945
48019
48919
47946
48020
48920
47947
48021
48921
47948
48022
48922
47949
48023
48923
47950
48024
48924
47951
48025
48925
47952
48026
48926
47953
48027
48927
47954
48028
48928
47955
48029
48929
47956
48030
48930
47957
48031
48931
47958
48032
48932
47959
48033
48933
47960
48034
48934
47961
48035
48935
47962
48036
48936
47963
48037
48937
47964
48038
48938
47965
48039
48939
47966
48040
48940
47967
48041
48941
47968
48042
48942
47969
48043
48943
47970
48044
48944
47971
48045
48945
47972
48046
48946
47973
48047
48947
47974
48048
48948
47975
48049
48949
47976
48050
48950
47977
48051
48951
47978
48052
48952
47979
48053
48953
47980
48054
48954
47981
48055
48955
47982
48056
48956
47983
48057
48957
47984
48058
48958
47985
48059
48959
47986
48060
48960
47987
48061
48961
47988
48062
48962
47989
48063
48963
47990
48064
48964
47991
48065
48965
47992
48066
48966
47993
48067
48967
47994
48068
48968
47995
48069
48969
47996
48070
48970
47997
48071
48971
47998
48072
48972
47999
48073
48973
48074
48974
48001
48975
48002
48976
48003
48977
48004
48978
48005
48979
48006
48980
48007
48981
48008
48982
48009
48983
48010
48984
48011
48985
48012
48986
48013
48987
48014
48988
48015
48989
48016
48990
48017
48991
48018
48992
48019
48993
48020
48994
48021
48995
48022
48996
48023
48997
48024
48998
48025
48999
48026
49000
48027
49001
48028
49002
48029
49003
48030
49004
48031
49005
48032
49006
48033
49007
48034
49008
48035
49009
48036
49010
48037
49011
48038
49012
48039
49013
48040
49014
48041
49015
48042
49016
48043
49017
48044
49018
48045
49019
48046
49020
48047
49021
48048
49022
48049
49023
48050
49024
48051
49025
48052
49026
48053
49027
48054
49028
48055
49029
48056
49030
48057
49031
48058
49032
48059
49033
48060
49034
48061
49035
48062
49036
48063
49037
48064
49038
48065
49039
48066
49040
48067
49041
48068
49042
48069
49043
48070
49044
48071
49045
48072
49046
48073
49047
48074
49048
49049
48076
48150
49050
48077
48151
49051
48078
48152
49052
48079
48153
49053
48080
48154
49054
48081
48155
49055
48082
48156
49056
48083
48157
49057
48084
48158
49058
48085
48159
49059
48086
48160
49060
48087
48161
49061
48088
48162
49062
48089
48163
49063
48090
48164
49064
48091
48165
49065
48092
48166
49066
48093
48167
49067
48094
48168
49068
48095
48169
49069
48096
48170
49070
48097
48171
49071
48098
48172
49072
48099
48173
49073
48100
48174
49074
48101
48175
49075
48102
48176
49076
48103
48177
49077
48104
48178
49078
48105
48179
49079
48106
48180
49080
48107
48181
49081
48108
48182
49082
48109
48183
49083
48110
48184
49084
48111
48185
49085
48112
48186
49086
48113
48187
49087
48114
48188
49088
48115
48189
49089
48116
48190
49090
48117
48191
49091
48118
48192
49092
48119
48193
49093
48120
48194
49094
48121
48195
49095
48122
48196
49096
48123
48197
49097
48124
48198
49098
48125
48199
49099
48126
48200
49100
48127
48201
49101
48128
48202
49102
48129
48203
49103
48130
48204
49104
48131
48205
49105
48132
48206
49106
48133
48207
49107
48134
48208
49108
48135
48209
49109
48136
48210
49110
48137
48211
49111
48138
48212
49112
48139
48213
49113
48140
48214
49114
48141
48215
49115
48142
48216
49116
48143
48217
49117
48144
48218
49118
48145
48219
49119
48146
48220
49120
48147
48221
49121
48148
48222
49122
48149
48223
49123
48224
49124
48151
48225
49125
48152
48226
49126
48153
48227
49127
48154
48228
49128
48155
48229
49129
48156
48230
49130
48157
48231
49131
48158
48232
49132
48159
48233
49133
48160
48234
49134
48161
48235
49135
48162
48236
49136
48163
48237
49137
48164
48238
49138
48165
48239
49139
48166
48240
49140
48167
48241
49141
48168
48242
49142
48169
48243
49143
48170
48244
49144
48171
48245
49145
48172
48246
49146
48173
48247
49147
48174
48248
49148
48175
48249
49149
48176
48250
49150
48177
48251
49151
48178
48252
49152
48179
48253
49153
48180
48254
49154
48181
48255
49155
48182
48256
49156
48183
48257
49157
48184
48258
49158
48185
48259
49159
48186
48260
49160
48187
48261
49161
48188
48262
49162
48189
48263
49163
48190
48264
49164
48191
48265
49165
48192
48266
49166
48193
48267
49167
48194
48268
49168
48195
48269
49169
48196
48270
49170
48197
48271
49171
48198
48272
49172
48199
48273
49173
48200
48274
49174
48201
48275
49175
48202
48276
49176
48203
48277
49177
48204
48278
49178
48205
48279
49179
48206
48280
49180
48207
48281
49181
48208
48282
49182
48209
48283
49183
48210
48284
49184
48211
48285
49185
48212
48286
49186
48213
48287
49187
48214
48288
49188
48215
48289
49189
48216
48290
49190
48217
48291
49191
48218
48292
49192
48219
48293
49193
48220
48294
49194
48221
48295
49195
48222
48296
49196
48223
48297
49197
48224
48298
49198
48299
49199
48226
48300
49200
48227
48301
49201
48228
48302
49202
48229
48303
49203
48230
48304
49204
48231
48305
49205
48232
48306
49206
48233
48307
49207
48234
48308
49208
48235
48309
49209
48236
48310
49210
48237
48311
49211
48238
48312
49212
48239
48313
49213
48240
48314
49214
48241
48315
49215
48242
48316
49216
48243
48317
49217
48244
48318
49218
48245
48319
49219
48246
48320
49220
48247
48321
49221
48248
48322
49222
48249
48323
49223
48250
48324
49224
48251
48325
49225
48252
48326
49226
48253
48327
49227
48254
48328
49228
48255
48329
49229
48256
48330
49230
48257
48331
49231
48258
48332
49232
48259
48333
49233
48260
48334
49234
48261
48335
49235
48262
48336
49236
48263
48337
49237
48264
48338
49238
48265
48339
49239
48266
48340
49240
48267
48341
49241
48268
48342
49242
48269
48343
49243
48270
48344
49244
48271
48345
49245
48272
48346
49246
48273
48347
49247
48274
48348
49248
48275
48349
49249
48276
48350
49250
48277
48351
49251
48278
48352
49252
48279
48353
49253
48280
48354
49254
48281
48355
49255
48282
48356
49256
48283
48357
49257
48284
48358
49258
48285
48359
49259
48286
48360
49260
48287
48361
49261
48288
48362
49262
48289
48363
49263
48290
48364
49264
48291
48365
49265
48292
48366
49266
48293
48367
49267
48294
48368
49268
48295
48369
49269
48296
48370
49270
48297
48371
49271
48298
48372
49272
48299
48373
49273
48374
49274
48301
48375
49275
48302
48376
49276
48303
48377
49277
48304
48378
49278
48305
48379
49279
48306
48380
49280
48307
48381
49281
48308
48382
49282
48309
48383
49283
48310
48384
49284
48311
48385
49285
48312
48386
49286
48313
48387
49287
48314
48388
49288
48315
48389
49289
48316
48390
49290
48317
48391
49291
48318
48392
49292
48319
48393
49293
48320
48394
49294
48321
48395
49295
48322
48396
49296
48323
48397
49297
48324
48398
49298
48325
48399
49299
48326
48400
49300
48327
48401
49301
48328
48402
49302
48329
48403
49303
48330
48404
49304
48331
48405
49305
48332
48406
49306
48333
48407
49307
48334
48408
49308
48335
48409
49309
48336
48410
49310
48337
48411
49311
48338
48412
49312
48339
48413
49313
48340
48414
49314
48341
48415
49315
48342
48416
49316
48343
48417
49317
48344
48418
49318
48345
48419
49319
48346
48420
49320
48347
48421
49321
48348
48422
49322
48349
48423
49323
48350
48424
49324
48351
48425
49325
48352
48426
49326
48353
48427
49327
48354
48428
49328
48355
48429
49329
48356
48430
49330
48357
48431
49331
48358
48432
49332
48359
48433
49333
48360
48434
49334
48361
48435
49335
48362
48436
49336
48363
48437
49337
48364
48438
49338
48365
48439
49339
48366
48440
49340
48367
48441
49341
48368
48442
49342
48369
48443
49343
48370
48444
49344
48371
48445
49345
48372
48446
49346
48373
48447
49347
48374
48448
49348
48449
49349
48376
48450
49350
48377
48451
49351
48378
48452
49352
48379
48453
49353
48380
48454
49354
48381
48455
49355
48382
48456
49356
48383
48457
49357
48384
48458
49358
48385
48459
49359
48386
48460
49360
48387
48461
49361
48388
48462
49362
48389
48463
49363
48390
48464
49364
48391
48465
49365
48392
48466
49366
48393
48467
49367
48394
48468
49368
48395
48469
49369
48396
48470
49370
48397
48471
49371
48398
48472
49372
48399
48473
49373
48400
48474
49374
48401
48475
49375
48402
48476
49376
48403
48477
49377
48404
48478
49378
48405
48479
49379
48406
48480
49380
48407
48481
49381
48408
48482
49382
48409
48483
49383
48410
48484
49384
48411
48485
49385
48412
48486
49386
48413
48487
49387
48414
48488
49388
48415
48489
49389
48416
48490
49390
48417
48491
49391
48418
48492
49392
48419
48493
49393
48420
48494
49394
48421
48495
49395
48422
48496
49396
48423
48497
49397
48424
48498
49398
48425
48499
49399
48426
48500
49400
48427
48501
49401
48428
48502
49402
48429
48503
49403
48430
48504
49404
48431
48505
49405
48432
48506
49406
48433
48507
49407
48434
48508
49408
48435
48509
49409
48436
48510
49410
48437
48511
49411
48438
48512
49412
48439
48513
49413
48440
48514
49414
48441
48515
49415
48442
48516
49416
48443
48517
49417
48444
48518
49418
48445
48519
49419
48446
48520
49420
48447
48521
49421
48448
48522
49422
48449
48523
49423
48524
49424
48451
48525
49425
48452
48526
49426
48453
48527
49427
48454
48528
49428
48455
48529
49429
48456
48530
49430
48457
48531
49431
48458
48532
49432
48459
48533
49433
48460
48534
49434
48461
48535
49435
48462
48536
49436
48463
48537
49437
48464
48538
49438
48465
48539
49439
48466
48540
49440
48467
48541
49441
48468
48542
49442
48469
48543
49443
48470
48544
49444
48471
48545
49445
48472
48546
49446
48473
48547
49447
48474
48548
49448
48475
48549
49449
48476
48550
49450
48477
48551
49451
48478
48552
49452
48479
48553
49453
48480
48554
49454
48481
48555
49455
48482
48556
49456
48483
48557
49457
48484
48558
49458
48485
48559
49459
48486
48560
49460
48487
48561
49461
48488
48562
49462
48489
48563
49463
48490
48564
49464
48491
48565
49465
48492
48566
49466
48493
48567
49467
48494
48568
49468
48495
48569
49469
48496
48570
49470
48497
48571
49471
48498
48572
49472
48499
48573
49473
48500
48574
49474
48501
48575
49475
48502
48576
49476
48503
48577
49477
48504
48578
49478
48505
48579
49479
48506
48580
49480
48507
48581
49481
48508
48582
49482
48509
48583
49483
48510
48584
49484
48511
48585
49485
48512
48586
49486
48513
48587
49487
48514
48588
49488
48515
48589
49489
48516
48590
49490
48517
48591
49491
48518
48592
49492
48519
48593
49493
48520
48594
49494
48521
48595
49495
48522
48596
49496
48523
48597
49497
48524
48598
49498
48599
49499
48526
48600
49500
48527
48601
49501
48528
48602
49502
48529
48603
49503
48530
48604
49504
48531
48605
49505
48532
48606
49506
48533
48607
49507
48534
48608
49508
48535
48609
49509
48536
48610
49510
48537
48611
49511
48538
48612
49512
48539
48613
49513
48540
48614
49514
48541
48615
49515
48542
48616
49516
48543
48617
49517
48544
48618
49518
48545
48619
49519
48546
48620
49520
48547
48621
49521
48548
48622
49522
48549
48623
49523
48550
48624
49524
48551
48625
49525
48552
48626
49526
48553
48627
49527
48554
48628
49528
48555
48629
49529
48556
48630
49530
48557
48631
49531
48558
48632
49532
48559
48633
49533
48560
48634
49534
48561
48635
49535
48562
48636
49536
48563
48637
49537
48564
48638
49538
48565
48639
49539
48566
48640
49540
48567
48641
49541
48568
48642
49542
48569
48643
49543
48570
48644
49544
48571
48645
49545
48572
48646
49546
48573
48647
49547
48574
48648
49548
48575
48649
49549
48576
48650
49550
48577
48651
49551
48578
48652
49552
48579
48653
49553
48580
48654
49554
48581
48655
49555
48582
48656
49556
48583
48657
49557
48584
48658
49558
48585
48659
49559
48586
48660
49560
48587
48661
49561
48588
48662
49562
48589
48663
49563
48590
48664
49564
48591
48665
49565
48592
48666
49566
48593
48667
49567
48594
48668
49568
48595
48669
49569
48596
48670
49570
48597
48671
49571
48598
48672
49572
48599
48673
49573
48674
49574
48601
48675
49575
48602
48676
49576
48603
48677
49577
48604
48678
49578
48605
48679
49579
48606
48680
49580
48607
48681
49581
48608
48682
49582
48609
48683
49583
48610
48684
49584
48611
48685
49585
48612
48686
49586
48613
48687
49587
48614
48688
49588
48615
48689
49589
48616
48690
49590
48617
48691
49591
48618
48692
49592
48619
48693
49593
48620
48694
49594
48621
48695
49595
48622
48696
49596
48623
48697
49597
48624
48698
49598
48625
48699
49599
48626
48700
49600
48627
48701
49601
48628
48702
49602
48629
48703
49603
48630
48704
49604
48631
48705
49605
48632
48706
49606
48633
48707
49607
48634
48708
49608
48635
48709
49609
48636
48710
49610
48637
48711
49611
48638
48712
49612
48639
48713
49613
48640
48714
49614
48641
48715
49615
48642
48716
49616
48643
48717
49617
48644
48718
49618
48645
48719
49619
48646
48720
49620
48647
48721
49621
48648
48722
49622
48649
48723
49623
48650
48724
49624
48651
48725
49625
48652
48726
49626
48653
48727
49627
48654
48728
49628
48655
48729
49629
48656
48730
49630
48657
48731
49631
48658
48732
49632
48659
48733
49633
48660
48734
49634
48661
48735
49635
48662
48736
49636
48663
48737
49637
48664
48738
49638
48665
48739
49639
48666
48740
49640
48667
48741
49641
48668
48742
49642
48669
48743
49643
48670
48744
49644
48671
48745
49645
48672
48746
49646
48673
48747
49647
48674
48748
49648
48749
49649
48676
48750
49650
48677
48751
49651
48678
48752
49652
48679
48753
49653
48680
48754
49654
48681
48755
49655
48682
48756
49656
48683
48757
49657
48684
48758
49658
48685
48759
49659
48686
48760
49660
48687
48761
49661
48688
48762
49662
48689
48763
49663
48690
48764
49664
48691
48765
49665
48692
48766
49666
48693
48767
49667
48694
48768
49668
48695
48769
49669
48696
48770
49670
48697
48771
49671
48698
48772
49672
48699
48773
49673
48700
48774
49674
48701
48775
49675
48702
48776
49676
48703
48777
49677
48704
48778
49678
48705
48779
49679
48706
48780
49680
48707
48781
49681
48708
48782
49682
48709
48783
49683
48710
48784
49684
48711
48785
49685
48712
48786
49686
48713
48787
49687
48714
48788
49688
48715
48789
49689
48716
48790
49690
48717
48791
49691
48718
48792
49692
48719
48793
49693
48720
48794
49694
48721
48795
49695
48722
48796
49696
48723
48797
49697
48724
48798
49698
48725
48799
49699
48726
48800
49700
48727
48801
49701
48728
48802
49702
48729
48803
49703
48730
48804
49704
48731
48805
49705
48732
48806
49706
48733
48807
49707
48734
48808
49708
48735
48809
49709
48736
48810
49710
48737
48811
49711
48738
48812
49712
48739
48813
49713
48740
48814
49714
48741
48815
49715
48742
48816
49716
48743
48817
49717
48744
48818
49718
48745
48819
49719
48746
48820
49720
48747
48821
49721
48748
48822
49722
48749
48823
49723
48824
49724
48751
48825
49725
48752
48826
49726
48753
48827
49727
48754
48828
49728
48755
48829
49729
48756
48830
49730
48757
48831
49731
48758
48832
49732
48759
48833
49733
48760
48834
49734
48761
48835
49735
48762
48836
49736
48763
48837
49737
48764
48838
49738
48765
48839
49739
48766
48840
49740
48767
48841
49741
48768
48842
49742
48769
48843
49743
48770
48844
49744
48771
48845
49745
48772
48846
49746
48773
48847
49747
48774
48848
49748
48775
48849
49749
48776
48850
49750
48777
48851
49751
48778
48852
49752
48779
48853
49753
48780
48854
49754
48781
48855
49755
48782
48856
49756
48783
48857
49757
48784
48858
49758
48785
48859
49759
48786
48860
49760
48787
48861
49761
48788
48862
49762
48789
48863
49763
48790
48864
49764
48791
48865
49765
48792
48866
49766
48793
48867
49767
48794
48868
49768
48795
48869
49769
48796
48870
49770
48797
48871
49771
48798
48872
49772
48799
48873
49773
48800
48874
49774
48801
48875
49775
48802
48876
49776
48803
48877
49777
48804
48878
49778
48805
48879
49779
48806
48880
49780
48807
48881
49781
48808
48882
49782
48809
48883
49783
48810
48884
49784
48811
48885
49785
48812
48886
49786
48813
48887
49787
48814
48888
49788
48815
48889
49789
48816
48890
49790
48817
48891
49791
48818
48892
49792
48819
48893
49793
48820
48894
49794
48821
48895
49795
48822
48896
49796
48823
48897
49797
48824
48898
49798
48899
49799
48826
48900
49800
48827
48901
49801
48828
48902
49802
48829
48903
49803
48830
48904
49804
48831
48905
49805
48832
48906
49806
48833
48907
49807
48834
48908
49808
48835
48909
49809
48836
48910
49810
48837
48911
49811
48838
48912
49812
48839
48913
49813
48840
48914
49814
48841
48915
49815
48842
48916
49816
48843
48917
49817
48844
48918
49818
48845
48919
49819
48846
48920
49820
48847
48921
49821
48848
48922
49822
48849
48923
49823
48850
48924
49824
48851
48925
49825
48852
48926
49826
48853
48927
49827
48854
48928
49828
48855
48929
49829
48856
48930
49830
48857
48931
49831
48858
48932
49832
48859
48933
49833
48860
48934
49834
48861
48935
49835
48862
48936
49836
48863
48937
49837
48864
48938
49838
48865
48939
49839
48866
48940
49840
48867
48941
49841
48868
48942
49842
48869
48943
49843
48870
48944
49844
48871
48945
49845
48872
48946
49846
48873
48947
49847
48874
48948
49848
48875
48949
49849
48876
48950
49850
48877
48951
49851
48878
48952
49852
48879
48953
49853
48880
48954
49854
48881
48955
49855
48882
48956
49856
48883
48957
49857
48884
48958
49858
48885
48959
49859
48886
48960
49860
48887
48961
49861
48888
48962
49862
48889
48963
49863
48890
48964
49864
48891
48965
49865
48892
48966
49866
48893
48967
49867
48894
48968
49868
48895
48969
49869
48896
48970
49870
48897
48971
49871
48898
48972
49872
48899
48973
49873
48974
49874
48901
48975
49875
48902
48976
49876
48903
48977
49877
48904
48978
49878
48905
48979
49879
48906
48980
49880
48907
48981
49881
48908
48982
49882
48909
48983
49883
48910
48984
49884
48911
48985
49885
48912
48986
49886
48913
48987
49887
48914
48988
49888
48915
48989
49889
48916
48990
49890
48917
48991
49891
48918
48992
49892
48919
48993
49893
48920
48994
49894
48921
48995
49895
48922
48996
49896
48923
48997
49897
48924
48998
49898
48925
48999
49899
48926
49000
49900
48927
49001
49901
48928
49002
49902
48929
49003
49903
48930
49004
49904
48931
49005
49905
48932
49006
49906
48933
49007
49907
48934
49008
49908
48935
49009
49909
48936
49010
49910
48937
49011
49911
48938
49012
49912
48939
49013
49913
48940
49014
49914
48941
49015
49915
48942
49016
49916
48943
49017
49917
48944
49018
49918
48945
49019
49919
48946
49020
49920
48947
49021
49921
48948
49022
49922
48949
49023
49923
48950
49024
49924
48951
49025
49925
48952
49026
49926
48953
49027
49927
48954
49028
49928
48955
49029
49929
48956
49030
49930
48957
49031
49931
48958
49032
49932
48959
49033
49933
48960
49034
49934
48961
49035
49935
48962
49036
49936
48963
49037
49937
48964
49038
49938
48965
49039
49939
48966
49040
49940
48967
49041
49941
48968
49042
49942
48969
49043
49943
48970
49044
49944
48971
49045
49945
48972
49046
49946
48973
49047
49947
48974
49048
49948
49049
49949
48976
49950
48977
49951
48978
49952
48979
49953
48980
49954
48981
49955
48982
49956
48983
49957
48984
49958
48985
49959
48986
49960
48987
49961
48988
49962
48989
49963
48990
49964
48991
49965
48992
49966
48993
49967
48994
49968
48995
49969
48996
49970
48997
49971
48998
49972
48999
49973
49000
49974
49001
49975
49002
49976
49003
49977
49004
49978
49005
49979
49006
49980
49007
49981
49008
49982
49009
49983
49010
49984
49011
49985
49012
49986
49013
49987
49014
49988
49015
49989
49016
49990
49017
49991
49018
49992
49019
49993
49020
49994
49021
49995
49022
49996
49023
49997
49024
49998
49025
49999
49026
50000
49027
50001
49028
50002
49029
50003
49030
50004
49031
50005
49032
50006
49033
50007
49034
50008
49035
50009
49036
50010
49037
50011
49038
50012
49039
50013
49040
50014
49041
50015
49042
50016
49043
50017
49044
50018
49045
50019
49046
50020
49047
50021
49048
50022
49049
50023
50024
49051
49125
50025
49052
49126
50026
49053
49127
50027
49054
49128
50028
49055
49129
50029
49056
49130
50030
49057
49131
50031
49058
49132
50032
49059
49133
50033
49060
49134
50034
49061
49135
50035
49062
49136
50036
49063
49137
50037
49064
49138
50038
49065
49139
50039
49066
49140
50040
49067
49141
50041
49068
49142
50042
49069
49143
50043
49070
49144
50044
49071
49145
50045
49072
49146
50046
49073
49147
50047
49074
49148
50048
49075
49149
50049
49076
49150
50050
49077
49151
50051
49078
49152
50052
49079
49153
50053
49080
49154
50054
49081
49155
50055
49082
49156
50056
49083
49157
50057
49084
49158
50058
49085
49159
50059
49086
49160
50060
49087
49161
50061
49088
49162
50062
49089
49163
50063
49090
49164
50064
49091
49165
50065
49092
49166
50066
49093
49167
50067
49094
49168
50068
49095
49169
50069
49096
49170
50070
49097
49171
50071
49098
49172
50072
49099
49173
50073
49100
49174
50074
49101
49175
50075
49102
49176
50076
49103
49177
50077
49104
49178
50078
49105
49179
50079
49106
49180
50080
49107
49181
50081
49108
49182
50082
49109
49183
50083
49110
49184
50084
49111
49185
50085
49112
49186
50086
49113
49187
50087
49114
49188
50088
49115
49189
50089
49116
49190
50090
49117
49191
50091
49118
49192
50092
49119
49193
50093
49120
49194
50094
49121
49195
50095
49122
49196
50096
49123
49197
50097
49124
49198
50098
49199
50099
49126
49200
50100
49127
49201
50101
49128
49202
50102
49129
49203
50103
49130
49204
50104
49131
49205
50105
49132
49206
50106
49133
49207
50107
49134
49208
50108
49135
49209
50109
49136
49210
50110
49137
49211
50111
49138
49212
50112
49139
49213
50113
49140
49214
50114
49141
49215
50115
49142
49216
50116
49143
49217
50117
49144
49218
50118
49145
49219
50119
49146
49220
50120
49147
49221
50121
49148
49222
50122
49149
49223
50123
49150
49224
50124
49151
49225
50125
49152
49226
50126
49153
49227
50127
49154
49228
50128
49155
49229
50129
49156
49230
50130
49157
49231
50131
49158
49232
50132
49159
49233
50133
49160
49234
50134
49161
49235
50135
49162
49236
50136
49163
49237
50137
49164
49238
50138
49165
49239
50139
49166
49240
50140
49167
49241
50141
49168
49242
50142
49169
49243
50143
49170
49244
50144
49171
49245
50145
49172
49246
50146
49173
49247
50147
49174
49248
50148
49175
49249
50149
49176
49250
50150
49177
49251
50151
49178
49252
50152
49179
49253
50153
49180
49254
50154
49181
49255
50155
49182
49256
50156
49183
49257
50157
49184
49258
50158
49185
49259
50159
49186
49260
50160
49187
49261
50161
49188
49262
50162
49189
49263
50163
49190
49264
50164
49191
49265
50165
49192
49266
50166
49193
49267
50167
49194
49268
50168
49195
49269
50169
49196
49270
50170
49197
49271
50171
49198
49272
50172
49199
49273
50173
49274
50174
49201
49275
50175
49202
49276
50176
49203
49277
50177
49204
49278
50178
49205
49279
50179
49206
49280
50180
49207
49281
50181
49208
49282
50182
49209
49283
50183
49210
49284
50184
49211
49285
50185
49212
49286
50186
49213
49287
50187
49214
49288
50188
49215
49289
50189
49216
49290
50190
49217
49291
50191
49218
49292
50192
49219
49293
50193
49220
49294
50194
49221
49295
50195
49222
49296
50196
49223
49297
50197
49224
49298
50198
49225
49299
50199
49226
49300
50200
49227
49301
50201
49228
49302
50202
49229
49303
50203
49230
49304
50204
49231
49305
50205
49232
49306
50206
49233
49307
50207
49234
49308
50208
49235
49309
50209
49236
49310
50210
49237
49311
50211
49238
49312
50212
49239
49313
50213
49240
49314
50214
49241
49315
50215
49242
49316
50216
49243
49317
50217
49244
49318
50218
49245
49319
50219
49246
49320
50220
49247
49321
50221
49248
49322
50222
49249
49323
50223
49250
49324
50224
49251
49325
50225
49252
49326
50226
49253
49327
50227
49254
49328
50228
49255
49329
50229
49256
49330
50230
49257
49331
50231
49258
49332
50232
49259
49333
50233
49260
49334
50234
49261
49335
50235
49262
49336
50236
49263
49337
50237
49264
49338
50238
49265
49339
50239
49266
49340
50240
49267
49341
50241
49268
49342
50242
49269
49343
50243
49270
49344
50244
49271
49345
50245
49272
49346
50246
49273
49347
50247
49274
49348
50248
49349
50249
49276
49350
50250
49277
49351
50251
49278
49352
50252
49279
49353
50253
49280
49354
50254
49281
49355
50255
49282
49356
50256
49283
49357
50257
49284
49358
50258
49285
49359
50259
49286
49360
50260
49287
49361
50261
49288
49362
50262
49289
49363
50263
49290
49364
50264
49291
49365
50265
49292
49366
50266
49293
49367
50267
49294
49368
50268
49295
49369
50269
49296
49370
50270
49297
49371
50271
49298
49372
50272
49299
49373
50273
49300
49374
50274
49301
49375
50275
49302
49376
50276
49303
49377
50277
49304
49378
50278
49305
49379
50279
49306
49380
50280
49307
49381
50281
49308
49382
50282
49309
49383
50283
49310
49384
50284
49311
49385
50285
49312
49386
50286
49313
49387
50287
49314
49388
50288
49315
49389
50289
49316
49390
50290
49317
49391
50291
49318
49392
50292
49319
49393
50293
49320
49394
50294
49321
49395
50295
49322
49396
50296
49323
49397
50297
49324
49398
50298
49325
49399
50299
49326
49400
50300
49327
49401
50301
49328
49402
50302
49329
49403
50303
49330
49404
50304
49331
49405
50305
49332
49406
50306
49333
49407
50307
49334
49408
50308
49335
49409
50309
49336
49410
50310
49337
49411
50311
49338
49412
50312
49339
49413
50313
49340
49414
50314
49341
49415
50315
49342
49416
50316
49343
49417
50317
49344
49418
50318
49345
49419
50319
49346
49420
50320
49347
49421
50321
49348
49422
50322
49349
49423
50323
49424
50324
49351
49425
50325
49352
49426
50326
49353
49427
50327
49354
49428
50328
49355
49429
50329
49356
49430
50330
49357
49431
50331
49358
49432
50332
49359
49433
50333
49360
49434
50334
49361
49435
50335
49362
49436
50336
49363
49437
50337
49364
49438
50338
49365
49439
50339
49366
49440
50340
49367
49441
50341
49368
49442
50342
49369
49443
50343
49370
49444
50344
49371
49445
50345
49372
49446
50346
49373
49447
50347
49374
49448
50348
49375
49449
50349
49376
49450
50350
49377
49451
50351
49378
49452
50352
49379
49453
50353
49380
49454
50354
49381
49455
50355
49382
49456
50356
49383
49457
50357
49384
49458
50358
49385
49459
50359
49386
49460
50360
49387
49461
50361
49388
49462
50362
49389
49463
50363
49390
49464
50364
49391
49465
50365
49392
49466
50366
49393
49467
50367
49394
49468
50368
49395
49469
50369
49396
49470
50370
49397
49471
50371
49398
49472
50372
49399
49473
50373
49400
49474
50374
49401
49475
50375
49402
49476
50376
49403
49477
50377
49404
49478
50378
49405
49479
50379
49406
49480
50380
49407
49481
50381
49408
49482
50382
49409
49483
50383
49410
49484
50384
49411
49485
50385
49412
49486
50386
49413
49487
50387
49414
49488
50388
49415
49489
50389
49416
49490
50390
49417
49491
50391
49418
49492
50392
49419
49493
50393
49420
49494
50394
49421
49495
50395
49422
49496
50396
49423
49497
50397
49424
49498
50398
49499
50399
49426
49500
50400
49427
49501
50401
49428
49502
50402
49429
49503
50403
49430
49504
50404
49431
49505
50405
49432
49506
50406
49433
49507
50407
49434
49508
50408
49435
49509
50409
49436
49510
50410
49437
49511
50411
49438
49512
50412
49439
49513
50413
49440
49514
50414
49441
49515
50415
49442
49516
50416
49443
49517
50417
49444
49518
50418
49445
49519
50419
49446
49520
50420
49447
49521
50421
49448
49522
50422
49449
49523
50423
49450
49524
50424
49451
49525
50425
49452
49526
50426
49453
49527
50427
49454
49528
50428
49455
49529
50429
49456
49530
50430
49457
49531
50431
49458
49532
50432
49459
49533
50433
49460
49534
50434
49461
49535
50435
49462
49536
50436
49463
49537
50437
49464
49538
50438
49465
49539
50439
49466
49540
50440
49467
49541
50441
49468
49542
50442
49469
49543
50443
49470
49544
50444
49471
49545
50445
49472
49546
50446
49473
49547
50447
49474
49548
50448
49475
49549
50449
49476
49550
50450
49477
49551
50451
49478
49552
50452
49479
49553
50453
49480
49554
50454
49481
49555
50455
49482
49556
50456
49483
49557
50457
49484
49558
50458
49485
49559
50459
49486
49560
50460
49487
49561
50461
49488
49562
50462
49489
49563
50463
49490
49564
50464
49491
49565
50465
49492
49566
50466
49493
49567
50467
49494
49568
50468
49495
49569
50469
49496
49570
50470
49497
49571
50471
49498
49572
50472
49499
49573
50473
49574
50474
49501
49575
50475
49502
49576
50476
49503
49577
50477
49504
49578
50478
49505
49579
50479
49506
49580
50480
49507
49581
50481
49508
49582
50482
49509
49583
50483
49510
49584
50484
49511
49585
50485
49512
49586
50486
49513
49587
50487
49514
49588
50488
49515
49589
50489
49516
49590
50490
49517
49591
50491
49518
49592
50492
49519
49593
50493
49520
49594
50494
49521
49595
50495
49522
49596
50496
49523
49597
50497
49524
49598
50498
49525
49599
50499
49526
49600
50500
49527
49601
50501
49528
49602
50502
49529
49603
50503
49530
49604
50504
49531
49605
50505
49532
49606
50506
49533
49607
50507
49534
49608
50508
49535
49609
50509
49536
49610
50510
49537
49611
50511
49538
49612
50512
49539
49613
50513
49540
49614
50514
49541
49615
50515
49542
49616
50516
49543
49617
50517
49544
49618
50518
49545
49619
50519
49546
49620
50520
49547
49621
50521
49548
49622
50522
49549
49623
50523
49550
49624
50524
49551
49625
50525
49552
49626
50526
49553
49627
50527
49554
49628
50528
49555
49629
50529
49556
49630
50530
49557
49631
50531
49558
49632
50532
49559
49633
50533
49560
49634
50534
49561
49635
50535
49562
49636
50536
49563
49637
50537
49564
49638
50538
49565
49639
50539
49566
49640
50540
49567
49641
50541
49568
49642
50542
49569
49643
50543
49570
49644
50544
49571
49645
50545
49572
49646
50546
49573
49647
50547
49574
49648
50548
49649
50549
49576
49650
50550
49577
49651
50551
49578
49652
50552
49579
49653
50553
49580
49654
50554
49581
49655
50555
49582
49656
50556
49583
49657
50557
49584
49658
50558
49585
49659
50559
49586
49660
50560
49587
49661
50561
49588
49662
50562
49589
49663
50563
49590
49664
50564
49591
49665
50565
49592
49666
50566
49593
49667
50567
49594
49668
50568
49595
49669
50569
49596
49670
50570
49597
49671
50571
49598
49672
50572
49599
49673
50573
49600
49674
50574
49601
49675
50575
49602
49676
50576
49603
49677
50577
49604
49678
50578
49605
49679
50579
49606
49680
50580
49607
49681
50581
49608
49682
50582
49609
49683
50583
49610
49684
50584
49611
49685
50585
49612
49686
50586
49613
49687
50587
49614
49688
50588
49615
49689
50589
49616
49690
50590
49617
49691
50591
49618
49692
50592
49619
49693
50593
49620
49694
50594
49621
49695
50595
49622
49696
50596
49623
49697
50597
49624
49698
50598
49625
49699
50599
49626
49700
50600
49627
49701
50601
49628
49702
50602
49629
49703
50603
49630
49704
50604
49631
49705
50605
49632
49706
50606
49633
49707
50607
49634
49708
50608
49635
49709
50609
49636
49710
50610
49637
49711
50611
49638
49712
50612
49639
49713
50613
49640
49714
50614
49641
49715
50615
49642
49716
50616
49643
49717
50617
49644
49718
50618
49645
49719
50619
49646
49720
50620
49647
49721
50621
49648
49722
50622
49649
49723
50623
49724
50624
49651
49725
50625
49652
49726
50626
49653
49727
50627
49654
49728
50628
49655
49729
50629
49656
49730
50630
49657
49731
50631
49658
49732
50632
49659
49733
50633
49660
49734
50634
49661
49735
50635
49662
49736
50636
49663
49737
50637
49664
49738
50638
49665
49739
50639
49666
49740
50640
49667
49741
50641
49668
49742
50642
49669
49743
50643
49670
49744
50644
49671
49745
50645
49672
49746
50646
49673
49747
50647
49674
49748
50648
49675
49749
50649
49676
49750
50650
49677
49751
50651
49678
49752
50652
49679
49753
50653
49680
49754
50654
49681
49755
50655
49682
49756
50656
49683
49757
50657
49684
49758
50658
49685
49759
50659
49686
49760
50660
49687
49761
50661
49688
49762
50662
49689
49763
50663
49690
49764
50664
49691
49765
50665
49692
49766
50666
49693
49767
50667
49694
49768
50668
49695
49769
50669
49696
49770
50670
49697
49771
50671
49698
49772
50672
49699
49773
50673
49700
49774
50674
49701
49775
50675
49702
49776
50676
49703
49777
50677
49704
49778
50678
49705
49779
50679
49706
49780
50680
49707
49781
50681
49708
49782
50682
49709
49783
50683
49710
49784
50684
49711
49785
50685
49712
49786
50686
49713
49787
50687
49714
49788
50688
49715
49789
50689
49716
49790
50690
49717
49791
50691
49718
49792
50692
49719
49793
50693
49720
49794
50694
49721
49795
50695
49722
49796
50696
49723
49797
50697
49724
49798
50698
49799
50699
49726
49800
50700
49727
49801
50701
49728
49802
50702
49729
49803
50703
49730
49804
50704
49731
49805
50705
49732
49806
50706
49733
49807
50707
49734
49808
50708
49735
49809
50709
49736
49810
50710
49737
49811
50711
49738
49812
50712
49739
49813
50713
49740
49814
50714
49741
49815
50715
49742
49816
50716
49743
49817
50717
49744
49818
50718
49745
49819
50719
49746
49820
50720
49747
49821
50721
49748
49822
50722
49749
49823
50723
49750
49824
50724
49751
49825
50725
49752
49826
50726
49753
49827
50727
49754
49828
50728
49755
49829
50729
49756
49830
50730
49757
49831
50731
49758
49832
50732
49759
49833
50733
49760
49834
50734
49761
49835
50735
49762
49836
50736
49763
49837
50737
49764
49838
50738
49765
49839
50739
49766
49840
50740
49767
49841
50741
49768
49842
50742
49769
49843
50743
49770
49844
50744
49771
49845
50745
49772
49846
50746
49773
49847
50747
49774
49848
50748
49775
49849
50749
49776
49850
50750
49777
49851
50751
49778
49852
50752
49779
49853
50753
49780
49854
50754
49781
49855
50755
49782
49856
50756
49783
49857
50757
49784
49858
50758
49785
49859
50759
49786
49860
50760
49787
49861
50761
49788
49862
50762
49789
49863
50763
49790
49864
50764
49791
49865
50765
49792
49866
50766
49793
49867
50767
49794
49868
50768
49795
49869
50769
49796
49870
50770
49797
49871
50771
49798
49872
50772
49799
49873
50773
49874
50774
49801
49875
50775
49802
49876
50776
49803
49877
50777
49804
49878
50778
49805
49879
50779
49806
49880
50780
49807
49881
50781
49808
49882
50782
49809
49883
50783
49810
49884
50784
49811
49885
50785
49812
49886
50786
49813
49887
50787
49814
49888
50788
49815
49889
50789
49816
49890
50790
49817
49891
50791
49818
49892
50792
49819
49893
50793
49820
49894
50794
49821
49895
50795
49822
49896
50796
49823
49897
50797
49824
49898
50798
49825
49899
50799
49826
49900
50800
49827
49901
50801
49828
49902
50802
49829
49903
50803
49830
49904
50804
49831
49905
50805
49832
49906
50806
49833
49907
50807
49834
49908
50808
49835
49909
50809
49836
49910
50810
49837
49911
50811
49838
49912
50812
49839
49913
50813
49840
49914
50814
49841
49915
50815
49842
49916
50816
49843
49917
50817
49844
49918
50818
49845
49919
50819
49846
49920
50820
49847
49921
50821
49848
49922
50822
49849
49923
50823
49850
49924
50824
49851
49925
50825
49852
49926
50826
49853
49927
50827
49854
49928
50828
49855
49929
50829
49856
49930
50830
49857
49931
50831
49858
49932
50832
49859
49933
50833
49860
49934
50834
49861
49935
50835
49862
49936
50836
49863
49937
50837
49864
49938
50838
49865
49939
50839
49866
49940
50840
49867
49941
50841
49868
49942
50842
49869
49943
50843
49870
49944
50844
49871
49945
50845
49872
49946
50846
49873
49947
50847
49874
49948
50848
49949
50849
49876
49950
50850
49877
49951
50851
49878
49952
50852
49879
49953
50853
49880
49954
50854
49881
49955
50855
49882
49956
50856
49883
49957
50857
49884
49958
50858
49885
49959
50859
49886
49960
50860
49887
49961
50861
49888
49962
50862
49889
49963
50863
49890
49964
50864
49891
49965
50865
49892
49966
50866
49893
49967
50867
49894
49968
50868
49895
49969
50869
49896
49970
50870
49897
49971
50871
49898
49972
50872
49899
49973
50873
49900
49974
50874
49901
49975
50875
49902
49976
50876
49903
49977
50877
49904
49978
50878
49905
49979
50879
49906
49980
50880
49907
49981
50881
49908
49982
50882
49909
49983
50883
49910
49984
50884
49911
49985
50885
49912
49986
50886
49913
49987
50887
49914
49988
50888
49915
49989
50889
49916
49990
50890
49917
49991
50891
49918
49992
50892
49919
49993
50893
49920
49994
50894
49921
49995
50895
49922
49996
50896
49923
49997
50897
49924
49998
50898
49925
49999
50899
49926
50000
50900
49927
50001
50901
49928
50002
50902
49929
50003
50903
49930
50004
50904
49931
50005
50905
49932
50006
50906
49933
50007
50907
49934
50008
50908
49935
50009
50909
49936
50010
50910
49937
50011
50911
49938
50012
50912
49939
50013
50913
49940
50014
50914
49941
50015
50915
49942
50016
50916
49943
50017
50917
49944
50018
50918
49945
50019
50919
49946
50020
50920
49947
50021
50921
49948
50022
50922
49949
50023
50923
50024
50924
49951
50925
49952
50926
49953
50927
49954
50928
49955
50929
49956
50930
49957
50931
49958
50932
49959
50933
49960
50934
49961
50935
49962
50936
49963
50937
49964
50938
49965
50939
49966
50940
49967
50941
49968
50942
49969
50943
49970
50944
49971
50945
49972
50946
49973
50947
49974
50948
49975
50949
49976
50950
49977
50951
49978
50952
49979
50953
49980
50954
49981
50955
49982
50956
49983
50957
49984
50958
49985
50959
49986
50960
49987
50961
49988
50962
49989
50963
49990
50964
49991
50965
49992
50966
49993
50967
49994
50968
49995
50969
49996
50970
49997
50971
49998
50972
49999
50973
50000
50974
50001
50975
50002
50976
50003
50977
50004
50978
50005
50979
50006
50980
50007
50981
50008
50982
50009
50983
50010
50984
50011
50985
50012
50986
50013
50987
50014
50988
50015
50989
50016
50990
50017
50991
50018
50992
50019
50993
50020
50994
50021
50995
50022
50996
50023
50997
50024
50998
50999
50026
50100
50027
50101
50028
50102
50029
50103
50030
50104
50031
50105
50032
50106
50033
50107
50034
50108
50035
50109
50036
50110
50037
50111
50038
50112
50039
50113
50040
50114
50041
50115
50042
50116
50043
50117
50044
50118
50045
50119
50046
50120
50047
50121
50048
50122
50049
50123
50050
50124
50051
50125
50052
50126
50053
50127
50054
50128
50055
50129
50056
50130
50057
50131
50058
50132
50059
50133
50060
50134
50061
50135
50062
50136
50063
50137
50064
50138
50065
50139
50066
50140
50067
50141
50068
50142
50069
50143
50070
50144
50071
50145
50072
50146
50073
50147
50074
50148
50075
50149
50076
50150
50077
50151
50078
50152
50079
50153
50080
50154
50081
50155
50082
50156
50083
50157
50084
50158
50085
50159
50086
50160
50087
50161
50088
50162
50089
50163
50090
50164
50091
50165
50092
50166
50093
50167
50094
50168
50095
50169
50096
50170
50097
50171
50098
50172
50099
50173
50174
50101
50175
50102
50176
50103
50177
50104
50178
50105
50179
50106
50180
50107
50181
50108
50182
50109
50183
50110
50184
50111
50185
50112
50186
50113
50187
50114
50188
50115
50189
50116
50190
50117
50191
50118
50192
50119
50193
50120
50194
50121
50195
50122
50196
50123
50197
50124
50198
50125
50199
50126
50200
50127
50201
50128
50202
50129
50203
50130
50204
50131
50205
50132
50206
50133
50207
50134
50208
50135
50209
50136
50210
50137
50211
50138
50212
50139
50213
50140
50214
50141
50215
50142
50216
50143
50217
50144
50218
50145
50219
50146
50220
50147
50221
50148
50222
50149
50223
50150
50224
50151
50225
50152
50226
50153
50227
50154
50228
50155
50229
50156
50230
50157
50231
50158
50232
50159
50233
50160
50234
50161
50235
50162
50236
50163
50237
50164
50238
50165
50239
50166
50240
50167
50241
50168
50242
50169
50243
50170
50244
50171
50245
50172
50246
50173
50247
50174
50248
50249
50176
50250
50177
50251
50178
50252
50179
50253
50180
50254
50181
50255
50182
50256
50183
50257
50184
50258
50185
50259
50186
50260
50187
50261
50188
50262
50189
50263
50190
50264
50191
50265
50192
50266
50193
50267
50194
50268
50195
50269
50196
50270
50197
50271
50198
50272
50199
50273
50200
50274
50201
50275
50202
50276
50203
50277
50204
50278
50205
50279
50206
50280
50207
50281
50208
50282
50209
50283
50210
50284
50211
50285
50212
50286
50213
50287
50214
50288
50215
50289
50216
50290
50217
50291
50218
50292
50219
50293
50220
50294
50221
50295
50222
50296
50223
50297
50224
50298
50225
50299
50226
50300
50227
50301
50228
50302
50229
50303
50230
50304
50231
50305
50232
50306
50233
50307
50234
50308
50235
50309
50236
50310
50237
50311
50238
50312
50239
50313
50240
50314
50241
50315
50242
50316
50243
50317
50244
50318
50245
50319
50246
50320
50247
50321
50248
50322
50249
50323
50324
50251
50325
50252
50326
50253
50327
50254
50328
50255
50329
50256
50330
50257
50331
50258
50332
50259
50333
50260
50334
50261
50335
50262
50336
50263
50337
50264
50338
50265
50339
50266
50340
50267
50341
50268
50342
50269
50343
50270
50344
50271
50345
50272
50346
50273
50347
50274
50348
50275
50349
50276
50350
50277
50351
50278
50352
50279
50353
50280
50354
50281
50355
50282
50356
50283
50357
50284
50358
50285
50359
50286
50360
50287
50361
50288
50362
50289
50363
50290
50364
50291
50365
50292
50366
50293
50367
50294
50368
50295
50369
50296
50370
50297
50371
50298
50372
50299
50373
50300
50374
50301
50375
50302
50376
50303
50377
50304
50378
50305
50379
50306
50380
50307
50381
50308
50382
50309
50383
50310
50384
50311
50385
50312
50386
50313
50387
50314
50388
50315
50389
50316
50390
50317
50391
50318
50392
50319
50393
50320
50394
50321
50395
50322
50396
50323
50397
50324
50398
50399
50326
50400
50327
50401
50328
50402
50329
50403
50330
50404
50331
50405
50332
50406
50333
50407
50334
50408
50335
50409
50336
50410
50337
50411
50338
50412
50339
50413
50340
50414
50341
50415
50342
50416
50343
50417
50344
50418
50345
50419
50346
50420
50347
50421
50348
50422
50349
50423
50350
50424
50351
50425
50352
50426
50353
50427
50354
50428
50355
50429
50356
50430
50357
50431
50358
50432
50359
50433
50360
50434
50361
50435
50362
50436
50363
50437
50364
50438
50365
50439
50366
50440
50367
50441
50368
50442
50369
50443
50370
50444
50371
50445
50372
50446
50373
50447
50374
50448
50375
50449
50376
50450
50377
50451
50378
50452
50379
50453
50380
50454
50381
50455
50382
50456
50383
50457
50384
50458
50385
50459
50386
50460
50387
50461
50388
50462
50389
50463
50390
50464
50391
50465
50392
50466
50393
50467
50394
50468
50395
50469
50396
50470
50397
50471
50398
50472
50399
50473
50474
50401
50475
50402
50476
50403
50477
50404
50478
50405
50479
50406
50480
50407
50481
50408
50482
50409
50483
50410
50484
50411
50485
50412
50486
50413
50487
50414
50488
50415
50489
50416
50490
50417
50491
50418
50492
50419
50493
50420
50494
50421
50495
50422
50496
50423
50497
50424
50498
50425
50499
50426
50500
50427
50501
50428
50502
50429
50503
50430
50504
50431
50505
50432
50506
50433
50507
50434
50508
50435
50509
50436
50510
50437
50511
50438
50512
50439
50513
50440
50514
50441
50515
50442
50516
50443
50517
50444
50518
50445
50519
50446
50520
50447
50521
50448
50522
50449
50523
50450
50524
50451
50525
50452
50526
50453
50527
50454
50528
50455
50529
50456
50530
50457
50531
50458
50532
50459
50533
50460
50534
50461
50535
50462
50536
50463
50537
50464
50538
50465
50539
50466
50540
50467
50541
50468
50542
50469
50543
50470
50544
50471
50545
50472
50546
50473
50547
50474
50548
50549
50476
50550
50477
50551
50478
50552
50479
50553
50480
50554
50481
50555
50482
50556
50483
50557
50484
50558
50485
50559
50486
50560
50487
50561
50488
50562
50489
50563
50490
50564
50491
50565
50492
50566
50493
50567
50494
50568
50495
50569
50496
50570
50497
50571
50498
50572
50499
50573
50500
50574
50501
50575
50502
50576
50503
50577
50504
50578
50505
50579
50506
50580
50507
50581
50508
50582
50509
50583
50510
50584
50511
50585
50512
50586
50513
50587
50514
50588
50515
50589
50516
50590
50517
50591
50518
50592
50519
50593
50520
50594
50521
50595
50522
50596
50523
50597
50524
50598
50525
50599
50526
50600
50527
50601
50528
50602
50529
50603
50530
50604
50531
50605
50532
50606
50533
50607
50534
50608
50535
50609
50536
50610
50537
50611
50538
50612
50539
50613
50540
50614
50541
50615
50542
50616
50543
50617
50544
50618
50545
50619
50546
50620
50547
50621
50548
50622
50549
50623
50624
50551
50625
50552
50626
50553
50627
50554
50628
50555
50629
50556
50630
50557
50631
50558
50632
50559
50633
50560
50634
50561
50635
50562
50636
50563
50637
50564
50638
50565
50639
50566
50640
50567
50641
50568
50642
50569
50643
50570
50644
50571
50645
50572
50646
50573
50647
50574
50648
50575
50649
50576
50650
50577
50651
50578
50652
50579
50653
50580
50654
50581
50655
50582
50656
50583
50657
50584
50658
50585
50659
50586
50660
50587
50661
50588
50662
50589
50663
50590
50664
50591
50665
50592
50666
50593
50667
50594
50668
50595
50669
50596
50670
50597
50671
50598
50672
50599
50673
50600
50674
50601
50675
50602
50676
50603
50677
50604
50678
50605
50679
50606
50680
50607
50681
50608
50682
50609
50683
50610
50684
50611
50685
50612
50686
50613
50687
50614
50688
50615
50689
50616
50690
50617
50691
50618
50692
50619
50693
50620
50694
50621
50695
50622
50696
50623
50697
50624
50698
50699
50626
50700
50627
50701
50628
50702
50629
50703
50630
50704
50631
50705
50632
50706
50633
50707
50634
50708
50635
50709
50636
50710
50637
50711
50638
50712
50639
50713
50640
50714
50641
50715
50642
50716
50643
50717
50644
50718
50645
50719
50646
50720
50647
50721
50648
50722
50649
50723
50650
50724
50651
50725
50652
50726
50653
50727
50654
50728
50655
50729
50656
50730
50657
50731
50658
50732
50659
50733
50660
50734
50661
50735
50662
50736
50663
50737
50664
50738
50665
50739
50666
50740
50667
50741
50668
50742
50669
50743
50670
50744
50671
50745
50672
50746
50673
50747
50674
50748
50675
50749
50676
50750
50677
50751
50678
50752
50679
50753
50680
50754
50681
50755
50682
50756
50683
50757
50684
50758
50685
50759
50686
50760
50687
50761
50688
50762
50689
50763
50690
50764
50691
50765
50692
50766
50693
50767
50694
50768
50695
50769
50696
50770
50697
50771
50698
50772
50699
50773
50774
50701
50775
50702
50776
50703
50777
50704
50778
50705
50779
50706
50780
50707
50781
50708
50782
50709
50783
50710
50784
50711
50785
50712
50786
50713
50787
50714
50788
50715
50789
50716
50790
50717
50791
50718
50792
50719
50793
50720
50794
50721
50795
50722
50796
50723
50797
50724
50798
50725
50799
50726
50800
50727
50801
50728
50802
50729
50803
50730
50804
50731
50805
50732
50806
50733
50807
50734
50808
50735
50809
50736
50810
50737
50811
50738
50812
50739
50813
50740
50814
50741
50815
50742
50816
50743
50817
50744
50818
50745
50819
50746
50820
50747
50821
50748
50822
50749
50823
50750
50824
50751
50825
50752
50826
50753
50827
50754
50828
50755
50829
50756
50830
50757
50831
50758
50832
50759
50833
50760
50834
50761
50835
50762
50836
50763
50837
50764
50838
50765
50839
50766
50840
50767
50841
50768
50842
50769
50843
50770
50844
50771
50845
50772
50846
50773
50847
50774
50848
50849
50776
50850
50777
50851
50778
50852
50779
50853
50780
50854
50781
50855
50782
50856
50783
50857
50784
50858
50785
50859
50786
50860
50787
50861
50788
50862
50789
50863
50790
50864
50791
50865
50792
50866
50793
50867
50794
50868
50795
50869
50796
50870
50797
50871
50798
50872
50799
50873
50800
50874
50801
50875
50802
50876
50803
50877
50804
50878
50805
50879
50806
50880
50807
50881
50808
50882
50809
50883
50810
50884
50811
50885
50812
50886
50813
50887
50814
50888
50815
50889
50816
50890
50817
50891
50818
50892
50819
50893
50820
50894
50821
50895
50822
50896
50823
50897
50824
50898
50825
50899
50826
50900
50827
50901
50828
50902
50829
50903
50830
50904
50831
50905
50832
50906
50833
50907
50834
50908
50835
50909
50836
50910
50837
50911
50838
50912
50839
50913
50840
50914
50841
50915
50842
50916
50843
50917
50844
50918
50845
50919
50846
50920
50847
50921
50848
50922
50849
50923
50924
50851
50925
50852
50926
50853
50927
50854
50928
50855
50929
50856
50930
50857
50931
50858
50932
50859
50933
50860
50934
50861
50935
50862
50936
50863
50937
50864
50938
50865
50939
50866
50940
50867
50941
50868
50942
50869
50943
50870
50944
50871
50945
50872
50946
50873
50947
50874
50948
50875
50949
50876
50950
50877
50951
50878
50952
50879
50953
50880
50954
50881
50955
50882
50956
50883
50957
50884
50958
50885
50959
50886
50960
50887
50961
50888
50962
50889
50963
50890
50964
50891
50965
50892
50966
50893
50967
50894
50968
50895
50969
50896
50970
50897
50971
50898
50972
50899
50973
50900
50974
50901
50975
50902
50976
50903
50977
50904
50978
50905
50979
50906
50980
50907
50981
50908
50982
50909
50983
50910
50984
50911
50985
50912
50986
50913
50987
50914
50988
50915
50989
50916
50990
50917
50991
50918
50992
50919
50993
50920
50994
50921
50995
50922
50996
50923
50997
50924
50998
50999
50926
50927
50928
50929
50930
50931
50932
50933
50934
50935
50936
50937
50938
50939
50940
50941
50942
50943
50944
50945
50946
50947
50948
50949
50950
50951
50952
50953
50954
50955
50956
50957
50958
50959
50960
50961
50962
50963
50964
50965
50966
50967
50968
50969
50970
50971
50972
50973
50974
50975
50976
50977
50978
50979
50980
50981
50982
50983
50984
50985
50986
50987
50988
50989
50990
50991
50992
50993
50994
50995
50996
50997
50998
50999
)


// ************************************************************************* //
